event_key,situation_id,made_at,confidence,n_independent,headline,source_urls,resolved_at,label
0b9c2d5e6f169775,situation.israel_iran_war_2025,2026-07-28T03:45:43+00:00,0.933,18,[GDELT] DJIBOUTI / SAUDI ARABIA: fight/clash signal,https://dailycaller.com/2026/07/27/iran-says-us-claims-about-negotiations-are-fabricated/|https://dailypioneer.com/news/4-palestinians-1-israeli-dead-after-west-bank-shooting|https://english.wafa.ps/Pages/Details/172901|https://english.wafa.ps/Pages/Details/172904|https://wrp.org.uk/news/israeli-soldiers-settlers-intensify-west-bank-offensive/|https://www.arabnews.com/node/2652493/middle-east|https://www.dailykos.com/stories/2026/7/27/800075505/community/russian-stuff-blowing-up/|https://www.dailymail.com/news/us-politics/article-16003741/US-spies-fear-Trumps-brutal-war-Iran-driven-new-leader-CLOSER-thermonuclear-warhead.html|https://www.democracynow.org/2026/7/27/headlines/israeli_settlers_torch_mosques_in_violent_attacks_on_palestinian_towns_and_villages_in_the_occupied_west_bank|https://www.foxnews.com/live-news/iran-war-trump-houthis-saudi-arabia-escalation-07-25-26,,
5a82e845ceb9a9ea,situation.israel_iran_war_2025,2026-07-28T03:45:43+00:00,0.875,4,[GDELT] ISRAEL / FINANCE MINIST: mass-violence signal,https://english.aawsat.com/world/5300599-israeli-generals-accuse-netanyahu-seeking-ignite-%E2%80%98third-intifada%E2%80%99|https://www.israelnationalnews.com/news/430896,,
517da069376b6908,situation.israel_iran_war_2025,2026-07-28T03:45:43+00:00,0.778,3,[GDELT] PRESIDENT / IRAN: assault signal,https://tribuneonlineng.com/how-young-saudi-prince-died-in-london-hotel-after-taking-cocktail-of-drugs/|https://www.aljazeera.com/news/2026/7/25/how-volker-turk-won-a-new-term-as-un-rights-chief-despite-israel-opposition|https://www.westhawaiitoday.com/2026/07/25/nation-world-news/trump-meets-with-top-advisers-as-he-weighs-a-major-escalation-in-iran/,,
53ac1c900f94914a,situation.israel_iran_war_2025,2026-07-28T03:45:43+00:00,0.307,1,"Lebanon: Israeli strikes ‘could amount to international crimes,’ warns Türk",https://news.un.org/feed/view/en/story/2026/07/1168034,,
872ad4287016943b,situation.israel_iran_war_2025,2026-07-28T03:45:43+00:00,0.307,1,UN slams Israel’s expansion of illegal settlements in occupied West Bank,https://www.aljazeera.com/news/2026/7/27/un-slams-israels-expansion-of-illegal-settlements-in-occupied-west-bank?traffic_source=rss,,
29da23a813e64f7f,situation.israel_iran_war_2025,2026-07-28T03:45:43+00:00,0.307,1,Iran war live: Trump touts ‘friendly talks’; Netanyahu arrives in US,https://www.aljazeera.com/news/liveblog/2026/7/28/iran-war-live-trump-touts-friendly-talks-netanyahu-arrives-in-us?traffic_source=rss,,
b32f1c0836955303,situation.israel_iran_war_2025,2026-07-28T03:45:43+00:00,0.307,1,Houthis want to copy Iran’s Hormuz control in the Red Sea: Yemeni FM,https://www.aljazeera.com/news/2026/7/28/houthis-want-to-copy-irans-hormuz-control-in-the-red-sea-yemeni-fm?traffic_source=rss,,
f2ad999786b33fb6,situation.israel_iran_war_2025,2026-07-28T03:45:43+00:00,0.307,1,Are the US and Iran heading towards a forever war?,https://www.aljazeera.com/video/upfront/2026/7/27/are-the-us-and-iran-heading-towards-a-forever-war?traffic_source=rss,,
428a66ae91f077c9,situation.israel_iran_war_2025,2026-07-28T03:45:43+00:00,0.307,1,Why have US-Lebanon direct flights been banned for 40 years?,https://www.aljazeera.com/video/newsfeed/2026/7/27/why-have-us-lebanon-direct-flights-been-banned-for-40-years?traffic_source=rss,,
d572810b348735e3,situation.israel_iran_war_2025,2026-07-28T03:45:43+00:00,0.307,1,UN eyeing potential Israeli war crimes in Lebanon,https://www.aljazeera.com/news/2026/7/27/un-eyeing-potential-israeli-war-crimes-in-lebanon?traffic_source=rss,,
f851814a7a4d640b,situation.israel_iran_war_2025,2026-07-28T03:45:43+00:00,0.307,1,Unreleased footage reveals Lindsey Graham’s push for war on Iran,https://www.aljazeera.com/video/newsfeed/2026/7/27/unreleased-footage-reveals-lindsey-grahams-push-for-war-on-iran?traffic_source=rss,,
a359434cd86aba59,situation.israel_iran_war_2025,2026-07-28T03:45:43+00:00,0.307,1,Has Burnham kept his promise to do better on Israel’s war on Gaza?,https://www.aljazeera.com/video/newsfeed/2026/7/27/has-burnham-kept-his-promise-to-do-better-on-israels-war-on-gaza?traffic_source=rss,,
97184b7401c828cd,situation.israel_iran_war_2025,2026-07-28T03:45:43+00:00,0.307,1,Hopes of return to diplomacy as US-Iran hold fire for third day,https://www.aljazeera.com/news/2026/7/27/hopes-of-return-to-diplomacy-as-us-iran-hold-fire-for-third-day?traffic_source=rss,,
eb9cacd9f83e93cf,situation.israel_iran_war_2025,2026-07-28T03:45:43+00:00,0.307,1,"As the US pauses the war with Iran, is Trump really running out of weapons?",https://www.bbc.co.uk/news/articles/c0qvnk2ezp7o?at_medium=RSS&at_campaign=rss,,
bf5e001c1c14b430,situation.israel_iran_war_2025,2026-07-28T03:45:43+00:00,0.307,1,Trump says Iran war talks taking place during lull in strikes,https://www.bbc.co.uk/news/articles/c62xn4vzmnpo?at_medium=RSS&at_campaign=rss,,
ffb17602ac7b8abe,situation.israel_iran_war_2025,2026-07-28T03:45:43+00:00,0.307,1,[GDELT] AUTHORITIES / MEDINA: fight/clash signal,https://www.whmi.com/news/fox/illegal-immigrant-accused-murdering-college-student-dials-hearing-from-hospital-bed,,
b5a0ff767f427d3e,situation.israel_iran_war_2025,2026-07-28T03:45:43+00:00,0.307,1,War on Iran: Phase II: Day 16,https://www.aljazeera.com/video/newsfeed/2026/7/27/war-on-iran-phase-ii-day-16?traffic_source=rss,,
d270014c0ef05a06,situation.israel_iran_war_2025,2026-07-28T03:45:43+00:00,0.307,1,Saudi Arabia defends against drone strikes from ‘Iran-backed’ groups,https://www.aljazeera.com/news/2026/7/27/saudi-arabia-defends-against-drone-strikes-from-iran-backed-groups?traffic_source=rss,,
0d38e43cb19599bd,situation.israel_iran_war_2025,2026-07-28T03:45:43+00:00,0.307,1,Lebanon’s displaced endure ‘exhaustion and despair’,https://www.aljazeera.com/video/newsfeed/2026/7/27/lebanons-displaced-endure-exhaustion-and?traffic_source=rss,,
f864aff1038c4b58,situation.israel_iran_war_2025,2026-07-28T03:45:43+00:00,0.307,1,Students and staff work to bring Islamic University of Gaza back to life,https://www.aljazeera.com/features/2026/7/27/students-staff-work-to-bring-the-islamic-university-of-gaza-back-to-life?traffic_source=rss,,
4e1178f9e814e30f,situation.israel_iran_war_2025,2026-07-28T03:45:43+00:00,0.307,1,Gaza student tops national exams despite war and displacement,https://www.aljazeera.com/video/newsfeed/2026/7/27/gaza-student-tops-national-exams-despite-war-and-displacement?traffic_source=rss,,
94248eb623de36a0,situation.israel_iran_war_2025,2026-07-28T03:45:43+00:00,0.307,1,"Israel’s approval of limited Gaza force a calculated manoeuvre, experts say",https://www.aljazeera.com/news/2026/7/27/israels-approval-of-limited-gaza-force-a-calculated-manoeuvre-experts-say?traffic_source=rss,,
ca7a216900fd800a,situation.israel_iran_war_2025,2026-07-28T03:45:43+00:00,0.307,1,"Five decades of Israeli covert strategy to push US, Iran into confrontation",https://www.aljazeera.com/opinions/2026/7/27/five-decades-of-israeli-covert-strategy-to-push-us-iran-into-confrontation?traffic_source=rss,,
02a3c7a388e8045c,situation.israel_iran_war_2025,2026-07-28T03:45:43+00:00,0.307,1,Why a new war in Yemen could be different for the Houthis,https://www.aljazeera.com/news/2026/7/27/why-a-new-war-in-yemen-could-be-different-for-the-houthis?traffic_source=rss,,
485bc1ab63219a4f,situation.israel_iran_war_2025,2026-07-28T03:45:43+00:00,0.307,1,How Israel uses settler-soldier terror to colonise the West Bank,https://www.aljazeera.com/opinions/2026/7/27/how-israel-uses-settler-soldier-terror-to-colonise-the-west-bank?traffic_source=rss,,
47e4b3a99c6900fd,situation.israel_iran_war_2025,2026-07-28T03:45:43+00:00,0.307,1,Iran: Currently no negotiations with the US,https://www.aljazeera.com/video/newsfeed/2026/7/27/iran-currently-no-negotiations-with-the-us?traffic_source=rss,,
08523ca276dbddb0,situation.israel_iran_war_2025,2026-07-28T03:45:43+00:00,0.307,1,Will UNESCO’s heritage listing halt Israeli plans for West Bank’s Sebastia?,https://www.aljazeera.com/news/2026/7/27/will-unescos-heritage-listing-halt-israeli-plans-for-west-banks-sebastia?traffic_source=rss,,
bbb422e6440856cd,situation.israel_iran_war_2025,2026-07-28T03:45:43+00:00,0.307,1,Oil price dives as US and Iran pause attacks,https://www.bbc.co.uk/news/articles/clyj834jn5lo?at_medium=RSS&at_campaign=rss,,
ef983685bb6e4b61,situation.israel_iran_war_2025,2026-07-28T03:45:43+00:00,0.307,1,More than 600 US military service members injured since Iran War began in February,https://www.bbc.co.uk/news/articles/c998pzd1e8xo?at_medium=RSS&at_campaign=rss,,
3568c9e577c0aaee,situation.israel_iran_war_2025,2026-07-28T03:45:43+00:00,0.307,1,Ukraine dismisses Iranian threats as Caspian Sea strike directly links wars,https://www.bbc.co.uk/news/articles/cwyj7yl0xndo?at_medium=RSS&at_campaign=rss,,
3786a1ac7072bc49,situation.israel_iran_war_2025,2026-07-28T03:45:43+00:00,0.307,1,U.S. jet fuel production rises after prices doubled in March,https://www.eia.gov/todayinenergy/detail.php?id=67764,,
6f0f89dbcc029fab,situation.israel_iran_war_2025,2026-07-28T03:45:43+00:00,0.307,1,UAE's exit from OPEC+ reduced the group's share of crude oil production and capacity,https://www.eia.gov/todayinenergy/detail.php?id=67804,,
d1077c626bd7fb89,situation.israel_iran_war_2025,2026-07-28T03:45:43+00:00,0.307,1,U.S. exports of crude oil and petroleum products reached record in April,https://www.eia.gov/todayinenergy/detail.php?id=67825,,
3611df6b2937da43,situation.israel_iran_war_2025,2026-07-28T03:45:43+00:00,0.307,1,Petroleum markets responded to disruptions in the Middle East in the second quarter,https://www.eia.gov/todayinenergy/detail.php?id=67865,,
8a5b7cd7bf9044a5,situation.israel_iran_war_2025,2026-07-28T03:45:43+00:00,0.307,1,Security Council LIVE: Spotlight on Syria as Guterres heads to Damascus,https://news.un.org/feed/view/en/story/2026/07/1167984,,
949d3782d42ebd4b,situation.israel_iran_war_2025,2026-07-28T03:45:43+00:00,0.307,1,Guterres calls for stepping up diplomatic efforts to end US-Iran conflict,https://news.un.org/feed/view/en/story/2026/07/1167989,,
893605f9f6fe14f6,situation.israel_iran_war_2025,2026-07-28T03:45:43+00:00,0.307,1,Thousands prevented from returning home to southern Lebanon,https://news.un.org/feed/view/en/story/2026/07/1168003,,
7da96f03307e3753,situation.israel_iran_war_2025,2026-07-28T03:45:43+00:00,0.307,1,Stranded seafarers remain trapped as Hormuz shipping stalls,https://news.un.org/feed/view/en/story/2026/07/1168004,,
c0ba03e2ca03817c,situation.israel_iran_war_2025,2026-07-28T03:45:43+00:00,0.307,1,Iran urged to stop protest-related executions,https://news.un.org/feed/view/en/story/2026/07/1168009,,
45a3c4b65d18ad39,situation.israel_iran_war_2025,2026-07-28T03:45:43+00:00,0.307,1,Middle East: UN warns against wider escalation after Houthi attacks in the Red Sea,https://news.un.org/feed/view/en/story/2026/07/1168016,,
41c11ce8e82c933f,situation.israel_iran_war_2025,2026-07-28T03:45:43+00:00,0.307,1,Trump says ‘it’s time’ for Saudi Arabia to normalise ties with Israel,https://www.aljazeera.com/news/2026/7/24/trump-says-its-time-for-saudi-arabia-to-normalise-ties-with-israel?traffic_source=rss,,
ba6eea3733a2284b,situation.israel_iran_war_2025,2026-07-28T03:45:43+00:00,0.307,1,Iran war live: Trump says US ‘locked and loaded’ as it seeks Iran talks,https://www.aljazeera.com/news/liveblog/2026/7/25/iran-war-live-trump-says-us-locked-and-loaded-as-it-seeks-iran-talks?traffic_source=rss,,
12863afcf78a0eb6,situation.israel_iran_war_2025,2026-07-28T03:45:43+00:00,0.307,1,Born too soon: Premature babies fight for survival in Gaza,https://www.aljazeera.com/features/2026/7/25/born-too-soon-premature-babies-fighting-for-survival-in-gaza?traffic_source=rss,,
60b4af800e277c5b,situation.israel_iran_war_2025,2026-07-28T03:45:43+00:00,0.307,1,Israel arrests dozens of Palestinians in West Bank amid settler attacks,https://www.aljazeera.com/news/2026/7/25/israel-arrests-dozens-of-palestinians-in-west-bank-amid-settler-attacks?traffic_source=rss,,
9fc385bf938c5ee5,situation.israel_iran_war_2025,2026-07-28T03:45:43+00:00,0.307,1,How Volker Turk won a new term as UN rights chief despite Israel opposition,https://www.aljazeera.com/news/2026/7/25/how-volker-turk-won-a-new-term-as-un-rights-chief-despite-israel-opposition?traffic_source=rss,,
2233218be23e5a30,situation.israel_iran_war_2025,2026-07-28T03:45:43+00:00,0.307,1,'What was their crime?': BBC visits Iran school where strike killed 120 children,https://www.bbc.co.uk/news/articles/cewrx0ldlkko?at_medium=RSS&at_campaign=rss,,
69030e87cc9599c3,situation.israel_iran_war_2025,2026-07-28T03:45:43+00:00,0.307,1,Houthi attacks raise fears of wider Middle East conflict and more global economic damage,https://www.bbc.co.uk/news/articles/cvgve0vxy1yo?at_medium=RSS&at_campaign=rss,,
247a7ea3a3ea3cfd,situation.israel_iran_war_2025,2026-07-28T03:45:43+00:00,0.307,1,Iran-backed Houthis claim missile attack on Saudi Arabia,https://www.bbc.co.uk/news/articles/cj9d27v70j1o?at_medium=RSS&at_campaign=rss,,
e3e7411905a94d30,situation.israel_iran_war_2025,2026-08-06T13:10:54+00:00,0.778,3,Iran and Oman swap proposals to manage Strait of Hormuz: What we know,https://www.aljazeera.com/news/2026/7/28/iran-and-oman-exchange-proposals-to-manage-strait-of-hormuz?traffic_source=rss|https://www.aljazeera.com/news/2026/7/29/iran-and-oman-swap-proposals-to-manage-strait-of-hormuz-what-we-know?traffic_source=rss,,
147751cec41869ba,situation.israel_iran_war_2025,2026-08-06T13:10:54+00:00,0.778,3,US treasury secretary says deal with Iran to reopen Hormuz could be sealed by Wednesday,https://www.timesofisrael.com/us-treasury-secretary-says-deal-with-iran-to-reopen-hormuz-could-be-sealed-by-wednesday/,,
638b0c04ad8b868d,situation.israel_iran_war_2025,2026-08-06T13:10:54+00:00,0.778,3,Clarksons Posts Record First-Half Profit as Hormuz Crisis Drives Shipping Boom,https://gcaptain.com/clarksons-posts-record-first-half-profit-as-hormuz-crisis-drives-shipping-boom/,,
ebbcfcac5ed00bc4,situation.israel_iran_war_2025,2026-08-06T13:10:54+00:00,0.778,3,Trump Says U.S. Controls Strait of Hormuz as Iran Denies Talks,https://gcaptain.com/trump-says-u-s-controls-strait-of-hormuz-as-iran-denies-talks/,,
27978c9b5d33da80,situation.israel_iran_war_2025,2026-08-06T13:10:54+00:00,0.778,3,Hormuz Tanker Traffic Stalls at Two-Month Low as Attacks Escalate,https://oilprice.com/Latest-Energy-News/World-News/Hormuz-Tanker-Traffic-Stalls-at-Two-Month-Low-as-Attacks-Escalate.html,,
af270a47f1ed7e99,situation.israel_iran_war_2025,2026-08-06T13:10:54+00:00,0.778,3,India's HPCL Snaps Up Nigerian Crude To Dodge The Hormuz Bottleneck,https://oilprice.com/Latest-Energy-News/World-News/Indias-HPCL-Snaps-Up-Nigerian-Crude-To-Dodge-The-Hormuz-Bottleneck.html,,
0b3d91c0e21a84d3,situation.israel_iran_war_2025,2026-08-06T13:10:54+00:00,0.778,3,"Rebuffing Trump, Iran insists no talks with US over Hormuz, strait staying closed",https://www.timesofisrael.com/rebuffing-trump-iran-insists-no-talks-with-us-over-hormuz-strait-staying-closed/,,
77ba7a520d4801bb,situation.israel_iran_war_2025,2026-08-06T13:10:54+00:00,0.778,3,Two Tankers With Saudi Oil Exit Red Sea Over Weekend,https://gcaptain.com/two-tankers-with-saudi-oil-exit-red-sea-over-weekend/,,
ac5b76e06c0addf7,situation.israel_iran_war_2025,2026-08-06T13:10:54+00:00,0.778,3,Greek LNG Ship Safely Clears Hormuz After Maritime Incident,https://oilprice.com/Latest-Energy-News/World-News/Greek-LNG-Ship-Safely-Clears-Hormuz-After-Maritime-Incident.html,,
d5e0c300f5845ec9,situation.israel_iran_war_2025,2026-08-06T13:10:54+00:00,0.778,3,Iran denies it asked Trump not to strike or agreed to deal to split control of Hormuz,https://www.timesofisrael.com/iran-denies-it-asked-trump-not-to-strike-or-agreed-to-deal-to-split-control-of-hormuz/,,
342455ef17b43b4a,situation.israel_iran_war_2025,2026-08-06T13:10:54+00:00,0.778,3,Rubio’s bypass plan: Can the world escape the Strait of Hormuz chokepoint?,https://www.aljazeera.com/economy/2026/8/2/rubios-bypass-plan-can-the-world-escape-the-strait-of-hormuz-chokepoint?traffic_source=rss,,
4e9aafb49bad9a8d,situation.israel_iran_war_2025,2026-08-06T13:10:54+00:00,0.778,3,Hormuz Oil Shuttling Trade Is Picking Up Again After Lull,https://gcaptain.com/hormuz-oil-shuttling-trade-is-picking-up-again-after-lull/,,
9aeb05e8034c2468,situation.israel_iran_war_2025,2026-08-06T13:10:54+00:00,0.778,3,GasLog LNG Carrier Damaged Exiting Hormuz as UKMTO Reports Two New Attacks,https://gcaptain.com/gaslog-lng-carrier-damaged-exiting-hormuz-as-ukmto-reports-two-new-attacks/,,
2782456f37c73c9d,situation.israel_iran_war_2025,2026-08-06T13:10:54+00:00,0.778,3,"Iran rejects Trump frozen funds plan, warns ships of Hormuz transit ban",https://www.aljazeera.com/video/newsfeed/2026/7/28/iran-rejects-trump-frozen-funds-plan-warns-ships-of-hormuz-transit-ban?traffic_source=rss,,
c60f510748400870,situation.israel_iran_war_2025,2026-08-06T13:10:54+00:00,0.778,3,Yemen’s Houthis claim missile attack on Saudi Arabia oil tanker,https://www.aljazeera.com/news/2026/7/28/yemens-houthis-claim-missile-attack-on-saudi-arabia-oil-tanker?traffic_source=rss|https://www.bbc.co.uk/news/articles/cj9d27v70j1o?at_medium=RSS&at_campaign=rss,,
f011ea76d23fe2b9,situation.israel_iran_war_2025,2026-08-06T13:10:54+00:00,0.583,2,Saudi Aramco’s Adjusted Profit Jumps 33% as Oil Prices Surge,https://oilprice.com/Latest-Energy-News/World-News/Saudi-Aramcos-Adjusted-Profit-Jumps-33-as-Oil-Prices-Surge.html,,
40b5be8c2fb542a7,situation.israel_iran_war_2025,2026-08-06T13:10:54+00:00,0.583,2,India Expands Oil Storage Sites After Shock Supply Disruption,https://oilprice.com/Latest-Energy-News/World-News/India-Expands-Oil-Storage-Sites-After-Shock-Supply-Disruption.html,,
c0c1b090f0dd5098,situation.israel_iran_war_2025,2026-08-06T13:10:54+00:00,0.583,2,Why are oil companies posting record profits amid Iran war disruption?,https://www.aljazeera.com/features/2026/8/4/why-are-oil-companies-posting-record-profits-amid-iran-war-disruption?traffic_source=rss,,
6539868911d008cc,situation.israel_iran_war_2025,2026-08-06T13:10:54+00:00,0.583,2,"Threat to oil tankers in Middle East  worst since start of Iran war, analysts say",https://www.bbc.co.uk/news/articles/cjrv0dy2e90o?at_medium=RSS&at_campaign=rss,,
706e032dbdbef853,situation.israel_iran_war_2025,2026-08-06T13:10:54+00:00,0.583,2,Oil prices fall as US officials raise hopes of a deal with Iran,https://www.bbc.co.uk/news/articles/cpw9v0gnzxwo?at_medium=RSS&at_campaign=rss,,
af28a7a5fa4dd3df,situation.israel_iran_war_2025,2026-08-06T13:10:54+00:00,0.583,2,Saudi Oil Reroutes Hit Capacity and Security Limits,https://oilprice.com/Energy/Crude-Oil/Saudi-Oil-Reroutes-Hit-Capacity-and-Security-Limits.html,,
e782e498185995b5,situation.israel_iran_war_2025,2026-08-06T13:10:54+00:00,0.583,2,Oil Prices Plunge 5% as Trump Halts Iran Strike Plans,https://oilprice.com/Latest-Energy-News/World-News/Oil-Prices-Plunge-5-as-Trump-Halts-Iran-Strike-Plans.html,,
cf099e2551ab0f42,situation.israel_iran_war_2025,2026-08-06T13:10:54+00:00,0.583,2,Kuwait Oil Production Surges as OPEC+ Completes Output Cut Reversal,https://oilprice.com/Latest-Energy-News/World-News/Kuwait-Oil-Production-Surges-as-OPEC-Completes-Output-Cut-Reversal.html,,
79e80f71e703519f,situation.israel_iran_war_2025,2026-08-06T13:10:54+00:00,0.583,2,Yemen’s Houthis Deny Plans To Impose Fees On Ships Sailing Through Red Sea,https://gcaptain.com/yemens-houthis-deny-plans-to-impose-fees-on-ships-sailing-through-red-sea/,,
98b87e8597b9a65d,situation.israel_iran_war_2025,2026-08-06T13:10:54+00:00,0.583,2,Suriname's $26 Billion Oil Bet Is Finally Paying Off,https://oilprice.com/Energy/Energy-General/Surinames-26-Billion-Oil-Bet-Is-Finally-Paying-Off.html,,
01cc8f66c84dd00f,situation.israel_iran_war_2025,2026-08-06T13:10:54+00:00,0.583,2,Saudis Push Maritime Coalition as Oil Finds Support,https://oilprice.com/Energy/Crude-Oil/Saudis-Push-Maritime-Coalition-as-Oil-Finds-Support.html,,
b866f1e528869e91,situation.israel_iran_war_2025,2026-08-06T13:10:54+00:00,0.583,2,China's crude oil imports fell in the second quarter,https://www.eia.gov/todayinenergy/detail.php?id=67905,,
3b42360772490731,situation.israel_iran_war_2025,2026-08-06T13:10:54+00:00,0.583,2,Yemen’s Houthis deny plan to charge ships transiting Red Sea,https://www.aljazeera.com/news/2026/8/1/yemens-houthis-deny-plan-to-charge-ships-transiting-red-sea?traffic_source=rss,,
37a68a7eeab39fcc,situation.israel_iran_war_2025,2026-08-06T13:10:54+00:00,0.583,2,Why is Saudi Arabia forming a coalition to protect the Red Sea?,https://www.aljazeera.com/news/2026/7/30/why-is-saudi-arabia-forming-a-coalition-to-protect-the-red-sea?traffic_source=rss,,
280eb67ba01184de,situation.israel_iran_war_2025,2026-08-06T13:10:54+00:00,0.933,59,[GDELT] ISRAEL / MEMBER OF PARLIAMENT: fight/clash signal,http://www.hngnews.com/nation_world/the-us-military-says-its-thwarted-an-iranian-missile-attack-on-american-troops-breaking-the/article_44b47b47-4cda-50d1-bf14-a7a726908e84.html|http://www.jpost.com/israel-news/benjamin-netanyahu/article-903927|https://albaniandailynews.com/news/us-and-iran-pause-strikes-for-third-night-to-make-space-for-talks-us-ambassador-says|https://dailycaller.com/2026/07/27/iran-says-us-claims-about-negotiations-are-fabricated/|https://dailycaller.com/2026/07/28/ukraine-hits-iranian-ship-after-influencer-visit/|https://dailypioneer.com/news/4-palestinians-1-israeli-dead-after-west-bank-shooting|https://dunyanews.tv/en/Event-Reporting/268|https://en.shafaqna.com/466771/gaza-university-is-looking-to-continue-education-of-palestinians-amid-war/|https://english.wafa.ps/Pages/Details/172901|https://english.wafa.ps/Pages/Details/173021,,
5a35e1d3091541a9,situation.israel_iran_war_2025,2026-08-06T13:10:54+00:00,0.933,9,[GDELT] ISRAEL / CIVILIAN: mass-violence signal,http://www.jpost.com/opinion/article-903843|https://english.aawsat.com/arab-world/5301239-israel-police-arrest-suspect-seen-attacking-palestinians-while-military-uniform|https://finance.yahoo.com/energy/articles/opec-raises-production-ceiling-doubts-133317856.html|https://imemc.org/article/pchr-israeli-extermination-of-palestinian-families-continues-by-targeting-homes-and-civilian-gatherings-in-gaza-strip/|https://imemc.org/article/west-bank-colonizers-attack-palestinians-burn-homes-soldiers-injure-two/|https://oswegocountytoday.com/opinion/letters-to-the-editor/children-pay-the-highest-price/|https://tribuneonlineng.com/how-young-saudi-prince-died-in-london-hotel-after-taking-cocktail-of-drugs/|https://www.aljazeera.com/news/2026/7/25/how-volker-turk-won-a-new-term-as-un-rights-chief-despite-israel-opposition|https://www.arabnews.com/node/2652623|https://www.westhawaiitoday.com/2026/07/25/nation-world-news/trump-meets-with-top-advisers-as-he-weighs-a-major-escalation-in-iran/,,
1e8da57d3b9ad015,situation.israel_iran_war_2025,2026-08-06T13:10:54+00:00,0.583,2,[GDELT] MILITARY FORCE / AHVAZ: fight/clash signal,https://english.wafa.ps/Pages/Details/172904|https://www.islamicinvitationturkey.com/great-satan-u-s-initiates-new-offensive-against-iran-southern-provinces-rocked-by-explosions/,,
10441c63f44ba964,situation.israel_iran_war_2025,2026-08-06T13:10:54+00:00,0.583,2,[GDELT] SECRETARY OF STATE / ISRAEL: assault signal,https://nuclear-news.net/2026/07/28/2-b1-uks-new-defence-minister-called-israel-rogue-state/|https://www.ncr-iran.org/en/news/iran-resistance/why-irans-regime-keeps-executing-young-dissidents-and-why-it-keeps-failing/,,
7e2456e304291934,situation.israel_iran_war_2025,2026-08-06T13:10:54+00:00,0.583,2,Trump says Iran talks taking place during pause in US military strikes,https://www.aljazeera.com/video/newsfeed/2026/7/28/trump-says-iran-talks-taking-place-during-pause-in-us-military-strikes?traffic_source=rss|https://www.bbc.co.uk/news/articles/c62xn4vzmnpo?at_medium=RSS&at_campaign=rss,,
e34d8eef5af7b7d6,situation.israel_iran_war_2025,2026-08-06T13:10:54+00:00,0.307,1,Trump flouts political risk to host Netanyahu’s seventh White House visit,https://www.aljazeera.com/news/2026/7/28/trump-flouts-political-risk-to-host-netanyahus-seventh-white-house-visit?traffic_source=rss|https://www.aljazeera.com/video/newsfeed/2026/7/29/trump-meets-netanyahu-for-a-record-seventh-white-house-visit?traffic_source=rss,,
f125c32ed1a9993f,situation.israel_iran_war_2025,2026-08-06T13:10:54+00:00,0.307,1,War on Iran: Phase II: Day 17,https://www.aljazeera.com/video/newsfeed/2026/7/27/war-on-iran-phase-ii-day-16?traffic_source=rss|https://www.aljazeera.com/video/newsfeed/2026/7/28/war-on-iran-phase-ii-day-17?traffic_source=rss,,
43286ffe4525b077,situation.israel_iran_war_2025,2026-08-06T13:10:54+00:00,0.307,1,IDF jails four additional soldiers over mass base walkout,https://www.timesofisrael.com/idf-jails-four-additional-soldiers-over-mass-base-walkout/,,
8f795f5c37b8e8fb,situation.israel_iran_war_2025,2026-08-06T13:10:54+00:00,0.307,1,"Settler extremists said to torch vehicles, cut electrical lines in West Bank raids",https://www.timesofisrael.com/settler-extremists-said-to-torch-vehicles-cut-electrical-lines-in-west-bank-raids/,,
5656447ec4b66ee8,situation.israel_iran_war_2025,2026-08-06T13:10:54+00:00,0.307,1,Daily Briefing Aug. 4: Banking on politics — Israel and the Palestinian financial crisis,https://www.timesofisrael.com/daily-briefing-aug-4-banking-on-politics-israel-and-the-palestinian-financial-crisis/,,
effe37f397511fec,situation.israel_iran_war_2025,2026-08-06T13:10:54+00:00,0.307,1,Live where nature meets the history of Jerusalem - Sponsored Content,https://toi.li/zAUjvz,,
24a7ffc81ea2e598,situation.israel_iran_war_2025,2026-08-06T13:10:54+00:00,0.307,1,Sorry not sorry? John Galliano exhibit at the Met sparks Jewish debate on repentance,https://www.timesofisrael.com/sorry-not-sorry-john-galliano-exhibit-at-the-met-sparks-jewish-debate-on-repentance/,,
c68c453851f2857c,situation.israel_iran_war_2025,2026-08-06T13:10:54+00:00,0.307,1,"After quitting Likud, Dan Illouz says party sold out principles to hang onto power",https://www.timesofisrael.com/after-quitting-likud-dan-illouz-says-party-sold-out-principles-to-hang-onto-power/,,
1773ac444cc92630,situation.israel_iran_war_2025,2026-08-06T13:10:54+00:00,0.307,1,"Israel, not Iran, is boxed in as Trump keeps chasing flimsy agreements",https://www.timesofisrael.com/israel-not-iran-is-boxed-in-as-trump-keeps-chasing-flimsy-agreements/,,
b375ab53e793756b,situation.israel_iran_war_2025,2026-08-06T13:10:54+00:00,0.307,1,"Elderly woman killed, two wounded after being run over by bus in Ashkelon",https://www.timesofisrael.com/elderly-woman-killed-two-wounded-after-being-run-over-by-bus-in-ashkelon/,,
2ee32f0d4f349ee4,situation.israel_iran_war_2025,2026-08-06T13:10:54+00:00,0.307,1,"Avi Nesher’s Oct. 7 retelling, ‘Our Loves,’ to screen at Toronto Film Festival",https://www.timesofisrael.com/avi-neshers-our-loves-to-screen-at-toronto-film-festival/,,
bd85456aa7ddbd50,situation.israel_iran_war_2025,2026-08-06T13:10:54+00:00,0.307,1,Coalition secures $82.6m for ultra-Orthodox education; opposition alleges ‘theft’,https://www.timesofisrael.com/coalition-secures-82-6m-for-ultra-orthodox-education-opposition-alleges-theft/,,
906950fc25e73177,situation.israel_iran_war_2025,2026-08-06T13:10:54+00:00,0.307,1,Israel-Lebanon talks kick off in Rome despite fierce Hezbollah opposition,https://www.timesofisrael.com/israel-lebanon-talks-kick-off-in-rome-despite-fierce-hezbollah-opposition/,,
3b8d91c79da6e3eb,situation.israel_iran_war_2025,2026-08-06T13:10:54+00:00,0.307,1,How Iran is Widening Its Pressure Campaign to Force U.S. Concessions,https://gcaptain.com/how-iran-is-widening-its-pressure-campaign-to-force-u-s-concessions/,,
eae4500410713a0d,situation.israel_iran_war_2025,2026-08-06T13:10:54+00:00,0.307,1,"Six Saudi Tankers Turn Away From Gulf of Aden, Ship-tracking Data Shows",https://gcaptain.com/six-saudi-tankers-turn-away-from-gulf-of-aden-ship-tracking-data-shows/,,
bc2826f5cf68c908,situation.israel_iran_war_2025,2026-08-06T13:10:54+00:00,0.307,1,"US Has Used ‘Virtually All’ of Its Long-Range Precision Missiles During Iran War, Sources Say",https://gcaptain.com/us-has-used-virtually-all-of-its-long-range-precision-missiles-during-iran-war-sources-say/,,
216128fb6d89ad1a,situation.israel_iran_war_2025,2026-08-06T13:10:54+00:00,0.307,1,Tanker Traffic Remains Subdued Despite Trump’s Talk of Peace,https://oilprice.com/Latest-Energy-News/World-News/Tanker-Traffic-Remains-Subdued-Despite-Trumps-Talk-of-Peace.html,,
b3b8f2d1b9667027,situation.israel_iran_war_2025,2026-08-06T13:10:54+00:00,0.307,1,"Israel violates Lebanese airspace, kills over two dozen in Gaza in weekend strikes",https://news.un.org/feed/view/en/story/2026/08/1168067,,
53692ba1d53f24f6,situation.israel_iran_war_2025,2026-08-06T13:10:54+00:00,0.307,1,Tech giant Palantir posts ‘otherworldly’ growth despite criticism over Gaza,https://www.aljazeera.com/news/2026/8/4/tech-giant-palantir-posts-otherworldly-growth-despite-criticism-over-gaza?traffic_source=rss,,
c743da6e7c4b52c3,situation.israel_iran_war_2025,2026-08-06T13:10:54+00:00,0.307,1,"‘One last chance’: The times Trump threatened Iran, said deal imminent",https://www.aljazeera.com/features/2026/8/4/one-last-chance-the-times-trump-threatened-iran-said-deal-imminent?traffic_source=rss,,
f1a3eeedfd53f8df,situation.israel_iran_war_2025,2026-08-06T13:10:54+00:00,0.307,1,"Misread as passive, the Gulf is quietly ending fifty years of dependence",https://www.aljazeera.com/opinions/2026/8/4/the-gulf-can-no-longer-outsource-its-security?traffic_source=rss,,
49328e4ab0151df4,situation.israel_iran_war_2025,2026-08-06T13:10:54+00:00,0.307,1,Why Israel’s economy hasn’t collapsed during a multi-front war,https://www.aljazeera.com/video/money-works/2026/8/4/why-israels-economy-hasnt-collapsed-during-a-multi-front-war?traffic_source=rss,,
a14d7a61bd659e32,situation.israel_iran_war_2025,2026-08-06T13:10:54+00:00,0.307,1,Can Pakistan keep US-Iran diplomacy alive as mistrust deepens?,https://www.aljazeera.com/news/2026/8/4/can-pakistan-keep-us-iran-diplomacy-alive-as-mistrust-deepens?traffic_source=rss,,
06cbd831db6ac118,situation.israel_iran_war_2025,2026-08-06T13:10:54+00:00,0.307,1,Seventh round of Israel-Lebanon talks begins – what’s on the agenda?,https://www.aljazeera.com/news/2026/8/4/seventh-round-of-israel-lebanon-talks-begins-whats-on-the-agenda?traffic_source=rss,,
d5def15ce11acd57,situation.israel_iran_war_2025,2026-08-06T13:10:54+00:00,0.307,1,Beirut port blast anniversary overshadowed by new wave of destruction,https://www.aljazeera.com/news/2026/8/4/beirut-port-blast-anniversary-overshadowed-by-new-wave-of-destruction?traffic_source=rss,,
187d63c8352b4670,situation.israel_iran_war_2025,2026-08-06T13:10:54+00:00,0.307,1,Did Iran hack water systems in seven US states?,https://www.bbc.co.uk/news/articles/c934dq95zpgo?at_medium=RSS&at_campaign=rss,,
a9fc44ade9233f6c,situation.israel_iran_war_2025,2026-08-06T13:10:54+00:00,0.307,1,"Revisiting Emma Goldman: Anarchism, Feminism…and Judaism? - Sponsored Content",https://toi.li/n0G1Sd,,
e6491dc117f05d08,situation.israel_iran_war_2025,2026-08-06T13:10:54+00:00,0.307,1,Israel’s Elections: Judaism on the Ballot - Sponsored Content,https://www.timesofisrael.com/spotlight/israels-elections-judaism-on-the-ballot/,,
5e39a2ec78d8df2f,situation.israel_iran_war_2025,2026-08-06T13:10:54+00:00,0.307,1,The Right to Belong: A Palestinian Perspective – with Rana Fahoum - Sponsored Content,https://www.timesofisrael.com/spotlight/the-right-to-belong-a-palestinian-perspective-with-rana-fahoum/,,
133c1499462a4ec1,situation.israel_iran_war_2025,2026-08-06T13:10:54+00:00,0.307,1,"Katz tries to walk back on-air removal of top general, as opposition, allies call to oust Katz",https://www.timesofisrael.com/katz-tries-to-walk-back-on-air-removal-of-top-general-as-opposition-allies-call-to-oust-katz/,,
f65fcd20ee50efdd,situation.israel_iran_war_2025,2026-08-06T13:10:54+00:00,0.307,1,Iran hangs two accused of spying for Israel as wartime executions ramp up,https://www.timesofisrael.com/iran-hangs-two-accused-of-spying-for-israel-as-wartime-executions-ramp-up/,,
3108ca583559bd0b,situation.israel_iran_war_2025,2026-08-06T13:10:54+00:00,0.307,1,"Nauru, 3rd smallest country, changes name to Naoero, reflecting native pronunciation",https://www.timesofisrael.com/nauru-3rd-smallest-country-changes-name-to-naoero-reflecting-native-pronunciation/,,
848fdfcf2f44786d,situation.israel_iran_war_2025,2026-08-06T13:10:54+00:00,0.307,1,Leaked Elbit documents reportedly show it was in talks to sell advanced drones to UAE,https://www.timesofisrael.com/leaked-elbit-documents-reportedly-show-it-was-in-talks-to-sell-uae-advanced-drones/,,
cf167f01d6fab2de,situation.israel_iran_war_2025,2026-08-06T13:10:54+00:00,0.307,1,Daily Briefing Aug. 3 – Israel in the dark as Trump adopts Saudi-first policy,https://www.timesofisrael.com/daily-briefing-aug-3-israel-in-the-dark-as-trump-adopts-saudi-first-policy/,,
0a0b2c7522242f2d,situation.israel_iran_war_2025,2026-08-06T13:10:54+00:00,0.307,1,"In world first, Israeli scientists find active ingredient in Viagra may stop cancer spread",https://www.timesofisrael.com/in-world-first-israeli-scientists-find-active-ingredient-in-viagra-may-stop-cancer-spread/,,
89d17a53894b398c,situation.israel_iran_war_2025,2026-08-06T13:10:54+00:00,0.307,1,Jewish groups condemn swastika graffiti on Maimonides statue in Cordoba,https://www.timesofisrael.com/jewish-groups-condemn-swastika-graffiti-on-maimonides-statue-in-cordoba/,,
8df72149989752fd,situation.israel_iran_war_2025,2026-08-06T13:10:54+00:00,0.307,1,"Despite Knesset recess, finance panel set to allocate millions to Haredim, settlements",https://www.timesofisrael.com/despite-knesset-recess-finance-panel-set-to-allocate-millions-to-haredim-settlements/,,
0a5e67183cc21685,situation.israel_iran_war_2025,2026-08-06T13:10:54+00:00,0.307,1,"Record Israeli emigration continued for third consecutive year in 2025, study finds",https://www.timesofisrael.com/record-israeli-emigration-continued-for-third-consecutive-year-in-2025-study-finds/,,
ae660b783ee23202,situation.israel_iran_war_2025,2026-08-06T13:10:54+00:00,0.307,1,Iran Says No Talks Are Under Way with United States After Trump Calls Off Attacks,https://gcaptain.com/iran-says-no-talks-are-under-way-with-united-states-after-trump-calls-off-attacks/,,
af295462d3f52c33,situation.israel_iran_war_2025,2026-08-06T13:10:54+00:00,0.307,1,How the Iran War Will Determine Britain's Economic Growth,https://oilprice.com/Energy/Energy-General/How-the-Iran-War-Will-Determine-Britains-Economic-Growth.html,,
f96e2a789c7e7e1e,situation.israel_iran_war_2025,2026-08-06T13:10:54+00:00,0.307,1,‘US backs off from Iran before markets open on weekdays’,https://www.aljazeera.com/video/newsfeed/2026/8/3/us-backs-off-from-iran-before-markets-open-on?traffic_source=rss,,
6bb144180daa5609,situation.israel_iran_war_2025,2026-08-06T13:10:54+00:00,0.307,1,Trump says new Iran negotiations starting: What we know,https://www.aljazeera.com/news/2026/8/3/trump-says-new-iran-negotiations-starting-what-we-know?traffic_source=rss,,
9a9bc32bd59bf5a7,situation.israel_iran_war_2025,2026-08-06T13:10:54+00:00,0.307,1,Israel defies Trump’s peace plan as it escalates deadly attacks on Gaza,https://www.aljazeera.com/news/2026/8/3/israel-defies-trumps-peace-plan-as-it-escalates-deadly-attacks-on-gaza?traffic_source=rss,,
0e530900a2c2ab8f,situation.israel_iran_war_2025,2026-08-06T13:10:54+00:00,0.307,1,Who will shape post-war Iran?,https://www.aljazeera.com/opinions/2026/8/3/who-will-shape-post-war-iran?traffic_source=rss,,
56bacb31176b69c2,situation.israel_iran_war_2025,2026-08-06T13:10:54+00:00,0.307,1,Uganda unveils statue of Israel PM's brother who died in Entebbe rescue mission,https://www.bbc.co.uk/news/articles/c9v471x89m3o?at_medium=RSS&at_campaign=rss,,
c5def914f4e9b1c2,situation.israel_iran_war_2025,2026-08-06T13:10:54+00:00,0.307,1,At least 13 killed in Israeli strikes on Gaza after Hamas agree disarmament deal,https://www.bbc.co.uk/news/articles/czjlvvkzj20o?at_medium=RSS&at_campaign=rss,,
644dc04ee344b65e,situation.israel_iran_war_2025,2026-08-06T13:10:54+00:00,0.307,1,Iran denies Trump's claim that new talks will begin on Monday,https://www.bbc.co.uk/news/articles/c23579jzv08o?at_medium=RSS&at_campaign=rss,,
2fe82027f9f9acc1,situation.israel_iran_war_2025,2026-08-06T13:10:54+00:00,0.307,1,Iran’s leadership vacuum leaves two factions battling for control over war’s aim,https://www.timesofisrael.com/irans-leadership-vacuum-leaves-two-factions-battling-for-control-over-wars-aim/,,
2279370a2ac64462,situation.israel_iran_war_2025,2026-08-06T13:10:54+00:00,0.307,1,Florida man arrested for throwing a brick through window of Sarasota synagogue,https://www.timesofisrael.com/florida-man-arrested-for-throwing-a-brick-through-window-of-sarasota-synagogue/,,
7f9d069d88e5f07b,situation.israel_iran_war_2025,2026-08-06T13:10:54+00:00,0.307,1,‘Tell Me Everything’ tops Ophir Awards nominations with highest-ever 16 nods,https://www.timesofisrael.com/tell-me-everything-tops-ophir-awards-nominations-with-highest-ever-16-nods/,,
5841145be77ca2bd,situation.israel_iran_war_2025,2026-08-06T13:10:54+00:00,0.307,1,A Limited opportunity: 16 private homes minutes outside of Jerusalem - Sponsored Content,https://toi.li/CMkUrN,,
86c5cc0a55330303,situation.israel_iran_war_2025,2026-08-06T13:10:54+00:00,0.307,1,Daily Briefing Aug. 2 – Saudis talk Trump down from Iran strike… for now,https://www.timesofisrael.com/daily-briefing-aug-2-saudis-talk-trump-down-from-iran-strike-for-now/,,
dab6cf3e989f86d5,situation.israel_iran_war_2025,2026-08-06T13:10:54+00:00,0.307,1,UHaifa International Master’s: Ask our students what it’s really like - Sponsored Content,https://toi.li/pIuiyL,,
f1f3de8cf82d12b6,situation.israel_iran_war_2025,2026-08-06T13:10:54+00:00,0.307,1,Teenagers allegedly beat an Arab bus driver unconscious overnight in Jerusalem,https://www.timesofisrael.com/teenagers-allegedly-beat-an-arab-bus-driver-unconscious-overnight-in-jerusalem/,,
98febe32fb8e40f9,situation.israel_iran_war_2025,2026-08-06T13:10:54+00:00,0.307,1,"Extreme heat wave across Europe fuels wildfires in France, Greece, drought in Hungary",https://www.timesofisrael.com/extreme-heat-wave-across-europe-fuels-wildfires-in-france-greece-drought-in-hungary/,,
20d578395eafdd1a,situation.israel_iran_war_2025,2026-08-06T13:10:54+00:00,0.307,1,"AI rabbis? Some NY Hasidic groups see new technology as a challenge, others as a tool",https://www.timesofisrael.com/ai-rabbis-some-ny-hasidic-groups-see-new-technology-as-a-challenge-others-as-a-tool/,,
a30b1bb929e5bd7c,situation.israel_iran_war_2025,2026-08-06T13:10:54+00:00,0.307,1,A Jewish MK on Ra’am’s slate could reshape the anti-Netanyahu coalition map,https://www.timesofisrael.com/a-jewish-mk-on-raams-slate-could-reshape-the-anti-netanyahu-coalition-map/,,
0dc4750a08d8df9a,situation.israel_iran_war_2025,2026-08-06T13:10:54+00:00,0.307,1,Senior minister says Israel not halting attacks in Gaza as 9 said killed in IDF strikes,https://www.timesofisrael.com/senior-minister-says-israel-not-halting-attacks-in-gaza-as-9-said-killed-in-idf-strikes/,,
94e8845eda91e61e,situation.israel_iran_war_2025,2026-08-06T13:10:54+00:00,0.307,1,Trump ‘cancels attack on Iran’ saying deal is near,https://www.aljazeera.com/video/newsfeed/2026/8/2/trump-cancels-attack-on-iran-saying-deal-is-near?traffic_source=rss,,
e2920235405ca67f,situation.israel_iran_war_2025,2026-08-06T13:10:54+00:00,0.307,1,"Why has Trump halted Iran attacks, and what is the deal he is hinting at?",https://www.aljazeera.com/news/2026/8/2/why-has-trump-halted-iran-attacks-and-what-is-the-deal-he-is-hinting-at?traffic_source=rss,,
c6b8e902a9e16b59,situation.israel_iran_war_2025,2026-08-06T13:10:54+00:00,0.307,1,Israel’s influence industry in the US,https://www.aljazeera.com/video/the-listening-post/2026/8/2/israels-influence-industry-in-the-us?traffic_source=rss,,
a67a3718a83782f3,situation.israel_iran_war_2025,2026-08-06T13:10:54+00:00,0.307,1,Yemen’s crumbling roads mean an arduous quest for water for Taiz villagers,https://www.aljazeera.com/features/2026/8/2/yemens-crumbling-roads-means-an-arduous-quest-for-water-for-taiz-villagers?traffic_source=rss,,
af5c376831e94ef8,situation.israel_iran_war_2025,2026-08-06T13:10:54+00:00,0.307,1,Trump cancels Iran strikes subject to deal being made 'rapidly',https://www.bbc.co.uk/news/articles/cjwx74qgld2o?at_medium=RSS&at_campaign=rss,,
9da2e1707acc07bc,situation.israel_iran_war_2025,2026-08-06T13:10:54+00:00,0.307,1,France and Italy tighten border controls amid Spanish migrant crisis,https://www.timesofisrael.com/france-and-italy-tighten-border-controls-amid-spanish-migrant-crisis/,,
7000dd877f159de4,situation.israel_iran_war_2025,2026-08-06T13:10:54+00:00,0.307,1,Firefighters in Greece struggle to save coastal resort as winds rage,https://www.timesofisrael.com/firefighters-in-greece-struggle-to-save-coastal-resort-as-winds-rage/,,
3246274b669beca0,situation.israel_iran_war_2025,2026-08-06T13:10:54+00:00,0.307,1,‘Double Indemnity’: Billy Wilder’s film noir masterpiece,https://www.timesofisrael.com/double-indemnity-billy-wilders-film-noir-masterpiece/,,
b740df5e75526b0b,situation.israel_iran_war_2025,2026-08-06T13:10:54+00:00,0.307,1,"Russia hits Ukrainian capital with ballistic missiles and drones, killing at least 9",https://www.timesofisrael.com/russia-hits-ukrainian-capital-with-ballistic-missiles-and-drones-killing-at-least-9/,,
9e3ba06926849b7b,situation.israel_iran_war_2025,2026-08-06T13:10:54+00:00,0.307,1,Haredi protesters try to force their way into Jerusalem cafe open on Shabbat,https://www.timesofisrael.com/haredi-protesters-clash-with-secular-patrons-at-jerusalem-cafe-open-on-shabbat/,,
958144dadb990ac9,situation.israel_iran_war_2025,2026-08-06T13:10:54+00:00,0.307,1,Jewish Democrats back Michigan AG Dana Nessel’s decision to skip state party convention,https://www.timesofisrael.com/jewish-democrats-back-michigan-ag-dana-nessels-decision-to-skip-state-party-convention/,,
4962ff3d6eb84412,situation.israel_iran_war_2025,2026-08-06T13:10:54+00:00,0.307,1,Trump said to order strikes aimed at forcing Iran’s surrender; US citizens told to be ready to leave Mideast,https://www.timesofisrael.com/trump-said-to-order-new-wave-of-iran-strikes-aimed-at-forcing-regimes-surrender/,,
e805315600cb03cc,situation.israel_iran_war_2025,2026-08-06T13:10:54+00:00,0.307,1,UEFA says it has lost confidence in FIFA’s Infantino after failed plan to privatize World Cup,https://www.timesofisrael.com/uefa-says-it-has-lost-confidence-in-fifas-infantino-after-failed-plan-to-privatize-world-cup/,,
5aea83173e7825d8,situation.israel_iran_war_2025,2026-08-06T13:10:54+00:00,0.307,1,"Meir Charash: Cyclist, father, and advocate who keeps on riding",https://www.timesofisrael.com/meir-charash-cyclist-father-and-advocate-who-keeps-on-riding/,,
0391d358c406449d,situation.israel_iran_war_2025,2026-08-06T13:10:54+00:00,0.307,1,"Settlers assault Palestinians, burn cars in overnight West Bank raid; no arrests",https://www.timesofisrael.com/settlers-assault-palestinians-burn-cars-in-overnight-west-bank-raid-no-arrests/,,
a739efb223982411,situation.israel_iran_war_2025,2026-08-06T13:10:54+00:00,0.307,1,Israeli officer moderately hurt in overnight clash with Hezbollah gunmen — army,https://www.timesofisrael.com/israeli-officer-moderately-hurt-in-overnight-clash-with-hezbollah-gunmen-army/,,
8b25d04cc1208326,situation.israel_iran_war_2025,2026-08-06T13:10:54+00:00,0.307,1,Ukraine Is Now Targeting Iranian Shipping in the Caspian Sea,https://oilprice.com/Geopolitics/Europe/Ukraine-Is-Now-Targeting-Iranian-Shipping-in-the-Caspian-Sea.html,,
3d202424c348cc34,situation.israel_iran_war_2025,2026-08-06T13:10:54+00:00,0.307,1,Exxon and Chevron’s $26.5 Billion Quarter Draws Trump’s Ire,https://oilprice.com/Latest-Energy-News/World-News/Exxon-and-Chevrons-265-Billion-Quarter-Draws-Trumps-Ire.html,,
c16a9e09f2edbc72,situation.israel_iran_war_2025,2026-08-06T13:10:54+00:00,0.307,1,Why Trump’s Trade Threat Puts Spain’s Energy Security on the Line,https://oilprice.com/Energy/Energy-General/Why-Trumps-Trade-Threat-Puts-Spains-Energy-Security-on-the-Line.html,,
8d9f8e916bcb4aed,situation.israel_iran_war_2025,2026-08-06T13:10:54+00:00,0.307,1,"World News in Brief: Rohingya refugees, Bahá’ís in Iran, disarmament in the Central African Republic",https://news.un.org/feed/view/en/story/2026/07/1168049,,
bca7e8c09804772f,situation.israel_iran_war_2025,2026-08-06T13:10:54+00:00,0.307,1,Middle East crisis: Humanitarian fallout ‘worsening by the day’,https://news.un.org/feed/view/en/story/2026/07/1168055,,
e215a0b1141e6623,situation.israel_iran_war_2025,2026-08-06T13:10:54+00:00,0.307,1,"Middle East: Civilian death toll climbs in Gaza, Lebanon and West Bank as UN chief demands ‘the fighting must stop’",https://news.un.org/feed/view/en/story/2026/07/1168062,,
b49da7e01f392a47,situation.israel_iran_war_2025,2026-08-06T13:10:54+00:00,0.307,1,Iranian Kurdish parties in Iraq face a delicate balance amid Iran attacks,https://www.aljazeera.com/news/2026/8/1/iranian-kurdish-parties-in-iraq-face-a-delicate-balance-amid-iran-attacks?traffic_source=rss,,
35b0a286a30460f0,situation.israel_iran_war_2025,2026-08-06T13:10:54+00:00,0.307,1,Iran: The Making of a War,https://www.aljazeera.com/video/featured-documentaries/2026/8/1/iran-the-making-of-a-war?traffic_source=rss,,
2ffb29b802376e34,situation.israel_iran_war_2025,2026-08-06T13:10:54+00:00,0.307,1,Iran warns against ‘flames of war’ amid US strike threats on energy sites,https://www.aljazeera.com/news/2026/8/1/iran-warns-against-fire-of-war-amid-us-strike-threats-on-energy-sites?traffic_source=rss,,
d8bcc16aa0139c39,situation.israel_iran_war_2025,2026-08-06T13:10:54+00:00,0.307,1,Is Spain being punished?,https://www.aljazeera.com/opinions/2026/8/1/is-spain-being-punished?traffic_source=rss,,
848cfd4622d254d5,situation.israel_iran_war_2025,2026-08-06T13:10:54+00:00,0.307,1,Why limited war with the US may suit Iran better than peace,https://www.bbc.co.uk/news/articles/c78gnyq3wvdo?at_medium=RSS&at_campaign=rss,,
c14bb5334565770d,situation.israel_iran_war_2025,2026-08-06T13:10:54+00:00,0.307,1,Death row inmates desperate to escape execution in Saudi Arabia call the BBC,https://www.bbc.co.uk/news/articles/c80nkgdnl4no?at_medium=RSS&at_campaign=rss,,
5b1b03eb2078206e,situation.israel_iran_war_2025,2026-08-06T13:10:54+00:00,0.307,1,"India’s arms sale to Israel risks complicity in Gaza genocide, Amnesty says",https://www.aljazeera.com/news/2026/7/30/indias-arms-sale-to-israel-risks-complicity-in-gaza-genocide-amnesty-says?traffic_source=rss,,
5e90759d81409752,situation.israel_iran_war_2025,2026-08-06T13:10:54+00:00,0.307,1,Is Israel repeating the Crusaders’ fatal mistake?,https://www.aljazeera.com/video/deja-vu-2/2026/7/30/is-israel-repeating-the-crusaders-fatal-mistake?traffic_source=rss,,
b4ac21f7caaaaa26,situation.israel_iran_war_2025,2026-08-06T13:10:54+00:00,0.307,1,US strikes cause extensive damage on Iran’s Qeshm Island,https://www.aljazeera.com/video/newsfeed/2026/7/30/us-strikes-cause-extensive-damage-on-irans-qeshm-island?traffic_source=rss,,
45a021f2735b1bac,situation.israel_iran_war_2025,2026-08-06T13:10:54+00:00,0.307,1,Saudi Arabia confirmed to host Asian Champions League Elite finals,https://www.aljazeera.com/sports/2026/7/30/saudi-arabia-confirmed-to-host-asian-champions-league-elite-finals?traffic_source=rss,,
cea10389d2735a50,situation.israel_iran_war_2025,2026-08-06T13:10:54+00:00,0.307,1,US hits multiple targets in Iran as IRGC pledges retaliation: What we know,https://www.aljazeera.com/news/2026/7/30/us-hits-multiple-targets-in-iran-as-irgc-pledges-retaliation-what-we-know?traffic_source=rss,,
aef5a171681c7e23,situation.israel_iran_war_2025,2026-08-06T13:10:54+00:00,0.307,1,How does a safe zone in Lebanon become a target three times?,https://www.aljazeera.com/video/by-the-numbers-3/2026/7/30/how-does-a-safe-zone-in-lebanon-become-a-target-three-times?traffic_source=rss,,
a5ee7bb2d06179a1,situation.israel_iran_war_2025,2026-08-06T13:10:54+00:00,0.307,1,Saudi Arabia's dilemma as it tries to stay out of US-Iran war,https://www.bbc.co.uk/news/articles/clyx83l8jv8o?at_medium=RSS&at_campaign=rss,,
37255ede712666de,situation.israel_iran_war_2025,2026-08-06T13:10:54+00:00,0.307,1,US launches 'heavy' strikes on Iran after attempted attack on American troops,https://www.bbc.co.uk/news/articles/c74gwdzywmeo?at_medium=RSS&at_campaign=rss,,
821791f107b124e0,situation.israel_iran_war_2025,2026-08-06T13:10:54+00:00,0.307,1,"Israel kills Palestinian, destroys mosque in Gaza",https://www.aljazeera.com/news/2026/7/29/israel-kills-palestinian-destroys-mosque-in-gaza?traffic_source=rss,,
8ff0377ad8b4cb85,situation.israel_iran_war_2025,2026-08-06T13:10:54+00:00,0.307,1,Iran missiles target US forces in Jordan after a five-day pause in war,https://www.aljazeera.com/video/newsfeed/2026/7/29/iran-missiles-target-us-forces-in-jordan-after-a-five-day-pause-in-war?traffic_source=rss,,
42a1706a9bf2a43d,situation.israel_iran_war_2025,2026-08-06T13:10:54+00:00,0.307,1,Iran attacks US bases in Middle East as Trump meets Netanyahu,https://www.aljazeera.com/news/2026/7/29/iran-attacks-us-bases-in-middle-east-as-trump-meets-netanyahu?traffic_source=rss,,
02f8bbc5c0e87fd2,situation.israel_iran_war_2025,2026-08-06T13:10:54+00:00,0.307,1,US and Saudi Arabia strike ‘Iran-aligned’ groups in Iraq,https://www.aljazeera.com/video/newsfeed/2026/7/29/us-and-saudi-arabia-strike-iran-aligned-groups-in-iraq?traffic_source=rss,,
eb29697d5f189f2a,situation.israel_iran_war_2025,2026-08-06T13:10:54+00:00,0.307,1,‘Iran attacks now to send message as US assets build up in Israel’,https://www.aljazeera.com/video/newsfeed/2026/7/29/iran-attacks-now-to-send-message-as-us-assets-build-up-in?traffic_source=rss,,
e712618f8e880e12,situation.israel_iran_war_2025,2026-08-06T13:10:54+00:00,0.307,1,"Iran hits US in Jordan, US-Saudi strikes on Iraq: Is war spreading?",https://www.aljazeera.com/news/2026/7/29/iran-hits-us-in-jordan-us-saudi-strikes-on-iraq-is-war-spreading?traffic_source=rss,,
95ed37ba0072c1c6,situation.israel_iran_war_2025,2026-08-06T13:10:54+00:00,0.307,1,Zelensky and Netanyahu meet Trump as wars in Ukraine and Iran drag on,https://www.bbc.co.uk/news/articles/cj4k2z8z45ro?at_medium=RSS&at_campaign=rss,,
3be142064eb3bcc0,situation.israel_iran_war_2025,2026-08-06T13:10:54+00:00,0.307,1,Saudi Arabia joins US in strikes on Iran-backed militias in Iraq,https://www.bbc.co.uk/news/articles/c70g6y24d76o?at_medium=RSS&at_campaign=rss,,
f52e530ea4dc71a7,situation.israel_iran_war_2025,2026-08-06T13:10:54+00:00,0.307,1,"How US defence aid shaped Israel’s military developments since Oct 7, 2023",https://www.aljazeera.com/economy/2026/7/28/how-us-defence-aid-shaped-israels-military-developments-since-oct-7-2023?traffic_source=rss,,
657e8677ea1b761d,situation.israel_iran_war_2025,2026-08-06T13:10:54+00:00,0.307,1,Kyiv warns Iran against escalation after Ukraine’s Caspian Sea attack,https://www.aljazeera.com/news/2026/7/28/kyiv-warns-iran-against-escalation-after-ukraines-caspian-sea-attack?traffic_source=rss,,
6a48dafac7895eca,situation.israel_iran_war_2025,2026-08-06T13:10:54+00:00,0.307,1,[GDELT] SENATOR / IRAN: sanctions/embargo signal,https://abcnews.com/Politics/senate-move-russia-sanctions-bill-named-after-sen/story?id=135151693,,
a20381152b89a5f5,situation.israel_iran_war_2025,2026-08-06T13:10:54+00:00,0.307,1,"Lindsey Graham ‘almost cried’ tears of joy over war on Iran, footage shows",https://www.aljazeera.com/news/2026/7/28/lindsey-graham-almost-cried-tears-of-joy-over-war-on-iran-footage-shows?traffic_source=rss,,
f4cced2c5d90d0ee,situation.israel_iran_war_2025,2026-08-06T13:10:54+00:00,0.307,1,‘The dream I carried is gone’: Miscarriages rise amid trauma of Gaza’s war,https://www.aljazeera.com/features/2026/7/28/the-dream-i-carried-is-gone-miscarriages-rise-amid-trauma-of-gazas-war?traffic_source=rss,,
0b0e637b6731c363,situation.israel_iran_war_2025,2026-08-06T13:10:54+00:00,0.307,1,"Security Council LIVE: Updates on Gaza, West Bank amid regional tensions",https://news.un.org/feed/view/en/story/2026/07/1168037,,
0f68f6c4dddccd0d,situation.israel_iran_war_2025,2026-08-06T13:10:54+00:00,0.307,1,Trump expresses frustration with Netanyahu before White House meeting,https://www.aljazeera.com/news/2026/7/28/trump-expresses-frustration-with-netanyahu-before-white-house-meeting?traffic_source=rss,,
993a2c0e7139c0db,situation.israel_iran_war_2025,2026-08-06T13:10:54+00:00,0.307,1,Is Netanyahu’s Trump card losing its power in Israel?,https://www.aljazeera.com/news/2026/7/28/is-netanyahus-trump-card-losing-its-power-in-israel?traffic_source=rss,,
ec99be720770fcac,situation.israel_iran_war_2025,2026-08-06T13:10:54+00:00,0.307,1,Why has Iran’s economy not collapsed under US war pressure?,https://www.aljazeera.com/economy/2026/7/28/why-has-irans-economy-not-collapsed-under-us-war-pressure?traffic_source=rss,,
3e322af6ff1797d1,situation.israel_iran_war_2025,2026-08-06T13:10:54+00:00,0.307,1,Trump says ‘good chance’ of progress in Iran talks. What we know,https://www.aljazeera.com/news/2026/7/28/trump-says-good-chance-of-progress-in-iran-talks-what-we-know?traffic_source=rss,,
5f3ede295a270b02,situation.israel_iran_war_2025,2026-08-06T13:10:54+00:00,0.307,1,Why London’s Hackney Council wants to repeal its ‘twin’ status with Haifa,https://www.aljazeera.com/news/2026/7/28/why-londons-hackney-council-wants-to-repeal-its-twin-status-with-haifa?traffic_source=rss,,
47cbce2eefcee2b5,situation.israel_iran_war_2025,2026-08-06T13:10:54+00:00,0.307,1,"Sixty Palestinians detained by Israel return to Gaza, describe abuses",https://www.aljazeera.com/news/2026/7/28/sixty-palestinians-detained-by-israel-return-to-gaza-describe-abuses?traffic_source=rss,,
c50e1c38d1066dc6,situation.israel_iran_war_2025,2026-08-06T13:10:54+00:00,0.307,1,Why Netanyahu's visit with Trump at the White House is high-stakes,https://www.bbc.co.uk/news/videos/c98v94dmmz0o?at_medium=RSS&at_campaign=rss,,
b0104ebd6a92fe64,situation.israel_iran_war_2025,2026-08-06T13:10:54+00:00,0.307,1,Ukraine’s Zelenskyy set to meet Trump as Iran and Ukraine wars converge,https://www.aljazeera.com/news/2026/7/28/ukraines-zelenskyy-set-to-meet-trump-as-iran-and-ukraine-wars-converge?traffic_source=rss,,
1e2cb29b9f68fa5f,situation.israel_iran_war_2025,2026-08-06T13:10:54+00:00,0.307,1,Israeli ex-generals urge Trump to push Netanyahu on ‘settler terror’,https://www.aljazeera.com/news/2026/7/28/israeli-ex-generals-urge-trump-to-push-netanyahu-on-settler-terror?traffic_source=rss,,
82eee87f6f851165,situation.russia_ukraine_war,2026-08-06T13:10:54+00:00,0.778,3,Greek LNG Ship Safely Clears Hormuz After Maritime Incident,https://oilprice.com/Latest-Energy-News/World-News/Greek-LNG-Ship-Safely-Clears-Hormuz-After-Maritime-Incident.html,,
b1d7d1d4c0a9dfaf,situation.russia_ukraine_war,2026-08-06T13:10:54+00:00,0.583,2,"Russia Is Running Out of Soldiers, Oil, and Time",https://oilprice.com/Energy/Energy-General/Russia-Is-Running-Out-of-Soldiers-Oil-and-Time.html,,
82fd9fb796d5ee49,situation.russia_ukraine_war,2026-08-06T13:10:54+00:00,0.583,2,India Expands Oil Storage Sites After Shock Supply Disruption,https://oilprice.com/Latest-Energy-News/World-News/India-Expands-Oil-Storage-Sites-After-Shock-Supply-Disruption.html,,
5b07af4d5a094b66,situation.russia_ukraine_war,2026-08-06T13:10:54+00:00,0.583,2,Russia Assembles Unprecedented Arctic Oil Convoy to Bypass Global Shipping Hotspots,https://gcaptain.com/russia-assembles-unprecedented-arctic-oil-convoy-to-bypass-global-shipping-hotspots/,,
24b9c56ed15f2ea5,situation.russia_ukraine_war,2026-08-06T13:10:54+00:00,0.583,2,India’s Imports of Russian Crude Hit New High in July,https://oilprice.com/Latest-Energy-News/World-News/Indias-Imports-of-Russian-Crude-Hit-New-High-in-July.html,,
381dc84799416149,situation.russia_ukraine_war,2026-08-06T13:10:54+00:00,0.583,2,Suriname's $26 Billion Oil Bet Is Finally Paying Off,https://oilprice.com/Energy/Energy-General/Surinames-26-Billion-Oil-Bet-Is-Finally-Paying-Off.html,,
80dd166728ab41b0,situation.russia_ukraine_war,2026-08-06T13:10:54+00:00,0.583,2,Ukraine Strikes Lukoil's Volgograd Refinery as Drone Attacks Resume,https://oilprice.com/Latest-Energy-News/World-News/Ukraine-Strikes-Lukoils-Volgograd-Refinery-as-Drone-Attacks-Resume.html,,
d49f4341baaf5b21,situation.russia_ukraine_war,2026-08-06T13:10:54+00:00,0.583,2,Permian natural gas production increased faster than crude oil,https://www.eia.gov/todayinenergy/detail.php?id=67785,,
c70ddf68a349a6d3,situation.russia_ukraine_war,2026-08-06T13:10:54+00:00,0.583,2,The United States produced more crude oil than any other country in 2025,https://www.eia.gov/todayinenergy/detail.php?id=67844,,
c9654167450e8435,situation.russia_ukraine_war,2026-08-06T13:10:54+00:00,0.933,24,[GDELT] DEFENSE SECRETARY / RUSSIAN: fight/clash signal,https://abcnews.com/International/wireStory/nato-member-romania-shoots-stray-drones-ukraine-war-135145424|https://asia.nikkei.com/politics/ukraine-war/trump-zelenskyy-discuss-patriot-deal-and-reviving-talks-with-russia|https://dailycaller.com/2026/07/28/ukraine-hits-iranian-ship-after-influencer-visit/|https://globemagazine.com/kaylee-goncalves-family-slam-convicted-murderer-bryan-kohberger-amid-attempt-to-renege-guilty-plea/|https://theconversation.com/two-meetings-and-a-funeral-diplomacy-on-the-sidelines-of-lindsey-grahams-memorial-service-288567|https://www.aol.co.uk/articles/ukraine-war-briefing-disastrous-drone-015111000.html|https://www.arabnews.com/node/2652626/middle-east|https://www.azernews.az/region/261642.html|https://www.breitbart.com/national-security/2026/08/01/nine-dead-as-russia-continues-missile-and-drone-strikes-on-kyiv/|https://www.bssnews.net/international/411028,,
e250e5214d11fae6,situation.russia_ukraine_war,2026-08-06T13:10:54+00:00,0.875,4,[GDELT] UKRAINIAN / RUSSIA: sanctions/embargo signal,https://economictimes.indiatimes.com/news/international/global-trends/us-senators-announce-deal-on-new-russia-iran-sanctions-bill/articleshow/132691105.cms|https://www.kmaland.com/ag/agri_news/farm-production-costs-mixed-last-year-soaring-in-2026/article_642e8c9b-ddd0-57c9-b7fb-a4dc687798d1.html|https://www.kyivpost.com/opinion/81209|https://www.theglobeandmail.com/world/article-us-senate-russia-sanctions-bill-lindsey-graham/,,
e498fa168353c613,situation.russia_ukraine_war,2026-08-06T13:10:54+00:00,0.583,2,Russia charges Telegram founder Pavel Durov with ‘aiding terrorism’,https://www.aljazeera.com/news/2026/7/29/russia-charges-telegram-founder-pavel-durov-with-aiding-terrorism?traffic_source=rss|https://www.bbc.co.uk/news/articles/cj4kexqkpzno?at_medium=RSS&at_campaign=rss,,
548b15d382d431da,situation.russia_ukraine_war,2026-08-06T13:10:54+00:00,0.583,2,[GDELT] UKRAINE / RUSSIA: assault signal,https://www.chronicle.lu/category/international/62626-russian-attacks-in-eastern-ukraine-kill-7-officials-say|https://www.naturalnews.com/2026-07-28-three-injured-ukranian-drone-strike-warehouses-st-petersburg.html,,
6609c6dc0c34b88f,situation.russia_ukraine_war,2026-08-06T13:10:54+00:00,0.583,2,[GDELT] RUSSIAN / UKRAINIAN: assault signal,http://www.rightspeak.net/2026/07/180-c-clashes-in-f-line-22-in.html|https://www.yahoo.com/news/articles/polands-tusk-calls-end-hate-112401824.html,,
f7002ea92c7735d7,situation.russia_ukraine_war,2026-08-06T13:10:54+00:00,0.307,1,EU Warship Boards Another Sanctioned Russian Shadow Fleet Tanker in Mediterranean,https://gcaptain.com/eu-warship-boards-another-sanctioned-russian-shadow-fleet-tanker-in-mediterranean/,,
b8482464403dee07,situation.russia_ukraine_war,2026-08-06T13:10:54+00:00,0.307,1,Nine killed in escalating long-range strikes between Russia and Ukraine,https://www.aljazeera.com/news/2026/8/4/nine-killed-in-escalating-long-range-strikes-between-russia-and-ukraine?traffic_source=rss,,
2806c0309a1ee697,situation.russia_ukraine_war,2026-08-06T13:10:54+00:00,0.307,1,Ukraine hits more Wildberries sites as strike kills five in Moscow region,https://www.bbc.co.uk/news/articles/c151pkww79zo?at_medium=RSS&at_campaign=rss,,
f8a6671b2ff9f292,situation.russia_ukraine_war,2026-08-06T13:10:54+00:00,0.307,1,EU Forces Board Sanctioned Russian ‘Shadow Fleet’ Tanker,https://gcaptain.com/eu-forces-board-sanctioned-russian-shadow-fleet-tanker/,,
c126f4300952a0af,situation.russia_ukraine_war,2026-08-06T13:10:54+00:00,0.307,1,Ukraine strikes Russia’s biggest retailer again,https://www.aljazeera.com/video/newsfeed/2026/8/3/08-03-2026-ukraine-strikes-wildberies-russia?traffic_source=rss,,
faebb2134e21d899,situation.russia_ukraine_war,2026-08-06T13:10:54+00:00,0.307,1,Outside the Moscow restaurant where bomb killed three,https://www.bbc.co.uk/news/articles/cdx8qp451lko?at_medium=RSS&at_campaign=rss,,
ca7c6696a6695bdf,situation.russia_ukraine_war,2026-08-06T13:10:54+00:00,0.307,1,Record Vaca Muerta Output Fails to Lift Argentina’s Wider Economy,https://oilprice.com/Energy/Crude-Oil/Record-Vaca-Muerta-Output-Fails-to-Lift-Argentinas-Wider-Economy.html,,
deae7ddd92f94cfd,situation.russia_ukraine_war,2026-08-06T13:10:54+00:00,0.307,1,"Recovery in Ukraine, one life at a time",https://news.un.org/feed/view/en/story/2026/08/1168053,,
4a97ec6dbd004223,situation.russia_ukraine_war,2026-08-06T13:10:54+00:00,0.307,1,"Russia hits Ukrainian capital with ballistic missiles and drones, killing at least 9",https://www.timesofisrael.com/russia-hits-ukrainian-capital-with-ballistic-missiles-and-drones-killing-at-least-9/,,
0ce91cef18a339cd,situation.russia_ukraine_war,2026-08-06T13:10:54+00:00,0.307,1,Italy Becomes EU’s Top LNG Importer as Purchases Elsewhere Lag,https://gcaptain.com/italy-becomes-eus-top-lng-importer-as-purchases-elsewhere-lag/,,
f42dcc46edf1c434,situation.russia_ukraine_war,2026-08-06T13:10:54+00:00,0.307,1,Ukraine Is Now Targeting Iranian Shipping in the Caspian Sea,https://oilprice.com/Geopolitics/Europe/Ukraine-Is-Now-Targeting-Iranian-Shipping-in-the-Caspian-Sea.html,,
2f0b6116a407423f,situation.russia_ukraine_war,2026-08-06T13:10:54+00:00,0.307,1,Exxon and Chevron’s $26.5 Billion Quarter Draws Trump’s Ire,https://oilprice.com/Latest-Energy-News/World-News/Exxon-and-Chevrons-265-Billion-Quarter-Draws-Trumps-Ire.html,,
4b6e9cf91b3dc9e4,situation.russia_ukraine_war,2026-08-06T13:10:54+00:00,0.307,1,Attacks ‘getting worse’: Deadly Russian strikes hit Ukrainian cities,https://news.un.org/feed/view/en/story/2026/07/1168052,,
4b6b964cc0bf13dc,situation.russia_ukraine_war,2026-08-06T13:10:54+00:00,0.307,1,"Nine killed in strikes on Kyiv, as Ukraine sinks Russian container ship",https://www.bbc.co.uk/news/articles/ce973yvk7pko?at_medium=RSS&at_campaign=rss,,
0ab4c26cc96e80da,situation.russia_ukraine_war,2026-08-06T13:10:54+00:00,0.307,1,Photos: Zelenskyy urges ‘protection of life’ amid deadly Russian attacks,https://www.aljazeera.com/gallery/2026/7/30/photos-zelenskyy-urges-protection-of-life-amid-deadly-russian-attacks?traffic_source=rss,,
3646520071e7af21,situation.russia_ukraine_war,2026-08-06T13:10:54+00:00,0.307,1,Poland says Russian missile breaches NATO airspace,https://www.aljazeera.com/video/newsfeed/2026/7/30/30-07-sv-lublin-air-sirens-pl?traffic_source=rss,,
a797ffdc4b64cb1e,situation.russia_ukraine_war,2026-08-06T13:10:54+00:00,0.307,1,Missile that left crater deep inside Poland was probably Russian - Polish PM,https://www.bbc.co.uk/news/articles/cwymkgenv2ro?at_medium=RSS&at_campaign=rss,,
fe39dfef910a71fb,situation.russia_ukraine_war,2026-08-06T13:10:54+00:00,0.307,1,Russian industrial sites on fire after Ukrainian drone attacks,https://www.aljazeera.com/news/2026/7/29/russian-industrial-sites-on-fire-after-ukrainian-drone-attacks?traffic_source=rss,,
13be80d69635f92c,situation.russia_ukraine_war,2026-08-06T13:10:54+00:00,0.307,1,Zelensky and Netanyahu meet Trump as wars in Ukraine and Iran drag on,https://www.bbc.co.uk/news/articles/cj4k2z8z45ro?at_medium=RSS&at_campaign=rss,,
cf6b1ef8b223f3a5,situation.russia_ukraine_war,2026-08-06T13:10:54+00:00,0.307,1,Kyiv warns Iran against escalation after Ukraine’s Caspian Sea attack,https://www.aljazeera.com/news/2026/7/28/kyiv-warns-iran-against-escalation-after-ukraines-caspian-sea-attack?traffic_source=rss,,
800d98f18342f0b6,situation.russia_ukraine_war,2026-08-06T13:10:54+00:00,0.307,1,Ukraine’s Zelenskyy hails ‘good meeting’ with Trump at White House,https://www.aljazeera.com/news/2026/7/28/ukraines-zelenskyy-hails-good-meeting-with-trump-at-white-house?traffic_source=rss,,
41e9a58d3489b5c1,situation.russia_ukraine_war,2026-08-06T13:10:54+00:00,0.307,1,"US walks out on France at UN over North Korea, Russia comparison",https://www.aljazeera.com/video/newsfeed/2026/7/28/us-walks-out-on-france-at-un-over-north-korea-russia-comparison?traffic_source=rss,,
e4adaae2d986f45d,situation.russia_ukraine_war,2026-08-06T13:10:54+00:00,0.307,1,Zelensky to press Trump on air defences while in Washington,https://www.bbc.co.uk/news/articles/c9v4g7e047zo?at_medium=RSS&at_campaign=rss,,
191bc6faeed4abf8,situation.russia_ukraine_war,2026-08-06T13:10:54+00:00,0.307,1,US walks out of UN Security Council meeting during France's remarks,https://www.bbc.co.uk/news/articles/c87nj3w9gxjo?at_medium=RSS&at_campaign=rss,,
cc695a719b3b02ac,situation.russia_ukraine_war,2026-08-06T13:10:54+00:00,0.307,1,Ukraine’s ‘volunteer army’ helps rebuild what Russia destroys,https://www.aljazeera.com/news/2026/7/28/ukraines-volunteer-army-helps-rebuild-what-russia-destroys?traffic_source=rss,,
f0bc4391bf6db605,situation.russia_ukraine_war,2026-08-06T13:10:54+00:00,0.307,1,Ukraine’s Zelenskyy set to meet Trump as Iran and Ukraine wars converge,https://www.aljazeera.com/news/2026/7/28/ukraines-zelenskyy-set-to-meet-trump-as-iran-and-ukraine-wars-converge?traffic_source=rss,,
33fedf97d7e255a2,situation.russia_ukraine_war,2026-08-06T13:10:54+00:00,0.307,1,Security Council LIVE: Briefing on Ukraine as deadly Russian strikes hit cities and ports,https://news.un.org/feed/view/en/story/2026/07/1168029,,
a70d41f4415e2998,situation.russia_ukraine_war,2026-08-06T13:10:54+00:00,0.307,1,New UK PM Burnham assures Zelenskyy of continuing Ukraine support,https://www.aljazeera.com/news/2026/7/27/new-uk-pm-burnham-assures-zelenskyy-of-continuing-ukraine-support?traffic_source=rss,,
fcbcbac822781b15,situation.russia_ukraine_war,2026-08-06T13:10:54+00:00,0.307,1,"Zelensky visit sends clear message of support for Ukraine, Burnham says",https://www.bbc.co.uk/news/articles/cy8me5vyjg2o?at_medium=RSS&at_campaign=rss,,
6a17120075214403,situation.russia_ukraine_war,2026-08-06T13:10:54+00:00,0.307,1,Ukraine dismisses Iranian threats as Caspian Sea strike directly links wars,https://www.bbc.co.uk/news/articles/cwyj7yl0xndo?at_medium=RSS&at_campaign=rss,,
c7bc9f7cde6ed4a6,situation.russia_ukraine_war,2026-08-06T13:10:54+00:00,0.307,1,California natural gas prices reach historic lows in early 2026,https://www.eia.gov/todayinenergy/detail.php?id=67744,,
827594cff78de3be,situation.russia_ukraine_war,2026-08-06T13:10:54+00:00,0.307,1,U.S. natural gas storage capacity increased slightly in 2025,https://www.eia.gov/todayinenergy/detail.php?id=67745,,
344223b548b6774f,situation.russia_ukraine_war,2026-08-06T13:10:54+00:00,0.307,1,Solar generation in CAISO surpassed natural gas in the first five months of 2026,https://www.eia.gov/todayinenergy/detail.php?id=67784,,
6577a57bc5015332,situation.russia_ukraine_war,2026-08-06T13:10:54+00:00,0.307,1,The 250-year history of U.S. energy consumption,https://www.eia.gov/todayinenergy/detail.php?id=67824,,
92cb917e00b0cd7e,situation.russia_ukraine_war,2026-08-06T13:10:54+00:00,0.307,1,Global liquefied natural gas trade volumes reached record high in 2025,https://www.eia.gov/todayinenergy/detail.php?id=67864,,
95092961ad48cc98,situation.russia_ukraine_war,2026-08-06T13:10:54+00:00,0.307,1,"Energia Costa Azul, Mexico's second LNG terminal, shipped first cargo",https://www.eia.gov/todayinenergy/detail.php?id=67884,,
e4be884e584ff7f3,situation.russia_ukraine_war,2026-08-06T13:10:54+00:00,0.307,1,"World News in Brief: Sexual violence in DR Congo, deaths in Ukraine and Russia, crime in Southeast Asia",https://news.un.org/feed/view/en/story/2026/07/1167992,,
7e9d9823e513006e,situation.russia_ukraine_war,2026-08-06T13:10:54+00:00,0.307,1,"World News in Brief: Aid for Ukraine, drone attacks in Sudan, DR Congo deaths, neurological disorders in the Americas",https://news.un.org/feed/view/en/story/2026/07/1168000,,
18a2ea7591a58e3b,situation.russia_ukraine_war,2026-08-06T13:10:54+00:00,0.307,1,How Volker Turk won a new term as UN rights chief despite Israel opposition,https://www.aljazeera.com/news/2026/7/25/how-volker-turk-won-a-new-term-as-un-rights-chief-despite-israel-opposition?traffic_source=rss,,
946747d2f88d76f9,situation.russia_ukraine_war,2026-08-06T13:10:54+00:00,0.307,1,World chess chief faces endgame after EU announces Russia war sanctions,https://www.bbc.co.uk/news/articles/cewrk58k2k4o?at_medium=RSS&at_campaign=rss,,
a7a7ddd57f3ead8c,situation.china_taiwan_tension,2026-08-06T13:10:54+00:00,0.583,2,‘Significant Shrinking’ in Crude Cushion In Coming Months – Vortexa,https://gcaptain.com/significant-shrinking-in-crude-cushion-in-coming-month-vortexa/,,
623e577309150db8,situation.china_taiwan_tension,2026-08-06T13:10:54+00:00,0.583,2,China's crude oil imports fell in the second quarter,https://www.eia.gov/todayinenergy/detail.php?id=67905,,
9b1958c4a28a13e4,situation.china_taiwan_tension,2026-08-06T13:10:54+00:00,0.778,3,[GDELT] CHINESE / PHILIPPINE: fight/clash signal,https://www.forbes.com/sites/petersuciu/2026/07/28/us-navys-forward-deployed-carrier-now-in-waters-claimed-by-beijing/|https://www.thenationalnews.com/news/us/2026/07/28/trump-confident-in-us-arms-stockpile-after-private-sector-commitments/|https://www.thestar.com.my/aseanplus/aseanplus-news/2026/08/03/what-chinas-hypersonic-anti-ship-missile-fired-from-a-smaller-destroyer-signals,,
9aa04f83c13000f6,situation.china_taiwan_tension,2026-08-06T13:10:54+00:00,0.307,1,How Geothermal and Nuclear Could Help the U.S. Catch China in the Energy Race,https://oilprice.com/Energy/Energy-General/How-Geothermal-and-Nuclear-Could-Help-the-US-Catch-China-in-the-Energy-Race.html,,
819397b996bb07d0,situation.china_taiwan_tension,2026-08-06T13:10:54+00:00,0.307,1,"Typhoon Dolphin hurtles towards Japan: Tracker, updates and what to expect",https://www.aljazeera.com/news/2026/8/4/typhoon-dolphin-hurtles-towards-japan-tracker-updates-and-what-to-expect?traffic_source=rss,,
8ceac06502417013,situation.china_taiwan_tension,2026-08-06T13:10:54+00:00,0.307,1,[GDELT] CHINA / CHINESE: sanctions/embargo signal,https://economictimes.indiatimes.com/news/international/global-trends/donald-trump-administration-weighs-ban-on-chinese-ai-data-centre-gear-imports/articleshow/132863631.cms,,
cdd5e2a52346d37b,situation.china_taiwan_tension,2026-08-06T13:10:54+00:00,0.307,1,China Doubles Down on Clean Energy Even as Coal Keeps Growing,https://oilprice.com/Energy/Energy-General/China-Doubles-Down-on-Clean-Energy-Even-as-Coal-Keeps-Growing.html,,
4559087a49f245b8,situation.china_taiwan_tension,2026-08-06T13:10:54+00:00,0.307,1,China's Car Market Stalls Even as Global Demand Keeps Growing,https://oilprice.com/Energy/Energy-General/Chinas-Car-Market-Stalls-Even-as-Global-Demand-Keeps-Growing.html,,
dc1587e8c1e26164,situation.china_taiwan_tension,2026-08-06T13:10:54+00:00,0.307,1,"China Coast Guard Patrols Waters East of Taiwan, Angering Taipei",https://gcaptain.com/china-coast-guard-patrols-waters-east-of-taiwan-angering-taipei/,,
41dd5dcfcae2ac33,situation.china_taiwan_tension,2026-08-06T13:10:54+00:00,0.307,1,China's Solar Capacity Set to Overtake Coal This Quarter,https://oilprice.com/Latest-Energy-News/World-News/Chinas-Solar-Capacity-Set-to-Overtake-Coal-This-Quarter.html,,
effc8909589f4286,situation.china_taiwan_tension,2026-08-06T13:10:54+00:00,0.307,1,The Chinese robot army transforming the UK's retail industry,https://www.bbc.co.uk/news/articles/c0jl8v23qwgo?at_medium=RSS&at_campaign=rss,,
758ae4d12d298b4d,situation.china_taiwan_tension,2026-08-06T13:10:54+00:00,0.307,1,China puts the ‘squeeze’ on Taiwan with new maritime patrols,https://www.aljazeera.com/news/2026/7/29/china-puts-squeeze-on-taiwan-with-new-maritime-patrols?traffic_source=rss,,
cee0c3a599fa1d4f,situation.china_taiwan_tension,2026-08-06T13:10:54+00:00,0.307,1,Trump administration bans new Chinese humanoid robots,https://www.bbc.co.uk/news/articles/cp9e2ex3ekyo?at_medium=RSS&at_campaign=rss,,
59adfe30b5fa21dd,situation.china_taiwan_tension,2026-08-06T13:10:54+00:00,0.307,1,China's new challenge as natural disasters strike - fake AI videos,https://www.bbc.co.uk/news/articles/cx27mjvxgg1o?at_medium=RSS&at_campaign=rss,,
e353e70c8d739810,situation.israel_lebanon_hezbollah,2026-08-06T13:10:54+00:00,0.778,3,Iran and Oman swap proposals to manage Strait of Hormuz: What we know,https://www.aljazeera.com/news/2026/7/28/iran-and-oman-exchange-proposals-to-manage-strait-of-hormuz?traffic_source=rss|https://www.aljazeera.com/news/2026/7/29/iran-and-oman-swap-proposals-to-manage-strait-of-hormuz-what-we-know?traffic_source=rss,,
d3dfc4ddd706bf7e,situation.israel_lebanon_hezbollah,2026-08-06T13:10:54+00:00,0.778,3,US treasury secretary says deal with Iran to reopen Hormuz could be sealed by Wednesday,https://www.timesofisrael.com/us-treasury-secretary-says-deal-with-iran-to-reopen-hormuz-could-be-sealed-by-wednesday/,,
83ec8e187dd6fde6,situation.israel_lebanon_hezbollah,2026-08-06T13:10:54+00:00,0.778,3,Trump Says U.S. Controls Strait of Hormuz as Iran Denies Talks,https://gcaptain.com/trump-says-u-s-controls-strait-of-hormuz-as-iran-denies-talks/,,
62edaf8f6d63e852,situation.israel_lebanon_hezbollah,2026-08-06T13:10:54+00:00,0.778,3,Hormuz Tanker Traffic Stalls at Two-Month Low as Attacks Escalate,https://oilprice.com/Latest-Energy-News/World-News/Hormuz-Tanker-Traffic-Stalls-at-Two-Month-Low-as-Attacks-Escalate.html,,
e65b059889d5ec93,situation.israel_lebanon_hezbollah,2026-08-06T13:10:54+00:00,0.778,3,"Rebuffing Trump, Iran insists no talks with US over Hormuz, strait staying closed",https://www.timesofisrael.com/rebuffing-trump-iran-insists-no-talks-with-us-over-hormuz-strait-staying-closed/,,
229856575487c0bc,situation.israel_lebanon_hezbollah,2026-08-06T13:10:54+00:00,0.778,3,Iran denies it asked Trump not to strike or agreed to deal to split control of Hormuz,https://www.timesofisrael.com/iran-denies-it-asked-trump-not-to-strike-or-agreed-to-deal-to-split-control-of-hormuz/,,
18e71cf649b3fd29,situation.israel_lebanon_hezbollah,2026-08-06T13:10:54+00:00,0.778,3,"Iran rejects Trump frozen funds plan, warns ships of Hormuz transit ban",https://www.aljazeera.com/video/newsfeed/2026/7/28/iran-rejects-trump-frozen-funds-plan-warns-ships-of-hormuz-transit-ban?traffic_source=rss,,
78ee02083ba5dbb4,situation.israel_lebanon_hezbollah,2026-08-06T13:10:54+00:00,0.778,3,Houthis want to copy Iran’s Hormuz control in the Red Sea: Yemeni FM,https://www.aljazeera.com/news/2026/7/28/houthis-want-to-copy-irans-hormuz-control-in-the-red-sea-yemeni-fm?traffic_source=rss,,
d4ac14769324f7f1,situation.israel_lebanon_hezbollah,2026-08-06T13:10:54+00:00,0.778,3,Stranded seafarers remain trapped as Hormuz shipping stalls,https://news.un.org/feed/view/en/story/2026/07/1168004,,
e42dfa47de1797af,situation.israel_lebanon_hezbollah,2026-08-06T13:10:54+00:00,0.583,2,India Expands Oil Storage Sites After Shock Supply Disruption,https://oilprice.com/Latest-Energy-News/World-News/India-Expands-Oil-Storage-Sites-After-Shock-Supply-Disruption.html,,
097b365fdfe51baa,situation.israel_lebanon_hezbollah,2026-08-06T13:10:54+00:00,0.583,2,Why are oil companies posting record profits amid Iran war disruption?,https://www.aljazeera.com/features/2026/8/4/why-are-oil-companies-posting-record-profits-amid-iran-war-disruption?traffic_source=rss,,
e6da8a8b353d08d5,situation.israel_lebanon_hezbollah,2026-08-06T13:10:54+00:00,0.583,2,"Threat to oil tankers in Middle East  worst since start of Iran war, analysts say",https://www.bbc.co.uk/news/articles/cjrv0dy2e90o?at_medium=RSS&at_campaign=rss,,
4bf0a1fe1c580cbd,situation.israel_lebanon_hezbollah,2026-08-06T13:10:54+00:00,0.583,2,Oil prices fall as US officials raise hopes of a deal with Iran,https://www.bbc.co.uk/news/articles/cpw9v0gnzxwo?at_medium=RSS&at_campaign=rss,,
c3e85b8f15e4b65c,situation.israel_lebanon_hezbollah,2026-08-06T13:10:54+00:00,0.583,2,Saudi Oil Reroutes Hit Capacity and Security Limits,https://oilprice.com/Energy/Crude-Oil/Saudi-Oil-Reroutes-Hit-Capacity-and-Security-Limits.html,,
d58d0c0729a0c80b,situation.israel_lebanon_hezbollah,2026-08-06T13:10:54+00:00,0.583,2,Oil Prices Plunge 5% as Trump Halts Iran Strike Plans,https://oilprice.com/Latest-Energy-News/World-News/Oil-Prices-Plunge-5-as-Trump-Halts-Iran-Strike-Plans.html,,
1dcd34cce5aa4d9c,situation.israel_lebanon_hezbollah,2026-08-06T13:10:54+00:00,0.583,2,Suriname's $26 Billion Oil Bet Is Finally Paying Off,https://oilprice.com/Energy/Energy-General/Surinames-26-Billion-Oil-Bet-Is-Finally-Paying-Off.html,,
38c08ca4418e03f2,situation.israel_lebanon_hezbollah,2026-08-06T13:10:54+00:00,0.583,2,Why is Saudi Arabia forming a coalition to protect the Red Sea?,https://www.aljazeera.com/news/2026/7/30/why-is-saudi-arabia-forming-a-coalition-to-protect-the-red-sea?traffic_source=rss,,
c41033ba4440954d,situation.israel_lebanon_hezbollah,2026-08-06T13:10:54+00:00,0.583,2,Oil price dives as US and Iran pause attacks,https://www.bbc.co.uk/news/articles/clyj834jn5lo?at_medium=RSS&at_campaign=rss,,
b3ee0cc339180ed8,situation.israel_lebanon_hezbollah,2026-08-06T13:10:54+00:00,0.583,2,UAE's exit from OPEC+ reduced the group's share of crude oil production and capacity,https://www.eia.gov/todayinenergy/detail.php?id=67804,,
e6154ca07e7d7fd3,situation.israel_lebanon_hezbollah,2026-08-06T13:10:54+00:00,0.583,2,Middle East: UN warns against wider escalation after Houthi attacks in the Red Sea,https://news.un.org/feed/view/en/story/2026/07/1168016,,
9f9b292a5e7eb7c7,situation.israel_lebanon_hezbollah,2026-08-06T13:10:54+00:00,0.933,54,[GDELT] ISRAEL / MEMBER OF PARLIAMENT: fight/clash signal,http://www.hngnews.com/nation_world/the-us-military-says-its-thwarted-an-iranian-missile-attack-on-american-troops-breaking-the/article_44b47b47-4cda-50d1-bf14-a7a726908e84.html|http://www.jpost.com/israel-news/benjamin-netanyahu/article-903927|https://albaniandailynews.com/news/us-and-iran-pause-strikes-for-third-night-to-make-space-for-talks-us-ambassador-says|https://dailycaller.com/2026/07/27/iran-says-us-claims-about-negotiations-are-fabricated/|https://dailycaller.com/2026/07/28/ukraine-hits-iranian-ship-after-influencer-visit/|https://dailypioneer.com/news/4-palestinians-1-israeli-dead-after-west-bank-shooting|https://dunyanews.tv/en/Event-Reporting/268|https://en.shafaqna.com/466771/gaza-university-is-looking-to-continue-education-of-palestinians-amid-war/|https://english.aawsat.com/arab-world/5301239-israel-police-arrest-suspect-seen-attacking-palestinians-while-military-uniform|https://english.wafa.ps/Pages/Details/172901,,
ac7546c87083f016,situation.israel_lebanon_hezbollah,2026-08-06T13:10:54+00:00,0.917,5,[GDELT] ISRAEL / CIVILIAN: mass-violence signal,http://www.jpost.com/opinion/article-903843|https://imemc.org/article/pchr-israeli-extermination-of-palestinian-families-continues-by-targeting-homes-and-civilian-gatherings-in-gaza-strip/|https://www.aljazeera.com/news/2026/7/25/how-volker-turk-won-a-new-term-as-un-rights-chief-despite-israel-opposition|https://www.arabnews.com/node/2652623|https://www.westhawaiitoday.com/2026/07/25/nation-world-news/trump-meets-with-top-advisers-as-he-weighs-a-major-escalation-in-iran/,,
815d691c6f17da74,situation.israel_lebanon_hezbollah,2026-08-06T13:10:54+00:00,0.583,2,[GDELT] SECRETARY OF STATE / ISRAEL: assault signal,https://nuclear-news.net/2026/07/28/2-b1-uks-new-defence-minister-called-israel-rogue-state/|https://www.ncr-iran.org/en/news/iran-resistance/why-irans-regime-keeps-executing-young-dissidents-and-why-it-keeps-failing/,,
9794980182bbeeca,situation.israel_lebanon_hezbollah,2026-08-06T13:10:54+00:00,0.583,2,[GDELT] ISRAEL / FINANCE MINIST: mass-violence signal,https://english.aawsat.com/world/5300599-israeli-generals-accuse-netanyahu-seeking-ignite-%E2%80%98third-intifada%E2%80%99|https://www.israelnationalnews.com/news/430896,,
7d094e68183eb525,situation.israel_lebanon_hezbollah,2026-08-06T13:10:54+00:00,0.583,2,Trump says Iran talks taking place during pause in US military strikes,https://www.aljazeera.com/video/newsfeed/2026/7/28/trump-says-iran-talks-taking-place-during-pause-in-us-military-strikes?traffic_source=rss|https://www.bbc.co.uk/news/articles/c62xn4vzmnpo?at_medium=RSS&at_campaign=rss,,
c259b2a7b21e4841,situation.israel_lebanon_hezbollah,2026-08-06T13:10:54+00:00,0.307,1,Trump flouts political risk to host Netanyahu’s seventh White House visit,https://www.aljazeera.com/news/2026/7/28/trump-flouts-political-risk-to-host-netanyahus-seventh-white-house-visit?traffic_source=rss|https://www.aljazeera.com/video/newsfeed/2026/7/29/trump-meets-netanyahu-for-a-record-seventh-white-house-visit?traffic_source=rss,,
50e2e79e1aa12cdf,situation.israel_lebanon_hezbollah,2026-08-06T13:10:54+00:00,0.307,1,War on Iran: Phase II: Day 17,https://www.aljazeera.com/video/newsfeed/2026/7/27/war-on-iran-phase-ii-day-16?traffic_source=rss|https://www.aljazeera.com/video/newsfeed/2026/7/28/war-on-iran-phase-ii-day-17?traffic_source=rss,,
522dac959e2e8d81,situation.israel_lebanon_hezbollah,2026-08-06T13:10:54+00:00,0.307,1,IDF jails four additional soldiers over mass base walkout,https://www.timesofisrael.com/idf-jails-four-additional-soldiers-over-mass-base-walkout/,,
7f9f3a0290f4dc23,situation.israel_lebanon_hezbollah,2026-08-06T13:10:54+00:00,0.307,1,"Settler extremists said to torch vehicles, cut electrical lines in West Bank raids",https://www.timesofisrael.com/settler-extremists-said-to-torch-vehicles-cut-electrical-lines-in-west-bank-raids/,,
63d7c77ac33a8c66,situation.israel_lebanon_hezbollah,2026-08-06T13:10:54+00:00,0.307,1,Daily Briefing Aug. 4: Banking on politics — Israel and the Palestinian financial crisis,https://www.timesofisrael.com/daily-briefing-aug-4-banking-on-politics-israel-and-the-palestinian-financial-crisis/,,
4f06e59503fbddf5,situation.israel_lebanon_hezbollah,2026-08-06T13:10:54+00:00,0.307,1,Live where nature meets the history of Jerusalem - Sponsored Content,https://toi.li/zAUjvz,,
b975bbb2698ed9a6,situation.israel_lebanon_hezbollah,2026-08-06T13:10:54+00:00,0.307,1,Sorry not sorry? John Galliano exhibit at the Met sparks Jewish debate on repentance,https://www.timesofisrael.com/sorry-not-sorry-john-galliano-exhibit-at-the-met-sparks-jewish-debate-on-repentance/,,
b830a8bc3f543f1c,situation.israel_lebanon_hezbollah,2026-08-06T13:10:54+00:00,0.307,1,"After quitting Likud, Dan Illouz says party sold out principles to hang onto power",https://www.timesofisrael.com/after-quitting-likud-dan-illouz-says-party-sold-out-principles-to-hang-onto-power/,,
7c77f5b72c76f77a,situation.israel_lebanon_hezbollah,2026-08-06T13:10:54+00:00,0.307,1,"Israel, not Iran, is boxed in as Trump keeps chasing flimsy agreements",https://www.timesofisrael.com/israel-not-iran-is-boxed-in-as-trump-keeps-chasing-flimsy-agreements/,,
eedebf3f2659771d,situation.israel_lebanon_hezbollah,2026-08-06T13:10:54+00:00,0.307,1,"Elderly woman killed, two wounded after being run over by bus in Ashkelon",https://www.timesofisrael.com/elderly-woman-killed-two-wounded-after-being-run-over-by-bus-in-ashkelon/,,
05aff7e465539f39,situation.israel_lebanon_hezbollah,2026-08-06T13:10:54+00:00,0.307,1,"Avi Nesher’s Oct. 7 retelling, ‘Our Loves,’ to screen at Toronto Film Festival",https://www.timesofisrael.com/avi-neshers-our-loves-to-screen-at-toronto-film-festival/,,
28e4e25ac7f733b7,situation.israel_lebanon_hezbollah,2026-08-06T13:10:54+00:00,0.307,1,Coalition secures $82.6m for ultra-Orthodox education; opposition alleges ‘theft’,https://www.timesofisrael.com/coalition-secures-82-6m-for-ultra-orthodox-education-opposition-alleges-theft/,,
84e299e724d8f129,situation.israel_lebanon_hezbollah,2026-08-06T13:10:54+00:00,0.307,1,Israel-Lebanon talks kick off in Rome despite fierce Hezbollah opposition,https://www.timesofisrael.com/israel-lebanon-talks-kick-off-in-rome-despite-fierce-hezbollah-opposition/,,
d7d7fbb4535d7f57,situation.israel_lebanon_hezbollah,2026-08-06T13:10:54+00:00,0.307,1,How Iran is Widening Its Pressure Campaign to Force U.S. Concessions,https://gcaptain.com/how-iran-is-widening-its-pressure-campaign-to-force-u-s-concessions/,,
c10e1d31b0af78c5,situation.israel_lebanon_hezbollah,2026-08-06T13:10:54+00:00,0.307,1,"US Has Used ‘Virtually All’ of Its Long-Range Precision Missiles During Iran War, Sources Say",https://gcaptain.com/us-has-used-virtually-all-of-its-long-range-precision-missiles-during-iran-war-sources-say/,,
45b206b733ead1ae,situation.israel_lebanon_hezbollah,2026-08-06T13:10:54+00:00,0.307,1,"Israel violates Lebanese airspace, kills over two dozen in Gaza in weekend strikes",https://news.un.org/feed/view/en/story/2026/08/1168067,,
76fd23fd0b833426,situation.israel_lebanon_hezbollah,2026-08-06T13:10:54+00:00,0.307,1,Tech giant Palantir posts ‘otherworldly’ growth despite criticism over Gaza,https://www.aljazeera.com/news/2026/8/4/tech-giant-palantir-posts-otherworldly-growth-despite-criticism-over-gaza?traffic_source=rss,,
9905b2bae652dfc5,situation.israel_lebanon_hezbollah,2026-08-06T13:10:54+00:00,0.307,1,"‘One last chance’: The times Trump threatened Iran, said deal imminent",https://www.aljazeera.com/features/2026/8/4/one-last-chance-the-times-trump-threatened-iran-said-deal-imminent?traffic_source=rss,,
ec89f06fb61fb7f7,situation.israel_lebanon_hezbollah,2026-08-06T13:10:54+00:00,0.307,1,"Misread as passive, the Gulf is quietly ending fifty years of dependence",https://www.aljazeera.com/opinions/2026/8/4/the-gulf-can-no-longer-outsource-its-security?traffic_source=rss,,
e233148c02c37de0,situation.israel_lebanon_hezbollah,2026-08-06T13:10:54+00:00,0.307,1,Why Israel’s economy hasn’t collapsed during a multi-front war,https://www.aljazeera.com/video/money-works/2026/8/4/why-israels-economy-hasnt-collapsed-during-a-multi-front-war?traffic_source=rss,,
7f1ccba33fcbcade,situation.israel_lebanon_hezbollah,2026-08-06T13:10:54+00:00,0.307,1,Can Pakistan keep US-Iran diplomacy alive as mistrust deepens?,https://www.aljazeera.com/news/2026/8/4/can-pakistan-keep-us-iran-diplomacy-alive-as-mistrust-deepens?traffic_source=rss,,
223c1a244094ce3e,situation.israel_lebanon_hezbollah,2026-08-06T13:10:54+00:00,0.307,1,Seventh round of Israel-Lebanon talks begins – what’s on the agenda?,https://www.aljazeera.com/news/2026/8/4/seventh-round-of-israel-lebanon-talks-begins-whats-on-the-agenda?traffic_source=rss,,
f9f22bbe06340065,situation.israel_lebanon_hezbollah,2026-08-06T13:10:54+00:00,0.307,1,Beirut port blast anniversary overshadowed by new wave of destruction,https://www.aljazeera.com/news/2026/8/4/beirut-port-blast-anniversary-overshadowed-by-new-wave-of-destruction?traffic_source=rss,,
1d93dc593232c589,situation.israel_lebanon_hezbollah,2026-08-06T13:10:54+00:00,0.307,1,Did Iran hack water systems in seven US states?,https://www.bbc.co.uk/news/articles/c934dq95zpgo?at_medium=RSS&at_campaign=rss,,
4a8a561e7e1f97b5,situation.israel_lebanon_hezbollah,2026-08-06T13:10:54+00:00,0.307,1,"Revisiting Emma Goldman: Anarchism, Feminism…and Judaism? - Sponsored Content",https://toi.li/n0G1Sd,,
bbc92a3eef160976,situation.israel_lebanon_hezbollah,2026-08-06T13:10:54+00:00,0.307,1,Israel’s Elections: Judaism on the Ballot - Sponsored Content,https://www.timesofisrael.com/spotlight/israels-elections-judaism-on-the-ballot/,,
9e66e21a0a7b7d5d,situation.israel_lebanon_hezbollah,2026-08-06T13:10:54+00:00,0.307,1,The Right to Belong: A Palestinian Perspective – with Rana Fahoum - Sponsored Content,https://www.timesofisrael.com/spotlight/the-right-to-belong-a-palestinian-perspective-with-rana-fahoum/,,
fdcbd2b91d346814,situation.israel_lebanon_hezbollah,2026-08-06T13:10:54+00:00,0.307,1,"Katz tries to walk back on-air removal of top general, as opposition, allies call to oust Katz",https://www.timesofisrael.com/katz-tries-to-walk-back-on-air-removal-of-top-general-as-opposition-allies-call-to-oust-katz/,,
f9464c5f95195f9d,situation.israel_lebanon_hezbollah,2026-08-06T13:10:54+00:00,0.307,1,Iran hangs two accused of spying for Israel as wartime executions ramp up,https://www.timesofisrael.com/iran-hangs-two-accused-of-spying-for-israel-as-wartime-executions-ramp-up/,,
f5396f05ae36ba4f,situation.israel_lebanon_hezbollah,2026-08-06T13:10:54+00:00,0.307,1,"Nauru, 3rd smallest country, changes name to Naoero, reflecting native pronunciation",https://www.timesofisrael.com/nauru-3rd-smallest-country-changes-name-to-naoero-reflecting-native-pronunciation/,,
0842feee515055f0,situation.israel_lebanon_hezbollah,2026-08-06T13:10:54+00:00,0.307,1,Leaked Elbit documents reportedly show it was in talks to sell advanced drones to UAE,https://www.timesofisrael.com/leaked-elbit-documents-reportedly-show-it-was-in-talks-to-sell-uae-advanced-drones/,,
04c33cdbfb128f1a,situation.israel_lebanon_hezbollah,2026-08-06T13:10:54+00:00,0.307,1,Daily Briefing Aug. 3 – Israel in the dark as Trump adopts Saudi-first policy,https://www.timesofisrael.com/daily-briefing-aug-3-israel-in-the-dark-as-trump-adopts-saudi-first-policy/,,
5ae06a188ff6747e,situation.israel_lebanon_hezbollah,2026-08-06T13:10:54+00:00,0.307,1,"In world first, Israeli scientists find active ingredient in Viagra may stop cancer spread",https://www.timesofisrael.com/in-world-first-israeli-scientists-find-active-ingredient-in-viagra-may-stop-cancer-spread/,,
c795cd6bdbbb9084,situation.israel_lebanon_hezbollah,2026-08-06T13:10:54+00:00,0.307,1,Jewish groups condemn swastika graffiti on Maimonides statue in Cordoba,https://www.timesofisrael.com/jewish-groups-condemn-swastika-graffiti-on-maimonides-statue-in-cordoba/,,
2c5ab3f415132f2a,situation.israel_lebanon_hezbollah,2026-08-06T13:10:54+00:00,0.307,1,"Despite Knesset recess, finance panel set to allocate millions to Haredim, settlements",https://www.timesofisrael.com/despite-knesset-recess-finance-panel-set-to-allocate-millions-to-haredim-settlements/,,
147d5632737e289c,situation.israel_lebanon_hezbollah,2026-08-06T13:10:54+00:00,0.307,1,"Record Israeli emigration continued for third consecutive year in 2025, study finds",https://www.timesofisrael.com/record-israeli-emigration-continued-for-third-consecutive-year-in-2025-study-finds/,,
f3cb0da063d1ca59,situation.israel_lebanon_hezbollah,2026-08-06T13:10:54+00:00,0.307,1,Iran Says No Talks Are Under Way with United States After Trump Calls Off Attacks,https://gcaptain.com/iran-says-no-talks-are-under-way-with-united-states-after-trump-calls-off-attacks/,,
8a30737ba934f664,situation.israel_lebanon_hezbollah,2026-08-06T13:10:54+00:00,0.307,1,How the Iran War Will Determine Britain's Economic Growth,https://oilprice.com/Energy/Energy-General/How-the-Iran-War-Will-Determine-Britains-Economic-Growth.html,,
99122c53018b4744,situation.israel_lebanon_hezbollah,2026-08-06T13:10:54+00:00,0.307,1,‘US backs off from Iran before markets open on weekdays’,https://www.aljazeera.com/video/newsfeed/2026/8/3/us-backs-off-from-iran-before-markets-open-on?traffic_source=rss,,
ece820d6b396018c,situation.israel_lebanon_hezbollah,2026-08-06T13:10:54+00:00,0.307,1,Trump says new Iran negotiations starting: What we know,https://www.aljazeera.com/news/2026/8/3/trump-says-new-iran-negotiations-starting-what-we-know?traffic_source=rss,,
d2f1a01b48d340f4,situation.israel_lebanon_hezbollah,2026-08-06T13:10:54+00:00,0.307,1,Israel defies Trump’s peace plan as it escalates deadly attacks on Gaza,https://www.aljazeera.com/news/2026/8/3/israel-defies-trumps-peace-plan-as-it-escalates-deadly-attacks-on-gaza?traffic_source=rss,,
6902bbed2cfbdcc2,situation.israel_lebanon_hezbollah,2026-08-06T13:10:54+00:00,0.307,1,Who will shape post-war Iran?,https://www.aljazeera.com/opinions/2026/8/3/who-will-shape-post-war-iran?traffic_source=rss,,
237e1671062645e6,situation.israel_lebanon_hezbollah,2026-08-06T13:10:54+00:00,0.307,1,Uganda unveils statue of Israel PM's brother who died in Entebbe rescue mission,https://www.bbc.co.uk/news/articles/c9v471x89m3o?at_medium=RSS&at_campaign=rss,,
e4450f7e7b004b43,situation.israel_lebanon_hezbollah,2026-08-06T13:10:54+00:00,0.307,1,At least 13 killed in Israeli strikes on Gaza after Hamas agree disarmament deal,https://www.bbc.co.uk/news/articles/czjlvvkzj20o?at_medium=RSS&at_campaign=rss,,
5804c683c42452b6,situation.israel_lebanon_hezbollah,2026-08-06T13:10:54+00:00,0.307,1,Iran denies Trump's claim that new talks will begin on Monday,https://www.bbc.co.uk/news/articles/c23579jzv08o?at_medium=RSS&at_campaign=rss,,
edec140e61357776,situation.israel_lebanon_hezbollah,2026-08-06T13:10:54+00:00,0.307,1,Iran’s leadership vacuum leaves two factions battling for control over war’s aim,https://www.timesofisrael.com/irans-leadership-vacuum-leaves-two-factions-battling-for-control-over-wars-aim/,,
22f9f917e04c4f86,situation.israel_lebanon_hezbollah,2026-08-06T13:10:54+00:00,0.307,1,Florida man arrested for throwing a brick through window of Sarasota synagogue,https://www.timesofisrael.com/florida-man-arrested-for-throwing-a-brick-through-window-of-sarasota-synagogue/,,
e0eba1da8913865e,situation.israel_lebanon_hezbollah,2026-08-06T13:10:54+00:00,0.307,1,‘Tell Me Everything’ tops Ophir Awards nominations with highest-ever 16 nods,https://www.timesofisrael.com/tell-me-everything-tops-ophir-awards-nominations-with-highest-ever-16-nods/,,
a7750028e86ae0bd,situation.israel_lebanon_hezbollah,2026-08-06T13:10:54+00:00,0.307,1,A Limited opportunity: 16 private homes minutes outside of Jerusalem - Sponsored Content,https://toi.li/CMkUrN,,
f4987ca7c8044b9c,situation.israel_lebanon_hezbollah,2026-08-06T13:10:54+00:00,0.307,1,Daily Briefing Aug. 2 – Saudis talk Trump down from Iran strike… for now,https://www.timesofisrael.com/daily-briefing-aug-2-saudis-talk-trump-down-from-iran-strike-for-now/,,
67f2ac3e383517fb,situation.israel_lebanon_hezbollah,2026-08-06T13:10:54+00:00,0.307,1,UHaifa International Master’s: Ask our students what it’s really like - Sponsored Content,https://toi.li/pIuiyL,,
0c1e02c8f4fcb142,situation.israel_lebanon_hezbollah,2026-08-06T13:10:54+00:00,0.307,1,Teenagers allegedly beat an Arab bus driver unconscious overnight in Jerusalem,https://www.timesofisrael.com/teenagers-allegedly-beat-an-arab-bus-driver-unconscious-overnight-in-jerusalem/,,
e4d9c1f09e87f194,situation.israel_lebanon_hezbollah,2026-08-06T13:10:54+00:00,0.307,1,"Extreme heat wave across Europe fuels wildfires in France, Greece, drought in Hungary",https://www.timesofisrael.com/extreme-heat-wave-across-europe-fuels-wildfires-in-france-greece-drought-in-hungary/,,
7eacc651b24909a2,situation.israel_lebanon_hezbollah,2026-08-06T13:10:54+00:00,0.307,1,"AI rabbis? Some NY Hasidic groups see new technology as a challenge, others as a tool",https://www.timesofisrael.com/ai-rabbis-some-ny-hasidic-groups-see-new-technology-as-a-challenge-others-as-a-tool/,,
b81e395343090f16,situation.israel_lebanon_hezbollah,2026-08-06T13:10:54+00:00,0.307,1,A Jewish MK on Ra’am’s slate could reshape the anti-Netanyahu coalition map,https://www.timesofisrael.com/a-jewish-mk-on-raams-slate-could-reshape-the-anti-netanyahu-coalition-map/,,
f1210857c1736a11,situation.israel_lebanon_hezbollah,2026-08-06T13:10:54+00:00,0.307,1,Senior minister says Israel not halting attacks in Gaza as 9 said killed in IDF strikes,https://www.timesofisrael.com/senior-minister-says-israel-not-halting-attacks-in-gaza-as-9-said-killed-in-idf-strikes/,,
355608ddf9f17d39,situation.israel_lebanon_hezbollah,2026-08-06T13:10:54+00:00,0.307,1,Trump ‘cancels attack on Iran’ saying deal is near,https://www.aljazeera.com/video/newsfeed/2026/8/2/trump-cancels-attack-on-iran-saying-deal-is-near?traffic_source=rss,,
e831617b6e233560,situation.israel_lebanon_hezbollah,2026-08-06T13:10:54+00:00,0.307,1,"Why has Trump halted Iran attacks, and what is the deal he is hinting at?",https://www.aljazeera.com/news/2026/8/2/why-has-trump-halted-iran-attacks-and-what-is-the-deal-he-is-hinting-at?traffic_source=rss,,
caca9803ce1a821b,situation.israel_lebanon_hezbollah,2026-08-06T13:10:54+00:00,0.307,1,Israel’s influence industry in the US,https://www.aljazeera.com/video/the-listening-post/2026/8/2/israels-influence-industry-in-the-us?traffic_source=rss,,
eae36cd6044de1f7,situation.israel_lebanon_hezbollah,2026-08-06T13:10:54+00:00,0.307,1,Trump cancels Iran strikes subject to deal being made 'rapidly',https://www.bbc.co.uk/news/articles/cjwx74qgld2o?at_medium=RSS&at_campaign=rss,,
af5afc12450be5e8,situation.israel_lebanon_hezbollah,2026-08-06T13:10:54+00:00,0.307,1,France and Italy tighten border controls amid Spanish migrant crisis,https://www.timesofisrael.com/france-and-italy-tighten-border-controls-amid-spanish-migrant-crisis/,,
67bf223fe6424cb2,situation.israel_lebanon_hezbollah,2026-08-06T13:10:54+00:00,0.307,1,Firefighters in Greece struggle to save coastal resort as winds rage,https://www.timesofisrael.com/firefighters-in-greece-struggle-to-save-coastal-resort-as-winds-rage/,,
58bc4c4871949d5c,situation.israel_lebanon_hezbollah,2026-08-06T13:10:54+00:00,0.307,1,‘Double Indemnity’: Billy Wilder’s film noir masterpiece,https://www.timesofisrael.com/double-indemnity-billy-wilders-film-noir-masterpiece/,,
b21b22a73aeb1fb2,situation.israel_lebanon_hezbollah,2026-08-06T13:10:54+00:00,0.307,1,"Russia hits Ukrainian capital with ballistic missiles and drones, killing at least 9",https://www.timesofisrael.com/russia-hits-ukrainian-capital-with-ballistic-missiles-and-drones-killing-at-least-9/,,
958c170071f15919,situation.israel_lebanon_hezbollah,2026-08-06T13:10:54+00:00,0.307,1,Haredi protesters try to force their way into Jerusalem cafe open on Shabbat,https://www.timesofisrael.com/haredi-protesters-clash-with-secular-patrons-at-jerusalem-cafe-open-on-shabbat/,,
a4c4676ae14f7962,situation.israel_lebanon_hezbollah,2026-08-06T13:10:54+00:00,0.307,1,Jewish Democrats back Michigan AG Dana Nessel’s decision to skip state party convention,https://www.timesofisrael.com/jewish-democrats-back-michigan-ag-dana-nessels-decision-to-skip-state-party-convention/,,
a991f74d5494548b,situation.israel_lebanon_hezbollah,2026-08-06T13:10:54+00:00,0.307,1,Trump said to order strikes aimed at forcing Iran’s surrender; US citizens told to be ready to leave Mideast,https://www.timesofisrael.com/trump-said-to-order-new-wave-of-iran-strikes-aimed-at-forcing-regimes-surrender/,,
a239e681eb83d398,situation.israel_lebanon_hezbollah,2026-08-06T13:10:54+00:00,0.307,1,UEFA says it has lost confidence in FIFA’s Infantino after failed plan to privatize World Cup,https://www.timesofisrael.com/uefa-says-it-has-lost-confidence-in-fifas-infantino-after-failed-plan-to-privatize-world-cup/,,
c8324e37e4eeece5,situation.israel_lebanon_hezbollah,2026-08-06T13:10:54+00:00,0.307,1,"Meir Charash: Cyclist, father, and advocate who keeps on riding",https://www.timesofisrael.com/meir-charash-cyclist-father-and-advocate-who-keeps-on-riding/,,
46eb690df5cfb735,situation.israel_lebanon_hezbollah,2026-08-06T13:10:54+00:00,0.307,1,"Settlers assault Palestinians, burn cars in overnight West Bank raid; no arrests",https://www.timesofisrael.com/settlers-assault-palestinians-burn-cars-in-overnight-west-bank-raid-no-arrests/,,
479dabcf66a4d7dd,situation.israel_lebanon_hezbollah,2026-08-06T13:10:54+00:00,0.307,1,Israeli officer moderately hurt in overnight clash with Hezbollah gunmen — army,https://www.timesofisrael.com/israeli-officer-moderately-hurt-in-overnight-clash-with-hezbollah-gunmen-army/,,
5b3d38399f1231ab,situation.israel_lebanon_hezbollah,2026-08-06T13:10:54+00:00,0.307,1,Ukraine Is Now Targeting Iranian Shipping in the Caspian Sea,https://oilprice.com/Geopolitics/Europe/Ukraine-Is-Now-Targeting-Iranian-Shipping-in-the-Caspian-Sea.html,,
7163d1c8a14f388d,situation.israel_lebanon_hezbollah,2026-08-06T13:10:54+00:00,0.307,1,Exxon and Chevron’s $26.5 Billion Quarter Draws Trump’s Ire,https://oilprice.com/Latest-Energy-News/World-News/Exxon-and-Chevrons-265-Billion-Quarter-Draws-Trumps-Ire.html,,
f3d19432e23c8769,situation.israel_lebanon_hezbollah,2026-08-06T13:10:54+00:00,0.307,1,Why Trump’s Trade Threat Puts Spain’s Energy Security on the Line,https://oilprice.com/Energy/Energy-General/Why-Trumps-Trade-Threat-Puts-Spains-Energy-Security-on-the-Line.html,,
2f97cdec5f71b872,situation.israel_lebanon_hezbollah,2026-08-06T13:10:54+00:00,0.307,1,"World News in Brief: Rohingya refugees, Bahá’ís in Iran, disarmament in the Central African Republic",https://news.un.org/feed/view/en/story/2026/07/1168049,,
0fec0a921b68bc70,situation.israel_lebanon_hezbollah,2026-08-06T13:10:54+00:00,0.307,1,Middle East crisis: Humanitarian fallout ‘worsening by the day’,https://news.un.org/feed/view/en/story/2026/07/1168055,,
1cb76782cc7d7aee,situation.israel_lebanon_hezbollah,2026-08-06T13:10:54+00:00,0.307,1,"Middle East: Civilian death toll climbs in Gaza, Lebanon and West Bank as UN chief demands ‘the fighting must stop’",https://news.un.org/feed/view/en/story/2026/07/1168062,,
e0610dc4f0a9aeac,situation.israel_lebanon_hezbollah,2026-08-06T13:10:54+00:00,0.307,1,Iranian Kurdish parties in Iraq face a delicate balance amid Iran attacks,https://www.aljazeera.com/news/2026/8/1/iranian-kurdish-parties-in-iraq-face-a-delicate-balance-amid-iran-attacks?traffic_source=rss,,
e36175e02f69c1a3,situation.israel_lebanon_hezbollah,2026-08-06T13:10:54+00:00,0.307,1,Iran: The Making of a War,https://www.aljazeera.com/video/featured-documentaries/2026/8/1/iran-the-making-of-a-war?traffic_source=rss,,
4353c71f2d19a1bc,situation.israel_lebanon_hezbollah,2026-08-06T13:10:54+00:00,0.307,1,Iran warns against ‘flames of war’ amid US strike threats on energy sites,https://www.aljazeera.com/news/2026/8/1/iran-warns-against-fire-of-war-amid-us-strike-threats-on-energy-sites?traffic_source=rss,,
d8a7422e91846c73,situation.israel_lebanon_hezbollah,2026-08-06T13:10:54+00:00,0.307,1,Is Spain being punished?,https://www.aljazeera.com/opinions/2026/8/1/is-spain-being-punished?traffic_source=rss,,
6381120495a941bb,situation.israel_lebanon_hezbollah,2026-08-06T13:10:54+00:00,0.307,1,Why limited war with the US may suit Iran better than peace,https://www.bbc.co.uk/news/articles/c78gnyq3wvdo?at_medium=RSS&at_campaign=rss,,
0354f74d93997c23,situation.israel_lebanon_hezbollah,2026-08-06T13:10:54+00:00,0.307,1,"India’s arms sale to Israel risks complicity in Gaza genocide, Amnesty says",https://www.aljazeera.com/news/2026/7/30/indias-arms-sale-to-israel-risks-complicity-in-gaza-genocide-amnesty-says?traffic_source=rss,,
9b36992e2e2b0483,situation.israel_lebanon_hezbollah,2026-08-06T13:10:54+00:00,0.307,1,Is Israel repeating the Crusaders’ fatal mistake?,https://www.aljazeera.com/video/deja-vu-2/2026/7/30/is-israel-repeating-the-crusaders-fatal-mistake?traffic_source=rss,,
ee01df140c4a299e,situation.israel_lebanon_hezbollah,2026-08-06T13:10:54+00:00,0.307,1,US strikes cause extensive damage on Iran’s Qeshm Island,https://www.aljazeera.com/video/newsfeed/2026/7/30/us-strikes-cause-extensive-damage-on-irans-qeshm-island?traffic_source=rss,,
a88f53e02a8b6d53,situation.israel_lebanon_hezbollah,2026-08-06T13:10:54+00:00,0.307,1,US hits multiple targets in Iran as IRGC pledges retaliation: What we know,https://www.aljazeera.com/news/2026/7/30/us-hits-multiple-targets-in-iran-as-irgc-pledges-retaliation-what-we-know?traffic_source=rss,,
eb0b0d8ca5f92de1,situation.israel_lebanon_hezbollah,2026-08-06T13:10:54+00:00,0.307,1,How does a safe zone in Lebanon become a target three times?,https://www.aljazeera.com/video/by-the-numbers-3/2026/7/30/how-does-a-safe-zone-in-lebanon-become-a-target-three-times?traffic_source=rss,,
698038c6a2af64a0,situation.israel_lebanon_hezbollah,2026-08-06T13:10:54+00:00,0.307,1,Saudi Arabia's dilemma as it tries to stay out of US-Iran war,https://www.bbc.co.uk/news/articles/clyx83l8jv8o?at_medium=RSS&at_campaign=rss,,
687224f6cb52d55d,situation.israel_lebanon_hezbollah,2026-08-06T13:10:54+00:00,0.307,1,US launches 'heavy' strikes on Iran after attempted attack on American troops,https://www.bbc.co.uk/news/articles/c74gwdzywmeo?at_medium=RSS&at_campaign=rss,,
b91c3c4f4026e299,situation.israel_lebanon_hezbollah,2026-08-06T13:10:54+00:00,0.307,1,"Israel kills Palestinian, destroys mosque in Gaza",https://www.aljazeera.com/news/2026/7/29/israel-kills-palestinian-destroys-mosque-in-gaza?traffic_source=rss,,
532fe181fb6e6e12,situation.israel_lebanon_hezbollah,2026-08-06T13:10:54+00:00,0.307,1,Iran missiles target US forces in Jordan after a five-day pause in war,https://www.aljazeera.com/video/newsfeed/2026/7/29/iran-missiles-target-us-forces-in-jordan-after-a-five-day-pause-in-war?traffic_source=rss,,
05d4ff62f12129b7,situation.israel_lebanon_hezbollah,2026-08-06T13:10:54+00:00,0.307,1,Iran attacks US bases in Middle East as Trump meets Netanyahu,https://www.aljazeera.com/news/2026/7/29/iran-attacks-us-bases-in-middle-east-as-trump-meets-netanyahu?traffic_source=rss,,
c57895b618927823,situation.israel_lebanon_hezbollah,2026-08-06T13:10:54+00:00,0.307,1,US and Saudi Arabia strike ‘Iran-aligned’ groups in Iraq,https://www.aljazeera.com/video/newsfeed/2026/7/29/us-and-saudi-arabia-strike-iran-aligned-groups-in-iraq?traffic_source=rss,,
674080526dd178c0,situation.israel_lebanon_hezbollah,2026-08-06T13:10:54+00:00,0.307,1,‘Iran attacks now to send message as US assets build up in Israel’,https://www.aljazeera.com/video/newsfeed/2026/7/29/iran-attacks-now-to-send-message-as-us-assets-build-up-in?traffic_source=rss,,
37b76cf3611efccc,situation.israel_lebanon_hezbollah,2026-08-06T13:10:54+00:00,0.307,1,"Iran hits US in Jordan, US-Saudi strikes on Iraq: Is war spreading?",https://www.aljazeera.com/news/2026/7/29/iran-hits-us-in-jordan-us-saudi-strikes-on-iraq-is-war-spreading?traffic_source=rss,,
6fbad9fbd6e199a9,situation.israel_lebanon_hezbollah,2026-08-06T13:10:54+00:00,0.307,1,Zelensky and Netanyahu meet Trump as wars in Ukraine and Iran drag on,https://www.bbc.co.uk/news/articles/cj4k2z8z45ro?at_medium=RSS&at_campaign=rss,,
0bf5cc7d5a44fd3e,situation.israel_lebanon_hezbollah,2026-08-06T13:10:54+00:00,0.307,1,Saudi Arabia joins US in strikes on Iran-backed militias in Iraq,https://www.bbc.co.uk/news/articles/c70g6y24d76o?at_medium=RSS&at_campaign=rss,,
6a485dfded4055fd,situation.israel_lebanon_hezbollah,2026-08-06T13:10:54+00:00,0.307,1,"How US defence aid shaped Israel’s military developments since Oct 7, 2023",https://www.aljazeera.com/economy/2026/7/28/how-us-defence-aid-shaped-israels-military-developments-since-oct-7-2023?traffic_source=rss,,
273ba8a42b978f9e,situation.israel_lebanon_hezbollah,2026-08-06T13:10:54+00:00,0.307,1,Kyiv warns Iran against escalation after Ukraine’s Caspian Sea attack,https://www.aljazeera.com/news/2026/7/28/kyiv-warns-iran-against-escalation-after-ukraines-caspian-sea-attack?traffic_source=rss,,
ca9c418496738d93,situation.israel_lebanon_hezbollah,2026-08-06T13:10:54+00:00,0.307,1,[GDELT] SENATOR / IRAN: sanctions/embargo signal,https://abcnews.com/Politics/senate-move-russia-sanctions-bill-named-after-sen/story?id=135151693,,
c7255c249e48363a,situation.israel_lebanon_hezbollah,2026-08-06T13:10:54+00:00,0.307,1,"Lindsey Graham ‘almost cried’ tears of joy over war on Iran, footage shows",https://www.aljazeera.com/news/2026/7/28/lindsey-graham-almost-cried-tears-of-joy-over-war-on-iran-footage-shows?traffic_source=rss,,
c4f2d1ff12002ce5,situation.israel_lebanon_hezbollah,2026-08-06T13:10:54+00:00,0.307,1,‘The dream I carried is gone’: Miscarriages rise amid trauma of Gaza’s war,https://www.aljazeera.com/features/2026/7/28/the-dream-i-carried-is-gone-miscarriages-rise-amid-trauma-of-gazas-war?traffic_source=rss,,
9bf75d115f9b3d52,situation.israel_lebanon_hezbollah,2026-08-06T13:10:54+00:00,0.307,1,"Security Council LIVE: Updates on Gaza, West Bank amid regional tensions",https://news.un.org/feed/view/en/story/2026/07/1168037,,
41ea1a6e390136c7,situation.israel_lebanon_hezbollah,2026-08-06T13:10:54+00:00,0.307,1,Trump expresses frustration with Netanyahu before White House meeting,https://www.aljazeera.com/news/2026/7/28/trump-expresses-frustration-with-netanyahu-before-white-house-meeting?traffic_source=rss,,
d025c9e672157409,situation.israel_lebanon_hezbollah,2026-08-06T13:10:54+00:00,0.307,1,Is Netanyahu’s Trump card losing its power in Israel?,https://www.aljazeera.com/news/2026/7/28/is-netanyahus-trump-card-losing-its-power-in-israel?traffic_source=rss,,
55355bcab55791fa,situation.israel_lebanon_hezbollah,2026-08-06T13:10:54+00:00,0.307,1,Why has Iran’s economy not collapsed under US war pressure?,https://www.aljazeera.com/economy/2026/7/28/why-has-irans-economy-not-collapsed-under-us-war-pressure?traffic_source=rss,,
bb634c50da99a57b,situation.israel_lebanon_hezbollah,2026-08-06T13:10:54+00:00,0.307,1,Trump says ‘good chance’ of progress in Iran talks. What we know,https://www.aljazeera.com/news/2026/7/28/trump-says-good-chance-of-progress-in-iran-talks-what-we-know?traffic_source=rss,,
1dcfcccffa4b1adc,situation.israel_lebanon_hezbollah,2026-08-06T13:10:54+00:00,0.307,1,Why London’s Hackney Council wants to repeal its ‘twin’ status with Haifa,https://www.aljazeera.com/news/2026/7/28/why-londons-hackney-council-wants-to-repeal-its-twin-status-with-haifa?traffic_source=rss,,
29d4e2e3c71fcc08,situation.israel_lebanon_hezbollah,2026-08-06T13:10:54+00:00,0.307,1,"Sixty Palestinians detained by Israel return to Gaza, describe abuses",https://www.aljazeera.com/news/2026/7/28/sixty-palestinians-detained-by-israel-return-to-gaza-describe-abuses?traffic_source=rss,,
c02c9ab00783cbe2,situation.israel_lebanon_hezbollah,2026-08-06T13:10:54+00:00,0.307,1,Why Netanyahu's visit with Trump at the White House is high-stakes,https://www.bbc.co.uk/news/videos/c98v94dmmz0o?at_medium=RSS&at_campaign=rss,,
030f041c558ea810,situation.israel_lebanon_hezbollah,2026-08-06T13:10:54+00:00,0.307,1,Ukraine’s Zelenskyy set to meet Trump as Iran and Ukraine wars converge,https://www.aljazeera.com/news/2026/7/28/ukraines-zelenskyy-set-to-meet-trump-as-iran-and-ukraine-wars-converge?traffic_source=rss,,
8d9ff7d9bc33c17d,situation.israel_lebanon_hezbollah,2026-08-06T13:10:54+00:00,0.307,1,Israeli ex-generals urge Trump to push Netanyahu on ‘settler terror’,https://www.aljazeera.com/news/2026/7/28/israeli-ex-generals-urge-trump-to-push-netanyahu-on-settler-terror?traffic_source=rss,,
cbd591cbdcce43a7,situation.israel_lebanon_hezbollah,2026-08-06T13:10:54+00:00,0.307,1,"Lebanon: Israeli strikes ‘could amount to international crimes,’ warns Türk",https://news.un.org/feed/view/en/story/2026/07/1168034,,
a0c904344acb026f,situation.israel_lebanon_hezbollah,2026-08-06T13:10:54+00:00,0.307,1,UN slams Israel’s expansion of illegal settlements in occupied West Bank,https://www.aljazeera.com/news/2026/7/27/un-slams-israels-expansion-of-illegal-settlements-in-occupied-west-bank?traffic_source=rss,,
6fbb9d6b77ad9858,situation.israel_lebanon_hezbollah,2026-08-06T13:10:54+00:00,0.307,1,Iran war live: Trump touts ‘friendly talks’; Netanyahu arrives in US,https://www.aljazeera.com/news/liveblog/2026/7/28/iran-war-live-trump-touts-friendly-talks-netanyahu-arrives-in-us?traffic_source=rss,,
dff4ebd0fdfb2479,situation.israel_lebanon_hezbollah,2026-08-06T13:10:54+00:00,0.307,1,Are the US and Iran heading towards a forever war?,https://www.aljazeera.com/video/upfront/2026/7/27/are-the-us-and-iran-heading-towards-a-forever-war?traffic_source=rss,,
332d0128eac00707,situation.israel_lebanon_hezbollah,2026-08-06T13:10:54+00:00,0.307,1,Why have US-Lebanon direct flights been banned for 40 years?,https://www.aljazeera.com/video/newsfeed/2026/7/27/why-have-us-lebanon-direct-flights-been-banned-for-40-years?traffic_source=rss,,
83b6eb42c14d43f6,situation.israel_lebanon_hezbollah,2026-08-06T13:10:54+00:00,0.307,1,UN eyeing potential Israeli war crimes in Lebanon,https://www.aljazeera.com/news/2026/7/27/un-eyeing-potential-israeli-war-crimes-in-lebanon?traffic_source=rss,,
3de42b754b11f8f6,situation.israel_lebanon_hezbollah,2026-08-06T13:10:54+00:00,0.307,1,Unreleased footage reveals Lindsey Graham’s push for war on Iran,https://www.aljazeera.com/video/newsfeed/2026/7/27/unreleased-footage-reveals-lindsey-grahams-push-for-war-on-iran?traffic_source=rss,,
b3f9f30d2db99aad,situation.israel_lebanon_hezbollah,2026-08-06T13:10:54+00:00,0.307,1,Has Burnham kept his promise to do better on Israel’s war on Gaza?,https://www.aljazeera.com/video/newsfeed/2026/7/27/has-burnham-kept-his-promise-to-do-better-on-israels-war-on-gaza?traffic_source=rss,,
e957caed60f5fc02,situation.israel_lebanon_hezbollah,2026-08-06T13:10:54+00:00,0.307,1,Hopes of return to diplomacy as US-Iran hold fire for third day,https://www.aljazeera.com/news/2026/7/27/hopes-of-return-to-diplomacy-as-us-iran-hold-fire-for-third-day?traffic_source=rss,,
5a4b781b128130ca,situation.israel_lebanon_hezbollah,2026-08-06T13:10:54+00:00,0.307,1,"As the US pauses the war with Iran, is Trump really running out of weapons?",https://www.bbc.co.uk/news/articles/c0qvnk2ezp7o?at_medium=RSS&at_campaign=rss,,
6be2b972a943cffe,situation.israel_lebanon_hezbollah,2026-08-06T13:10:54+00:00,0.307,1,Saudi Arabia defends against drone strikes from ‘Iran-backed’ groups,https://www.aljazeera.com/news/2026/7/27/saudi-arabia-defends-against-drone-strikes-from-iran-backed-groups?traffic_source=rss,,
ca6d57caeace394f,situation.israel_lebanon_hezbollah,2026-08-06T13:10:54+00:00,0.307,1,Lebanon’s displaced endure ‘exhaustion and despair’,https://www.aljazeera.com/video/newsfeed/2026/7/27/lebanons-displaced-endure-exhaustion-and?traffic_source=rss,,
23a5f64043614952,situation.israel_lebanon_hezbollah,2026-08-06T13:10:54+00:00,0.307,1,Students and staff work to bring Islamic University of Gaza back to life,https://www.aljazeera.com/features/2026/7/27/students-staff-work-to-bring-the-islamic-university-of-gaza-back-to-life?traffic_source=rss,,
ce448e4168636afa,situation.israel_lebanon_hezbollah,2026-08-06T13:10:54+00:00,0.307,1,Gaza student tops national exams despite war and displacement,https://www.aljazeera.com/video/newsfeed/2026/7/27/gaza-student-tops-national-exams-despite-war-and-displacement?traffic_source=rss,,
b11a102bd0e7250b,situation.israel_lebanon_hezbollah,2026-08-06T13:10:54+00:00,0.307,1,"Israel’s approval of limited Gaza force a calculated manoeuvre, experts say",https://www.aljazeera.com/news/2026/7/27/israels-approval-of-limited-gaza-force-a-calculated-manoeuvre-experts-say?traffic_source=rss,,
8c65f1ec14f813d9,situation.israel_lebanon_hezbollah,2026-08-06T13:10:54+00:00,0.307,1,"Five decades of Israeli covert strategy to push US, Iran into confrontation",https://www.aljazeera.com/opinions/2026/7/27/five-decades-of-israeli-covert-strategy-to-push-us-iran-into-confrontation?traffic_source=rss,,
8990288cb01f75d6,situation.israel_lebanon_hezbollah,2026-08-06T13:10:54+00:00,0.307,1,How Israel uses settler-soldier terror to colonise the West Bank,https://www.aljazeera.com/opinions/2026/7/27/how-israel-uses-settler-soldier-terror-to-colonise-the-west-bank?traffic_source=rss,,
bc7b4369ae7e8d9b,situation.israel_lebanon_hezbollah,2026-08-06T13:10:54+00:00,0.307,1,Iran: Currently no negotiations with the US,https://www.aljazeera.com/video/newsfeed/2026/7/27/iran-currently-no-negotiations-with-the-us?traffic_source=rss,,
883a6146d258beaa,situation.israel_lebanon_hezbollah,2026-08-06T13:10:54+00:00,0.307,1,Will UNESCO’s heritage listing halt Israeli plans for West Bank’s Sebastia?,https://www.aljazeera.com/news/2026/7/27/will-unescos-heritage-listing-halt-israeli-plans-for-west-banks-sebastia?traffic_source=rss,,
e7c69e0cec7bad95,situation.israel_lebanon_hezbollah,2026-08-06T13:10:54+00:00,0.307,1,More than 600 US military service members injured since Iran War began in February,https://www.bbc.co.uk/news/articles/c998pzd1e8xo?at_medium=RSS&at_campaign=rss,,
ffadd0f83721709c,situation.israel_lebanon_hezbollah,2026-08-06T13:10:54+00:00,0.307,1,Ukraine dismisses Iranian threats as Caspian Sea strike directly links wars,https://www.bbc.co.uk/news/articles/cwyj7yl0xndo?at_medium=RSS&at_campaign=rss,,
a4941a3d782710a3,situation.israel_lebanon_hezbollah,2026-08-06T13:10:54+00:00,0.307,1,Security Council LIVE: Spotlight on Syria as Guterres heads to Damascus,https://news.un.org/feed/view/en/story/2026/07/1167984,,
079798ec2daabe31,situation.israel_lebanon_hezbollah,2026-08-06T13:10:54+00:00,0.307,1,Guterres calls for stepping up diplomatic efforts to end US-Iran conflict,https://news.un.org/feed/view/en/story/2026/07/1167989,,
0ee198d8c39455c7,situation.israel_lebanon_hezbollah,2026-08-06T13:10:54+00:00,0.307,1,Thousands prevented from returning home to southern Lebanon,https://news.un.org/feed/view/en/story/2026/07/1168003,,
2e40a26adec2aa55,situation.israel_lebanon_hezbollah,2026-08-06T13:10:54+00:00,0.307,1,Iran urged to stop protest-related executions,https://news.un.org/feed/view/en/story/2026/07/1168009,,
a39dcad5d7fc3b54,situation.israel_lebanon_hezbollah,2026-08-06T13:10:54+00:00,0.307,1,Trump says ‘it’s time’ for Saudi Arabia to normalise ties with Israel,https://www.aljazeera.com/news/2026/7/24/trump-says-its-time-for-saudi-arabia-to-normalise-ties-with-israel?traffic_source=rss,,
8f92e53d861356c3,situation.israel_lebanon_hezbollah,2026-08-06T13:10:54+00:00,0.307,1,Iran war live: Trump says US ‘locked and loaded’ as it seeks Iran talks,https://www.aljazeera.com/news/liveblog/2026/7/25/iran-war-live-trump-says-us-locked-and-loaded-as-it-seeks-iran-talks?traffic_source=rss,,
f563cf0043c33174,situation.israel_lebanon_hezbollah,2026-08-06T13:10:54+00:00,0.307,1,Born too soon: Premature babies fight for survival in Gaza,https://www.aljazeera.com/features/2026/7/25/born-too-soon-premature-babies-fighting-for-survival-in-gaza?traffic_source=rss,,
a07b6c8db90a2b21,situation.israel_lebanon_hezbollah,2026-08-06T13:10:54+00:00,0.307,1,Israel arrests dozens of Palestinians in West Bank amid settler attacks,https://www.aljazeera.com/news/2026/7/25/israel-arrests-dozens-of-palestinians-in-west-bank-amid-settler-attacks?traffic_source=rss,,
9f98c8b976b7c2a9,situation.israel_lebanon_hezbollah,2026-08-06T13:10:54+00:00,0.307,1,How Volker Turk won a new term as UN rights chief despite Israel opposition,https://www.aljazeera.com/news/2026/7/25/how-volker-turk-won-a-new-term-as-un-rights-chief-despite-israel-opposition?traffic_source=rss,,
388e4f7d300818ea,situation.israel_lebanon_hezbollah,2026-08-06T13:10:54+00:00,0.307,1,'What was their crime?': BBC visits Iran school where strike killed 120 children,https://www.bbc.co.uk/news/articles/cewrx0ldlkko?at_medium=RSS&at_campaign=rss,,
1b9dfe391b7f71ca,situation.israel_lebanon_hezbollah,2026-08-06T13:10:54+00:00,0.307,1,Houthi attacks raise fears of wider Middle East conflict and more global economic damage,https://www.bbc.co.uk/news/articles/cvgve0vxy1yo?at_medium=RSS&at_campaign=rss,,
2e07fc49133079c4,situation.israel_lebanon_hezbollah,2026-08-06T13:10:54+00:00,0.307,1,Iran-backed Houthis claim missile attack on Saudi Arabia,https://www.bbc.co.uk/news/articles/cj9d27v70j1o?at_medium=RSS&at_campaign=rss,,
