timestamp_utc,source,headline,url,matched_entities,matched_keywords,heuristic_type,amp_context,status
2026-07-25T10:41:27+00:00,gdelt,[GDELT] DJIBOUTI / SAUDI ARABIA: fight/clash signal,"https://www.gdnonline.com:443/Details/1401607/Saudi-vessel-damaged-in-Red-Sea-attack,-crew-safe,-says-report",SAU,,unmapped,Inventories 1.5σ below seasonal norm (H2 amplifier ON); VIX 56th pct (H1 ON). A supply shock today lands on a physically primed but psychologically stressed market.,new
2026-07-25T10:41:27+00:00,gdelt,[GDELT] PRESIDENT / IRAN: assault signal,https://www.westhawaiitoday.com/2026/07/25/nation-world-news/trump-meets-with-top-advisers-as-he-weighs-a-major-escalation-in-iran/,IRN,escalation,conflict_escalation,Inventories 1.5σ below seasonal norm (H2 amplifier ON); VIX 56th pct (H1 ON). A supply shock today lands on a physically primed but psychologically stressed market.,new
2026-07-25T10:41:27+00:00,gdelt,[GDELT] ISRAELI / ?: fight/clash signal,https://english.wafa.ps/Pages/Details/172901,ISR,,unmapped,Inventories 1.5σ below seasonal norm (H2 amplifier ON); VIX 56th pct (H1 ON). A supply shock today lands on a physically primed but psychologically stressed market.,new
2026-07-25T10:41:27+00:00,gdelt,[GDELT] ISRAELI / CITIZEN: assault signal,https://imemc.org/article/west-bank-colonizers-attack-palestinians-burn-homes-soldiers-injure-two/,ISR,,unmapped,Inventories 1.5σ below seasonal norm (H2 amplifier ON); VIX 56th pct (H1 ON). A supply shock today lands on a physically primed but psychologically stressed market.,new
2026-07-25T10:41:27+00:00,gdelt,[GDELT] JERUSALEM / MILITARY: fight/clash signal,https://english.wafa.ps/Pages/Details/172904,ISR,,unmapped,Inventories 1.5σ below seasonal norm (H2 amplifier ON); VIX 56th pct (H1 ON). A supply shock today lands on a physically primed but psychologically stressed market.,new
2026-07-25T10:41:27+00:00,gdelt,[GDELT] ISRAELI / WEST BANK: fight/clash signal,https://www.thenationalnews.com/news/mena/2026/07/25/israel-launches-large-scale-raid-on-west-bank-village-after-day-of-deadly-violence/,ISR,,unmapped,Inventories 1.5σ below seasonal norm (H2 amplifier ON); VIX 56th pct (H1 ON). A supply shock today lands on a physically primed but psychologically stressed market.,new
2026-07-25T10:41:27+00:00,gdelt,[GDELT] ISRAELI / PALESTINIAN: fight/clash signal,https://www.naharnet.com/stories/en/321466-palestinians-bury-four-killed-in-west-bank-clash-with-israeli-settlers,ISR,,unmapped,Inventories 1.5σ below seasonal norm (H2 amplifier ON); VIX 56th pct (H1 ON). A supply shock today lands on a physically primed but psychologically stressed market.,new
2026-07-25T10:41:27+00:00,gdelt,[GDELT] ISRAELI / PALESTINIAN: fight/clash signal,https://dailypioneer.com/news/4-palestinians-1-israeli-dead-after-west-bank-shooting,ISR,,unmapped,Inventories 1.5σ below seasonal norm (H2 amplifier ON); VIX 56th pct (H1 ON). A supply shock today lands on a physically primed but psychologically stressed market.,new
2026-07-25T10:41:27+00:00,gdelt,[GDELT] TURK / LEBANON: assault signal,https://www.aljazeera.com/news/2026/7/25/how-volker-turk-won-a-new-term-as-un-rights-chief-despite-israel-opposition,LBN,,unmapped,Inventories 1.5σ below seasonal norm (H2 amplifier ON); VIX 56th pct (H1 ON). A supply shock today lands on a physically primed but psychologically stressed market.,new
2026-07-25T10:41:27+00:00,rss:bbc_world,Iran-backed Houthis claim missile attack on Saudi Arabia,https://www.bbc.co.uk/news/articles/cj9d27v70j1o?at_medium=RSS&at_campaign=rss,country.iran;country.saudi_arabia,tanker;missile;blockade;houthi,infrastructure_attack,Inventories 1.5σ below seasonal norm (H2 amplifier ON); VIX 56th pct (H1 ON). A supply shock today lands on a physically primed but psychologically stressed market.,new
2026-07-25T10:41:27+00:00,rss:bbc_world,Ten killed in Russian attack on drone exhibition near Kyiv,https://www.bbc.co.uk/news/articles/cj637zd1k1ko?at_medium=RSS&at_campaign=rss,,missile,conflict_escalation,Inventories 1.5σ below seasonal norm (H2 amplifier ON); VIX 56th pct (H1 ON). A supply shock today lands on a physically primed but psychologically stressed market.,new
2026-07-25T10:41:27+00:00,rss:bbc_world,World chess chief faces endgame after EU announces Russia war sanctions,https://www.bbc.co.uk/news/articles/cewrk58k2k4o?at_medium=RSS&at_campaign=rss,country.russia,sanctions,sanctions,Inventories 1.5σ below seasonal norm (H2 amplifier ON); VIX 56th pct (H1 ON). A supply shock today lands on a physically primed but psychologically stressed market.,new
2026-07-25T10:41:27+00:00,rss:bbc_world,Houthi attacks raise fears of wider Middle East conflict and more global economic damage,https://www.bbc.co.uk/news/articles/cvgve0vxy1yo?at_medium=RSS&at_campaign=rss,country.iran;country.yemen,houthi,chokepoint_disruption,Inventories 1.5σ below seasonal norm (H2 amplifier ON); VIX 56th pct (H1 ON). A supply shock today lands on a physically primed but psychologically stressed market.,new
2026-07-25T10:41:27+00:00,rss:bbc_world,'What was their crime?': BBC visits Iran school where strike killed 120 children,https://www.bbc.co.uk/news/articles/cewrx0ldlkko?at_medium=RSS&at_campaign=rss,country.iran,,unmapped,Inventories 1.5σ below seasonal norm (H2 amplifier ON); VIX 56th pct (H1 ON). A supply shock today lands on a physically primed but psychologically stressed market.,new
2026-07-25T10:41:27+00:00,rss:bbc_world,Families still search for bodies a month after Venezuela earthquakes,https://www.bbc.co.uk/news/videos/cwylplxk8nko?at_medium=RSS&at_campaign=rss,country.venezuela,,unmapped,Inventories 1.5σ below seasonal norm (H2 amplifier ON); VIX 56th pct (H1 ON). A supply shock today lands on a physically primed but psychologically stressed market.,new
2026-07-25T10:41:27+00:00,rss:aljazeera,How Volker Turk won a new term as UN rights chief despite Israel opposition,https://www.aljazeera.com/news/2026/7/25/how-volker-turk-won-a-new-term-as-un-rights-chief-despite-israel-opposition?traffic_source=rss,country.israel;country.russia,,unmapped,Inventories 1.5σ below seasonal norm (H2 amplifier ON); VIX 56th pct (H1 ON). A supply shock today lands on a physically primed but psychologically stressed market.,new
2026-07-25T10:41:27+00:00,rss:aljazeera,Israel arrests dozens of Palestinians in West Bank amid settler attacks,https://www.aljazeera.com/news/2026/7/25/israel-arrests-dozens-of-palestinians-in-west-bank-amid-settler-attacks?traffic_source=rss,country.israel,,unmapped,Inventories 1.5σ below seasonal norm (H2 amplifier ON); VIX 56th pct (H1 ON). A supply shock today lands on a physically primed but psychologically stressed market.,new
2026-07-25T10:41:27+00:00,rss:aljazeera,Born too soon: Premature babies fight for survival in Gaza,https://www.aljazeera.com/features/2026/7/25/born-too-soon-premature-babies-fighting-for-survival-in-gaza?traffic_source=rss,country.israel,,unmapped,Inventories 1.5σ below seasonal norm (H2 amplifier ON); VIX 56th pct (H1 ON). A supply shock today lands on a physically primed but psychologically stressed market.,new
2026-07-25T10:41:27+00:00,rss:aljazeera,Guterres arrives in Syria in first official visit by a UN chief in 17 years,https://www.aljazeera.com/news/2026/7/25/guterres-arrives-in-syria-in-first-official-visit-by-a-un-chief-in-17-years?traffic_source=rss,,sanctions,sanctions,Inventories 1.5σ below seasonal norm (H2 amplifier ON); VIX 56th pct (H1 ON). A supply shock today lands on a physically primed but psychologically stressed market.,new
2026-07-25T10:41:27+00:00,rss:aljazeera,Venezuelans hold vigil one month after devastating earthquakes,https://www.aljazeera.com/video/newsfeed/2026/7/25/venezuelans-hold-vigil-one-month-after-devastating-earthquakes?traffic_source=rss,country.venezuela,,unmapped,Inventories 1.5σ below seasonal norm (H2 amplifier ON); VIX 56th pct (H1 ON). A supply shock today lands on a physically primed but psychologically stressed market.,new
2026-07-25T10:41:27+00:00,rss:aljazeera,Saudi-led coalition strikes Houthi-controlled Hodeidah,https://www.aljazeera.com/video/newsfeed/2026/7/25/saudi-led-coalition-strikes-houthi-controlled-hodeidah?traffic_source=rss,,houthi,chokepoint_disruption,Inventories 1.5σ below seasonal norm (H2 amplifier ON); VIX 56th pct (H1 ON). A supply shock today lands on a physically primed but psychologically stressed market.,new
2026-07-25T10:41:27+00:00,rss:aljazeera,Iran war live: Trump says US ‘locked and loaded’ as it seeks Iran talks,https://www.aljazeera.com/news/liveblog/2026/7/25/iran-war-live-trump-says-us-locked-and-loaded-as-it-seeks-iran-talks?traffic_source=rss,country.iran,,unmapped,Inventories 1.5σ below seasonal norm (H2 amplifier ON); VIX 56th pct (H1 ON). A supply shock today lands on a physically primed but psychologically stressed market.,new
2026-07-25T10:41:27+00:00,rss:aljazeera,Trump says ‘it’s time’ for Saudi Arabia to normalise ties with Israel,https://www.aljazeera.com/news/2026/7/24/trump-says-its-time-for-saudi-arabia-to-normalise-ties-with-israel?traffic_source=rss,country.israel;country.saudi_arabia,nuclear,conflict_escalation,Inventories 1.5σ below seasonal norm (H2 amplifier ON); VIX 56th pct (H1 ON). A supply shock today lands on a physically primed but psychologically stressed market.,new
2026-07-25T10:41:27+00:00,rss:un_news,‘Women do not stop giving birth in an emergency’ – one month after Venezuela quakes,https://news.un.org/feed/view/en/story/2026/07/1168021,country.venezuela,,unmapped,Inventories 1.5σ below seasonal norm (H2 amplifier ON); VIX 56th pct (H1 ON). A supply shock today lands on a physically primed but psychologically stressed market.,new
2026-07-25T10:41:27+00:00,rss:un_news,"After an Ebola centre was attacked, peacekeepers moved in next door",https://news.un.org/feed/view/en/story/2026/07/1168018,,spr,policy_response,Inventories 1.5σ below seasonal norm (H2 amplifier ON); VIX 56th pct (H1 ON). A supply shock today lands on a physically primed but psychologically stressed market.,new
2026-07-25T10:41:27+00:00,rss:un_news,Middle East: UN warns against wider escalation after Houthi attacks in the Red Sea,https://news.un.org/feed/view/en/story/2026/07/1168016,chokepoint.hormuz;country.iran,strait;hormuz;red sea;houthi;escalation,chokepoint_disruption,Inventories 1.5σ below seasonal norm (H2 amplifier ON); VIX 56th pct (H1 ON). A supply shock today lands on a physically primed but psychologically stressed market.,new
2026-07-25T10:41:27+00:00,rss:un_news,"In El Obeid, Sudanese women face drones by day, rape by night, to reach water",https://news.un.org/feed/view/en/story/2026/07/1168012,,drone strike,conflict_escalation,Inventories 1.5σ below seasonal norm (H2 amplifier ON); VIX 56th pct (H1 ON). A supply shock today lands on a physically primed but psychologically stressed market.,new
2026-07-25T10:41:27+00:00,rss:un_news,Iran urged to stop protest-related executions,https://news.un.org/feed/view/en/story/2026/07/1168009,country.iran,,unmapped,Inventories 1.5σ below seasonal norm (H2 amplifier ON); VIX 56th pct (H1 ON). A supply shock today lands on a physically primed but psychologically stressed market.,new
2026-07-25T10:41:27+00:00,rss:un_news,Stranded seafarers remain trapped as Hormuz shipping stalls,https://news.un.org/feed/view/en/story/2026/07/1168004,chokepoint.hormuz;country.iran,strait;hormuz,chokepoint_disruption,Inventories 1.5σ below seasonal norm (H2 amplifier ON); VIX 56th pct (H1 ON). A supply shock today lands on a physically primed but psychologically stressed market.,new
2026-07-25T10:41:27+00:00,rss:un_news,Thousands prevented from returning home to southern Lebanon,https://news.un.org/feed/view/en/story/2026/07/1168003,country.lebanon,,unmapped,Inventories 1.5σ below seasonal norm (H2 amplifier ON); VIX 56th pct (H1 ON). A supply shock today lands on a physically primed but psychologically stressed market.,new
2026-07-25T10:41:27+00:00,rss:un_news,"World News in Brief: Aid for Ukraine, drone attacks in Sudan, DR Congo deaths, neurological disorders in the Americas",https://news.un.org/feed/view/en/story/2026/07/1168000,country.ukraine,,unmapped,Inventories 1.5σ below seasonal norm (H2 amplifier ON); VIX 56th pct (H1 ON). A supply shock today lands on a physically primed but psychologically stressed market.,new
2026-07-25T10:41:27+00:00,rss:un_news,"World News in Brief: Sexual violence in DR Congo, deaths in Ukraine and Russia, crime in Southeast Asia",https://news.un.org/feed/view/en/story/2026/07/1167992,country.russia;country.ukraine,,unmapped,Inventories 1.5σ below seasonal norm (H2 amplifier ON); VIX 56th pct (H1 ON). A supply shock today lands on a physically primed but psychologically stressed market.,new
2026-07-25T10:41:27+00:00,rss:un_news,Guterres calls for stepping up diplomatic efforts to end US-Iran conflict,https://news.un.org/feed/view/en/story/2026/07/1167989,country.iran,,unmapped,Inventories 1.5σ below seasonal norm (H2 amplifier ON); VIX 56th pct (H1 ON). A supply shock today lands on a physically primed but psychologically stressed market.,new
2026-07-25T10:41:27+00:00,rss:un_news,Security Council LIVE: Spotlight on Syria as Guterres heads to Damascus,https://news.un.org/feed/view/en/story/2026/07/1167984,chokepoint.hormuz;country.iran,strait;pipeline;hormuz,infrastructure_attack,Inventories 1.5σ below seasonal norm (H2 amplifier ON); VIX 56th pct (H1 ON). A supply shock today lands on a physically primed but psychologically stressed market.,new
2026-07-25T10:41:27+00:00,rss:eia_energy,"Energia Costa Azul, Mexico's second LNG terminal, shipped first cargo",https://www.eia.gov/todayinenergy/detail.php?id=67884,commodity.natgas,lng;natural gas,unmapped,Inventories 1.5σ below seasonal norm (H2 amplifier ON); VIX 56th pct (H1 ON). A supply shock today lands on a physically primed but psychologically stressed market.,new
2026-07-25T10:41:27+00:00,rss:eia_energy,Commercial crude oil inventories increased by 2.0 million barrels,https://www.eia.gov/todayinenergy/detail.php?id=67868,,crude,infrastructure_attack,Inventories 1.5σ below seasonal norm (H2 amplifier ON); VIX 56th pct (H1 ON). A supply shock today lands on a physically primed but psychologically stressed market.,new
2026-07-25T10:41:27+00:00,rss:eia_energy,What are tank bottoms?,https://www.eia.gov/todayinenergy/detail.php?id=67866,,crude,infrastructure_attack,Inventories 1.5σ below seasonal norm (H2 amplifier ON); VIX 56th pct (H1 ON). A supply shock today lands on a physically primed but psychologically stressed market.,new
2026-07-25T10:41:27+00:00,rss:eia_energy,Petroleum markets responded to disruptions in the Middle East in the second quarter,https://www.eia.gov/todayinenergy/detail.php?id=67865,chokepoint.hormuz,strait;refinery;crude;hormuz,infrastructure_attack,Inventories 1.5σ below seasonal norm (H2 amplifier ON); VIX 56th pct (H1 ON). A supply shock today lands on a physically primed but psychologically stressed market.,new
2026-07-25T10:41:27+00:00,rss:eia_energy,Global liquefied natural gas trade volumes reached record high in 2025,https://www.eia.gov/todayinenergy/detail.php?id=67864,commodity.natgas,lng;natural gas,unmapped,Inventories 1.5σ below seasonal norm (H2 amplifier ON); VIX 56th pct (H1 ON). A supply shock today lands on a physically primed but psychologically stressed market.,new
2026-07-25T10:41:27+00:00,rss:eia_energy,The United States produced more crude oil than any other country in 2025,https://www.eia.gov/todayinenergy/detail.php?id=67844,country.russia,crude,infrastructure_attack,Inventories 1.5σ below seasonal norm (H2 amplifier ON); VIX 56th pct (H1 ON). A supply shock today lands on a physically primed but psychologically stressed market.,new
2026-07-25T10:41:27+00:00,rss:eia_energy,U.S. exports of crude oil and petroleum products reached record in April,https://www.eia.gov/todayinenergy/detail.php?id=67825,chokepoint.hormuz,strait;crude;hormuz,infrastructure_attack,Inventories 1.5σ below seasonal norm (H2 amplifier ON); VIX 56th pct (H1 ON). A supply shock today lands on a physically primed but psychologically stressed market.,new
2026-07-25T10:41:27+00:00,rss:eia_energy,The 250-year history of U.S. energy consumption,https://www.eia.gov/todayinenergy/detail.php?id=67824,commodity.natgas,nuclear;natural gas,conflict_escalation,Inventories 1.5σ below seasonal norm (H2 amplifier ON); VIX 56th pct (H1 ON). A supply shock today lands on a physically primed but psychologically stressed market.,new
2026-07-25T10:41:27+00:00,rss:eia_energy,U.S. refining capacity decreased during 2025,https://www.eia.gov/todayinenergy/detail.php?id=67807,,refinery,infrastructure_attack,Inventories 1.5σ below seasonal norm (H2 amplifier ON); VIX 56th pct (H1 ON). A supply shock today lands on a physically primed but psychologically stressed market.,new
2026-07-25T10:41:27+00:00,rss:eia_energy,Metered electricity demand in the New York ISO falls midday because of small-scale solar,https://www.eia.gov/todayinenergy/detail.php?id=67806,,spr,policy_response,Inventories 1.5σ below seasonal norm (H2 amplifier ON); VIX 56th pct (H1 ON). A supply shock today lands on a physically primed but psychologically stressed market.,new
2026-07-25T10:41:27+00:00,rss:eia_energy,U.S. commercial crude oil inventories have decreased in June,https://www.eia.gov/todayinenergy/detail.php?id=67805,,crude,infrastructure_attack,Inventories 1.5σ below seasonal norm (H2 amplifier ON); VIX 56th pct (H1 ON). A supply shock today lands on a physically primed but psychologically stressed market.,new
2026-07-25T10:41:27+00:00,rss:eia_energy,UAE's exit from OPEC+ reduced the group's share of crude oil production and capacity,https://www.eia.gov/todayinenergy/detail.php?id=67804,country.iran;country.iraq;country.kuwait;country.saudi_arabia;country.venezuela;institution.opec,crude;opec,opec_decision,Inventories 1.5σ below seasonal norm (H2 amplifier ON); VIX 56th pct (H1 ON). A supply shock today lands on a physically primed but psychologically stressed market.,new
2026-07-25T10:41:27+00:00,rss:eia_energy,Permian natural gas production increased faster than crude oil,https://www.eia.gov/todayinenergy/detail.php?id=67785,commodity.natgas,crude;natural gas,infrastructure_attack,Inventories 1.5σ below seasonal norm (H2 amplifier ON); VIX 56th pct (H1 ON). A supply shock today lands on a physically primed but psychologically stressed market.,new
2026-07-25T10:41:27+00:00,rss:eia_energy,Solar generation in CAISO surpassed natural gas in the first five months of 2026,https://www.eia.gov/todayinenergy/detail.php?id=67784,commodity.natgas,natural gas,unmapped,Inventories 1.5σ below seasonal norm (H2 amplifier ON); VIX 56th pct (H1 ON). A supply shock today lands on a physically primed but psychologically stressed market.,new
2026-07-25T10:41:27+00:00,rss:eia_energy,U.S. jet fuel production rises after prices doubled in March,https://www.eia.gov/todayinenergy/detail.php?id=67764,chokepoint.hormuz,strait;crude;hormuz,infrastructure_attack,Inventories 1.5σ below seasonal norm (H2 amplifier ON); VIX 56th pct (H1 ON). A supply shock today lands on a physically primed but psychologically stressed market.,new
2026-07-25T10:41:27+00:00,rss:eia_energy,China's nuclear power capacity nearly doubled since 2016,https://www.eia.gov/todayinenergy/detail.php?id=67746,,nuclear,conflict_escalation,Inventories 1.5σ below seasonal norm (H2 amplifier ON); VIX 56th pct (H1 ON). A supply shock today lands on a physically primed but psychologically stressed market.,new
2026-07-25T10:41:27+00:00,rss:eia_energy,U.S. natural gas storage capacity increased slightly in 2025,https://www.eia.gov/todayinenergy/detail.php?id=67745,commodity.natgas,natural gas,unmapped,Inventories 1.5σ below seasonal norm (H2 amplifier ON); VIX 56th pct (H1 ON). A supply shock today lands on a physically primed but psychologically stressed market.,new
2026-07-25T10:41:27+00:00,rss:eia_energy,California natural gas prices reach historic lows in early 2026,https://www.eia.gov/todayinenergy/detail.php?id=67744,commodity.natgas,natural gas,unmapped,Inventories 1.5σ below seasonal norm (H2 amplifier ON); VIX 56th pct (H1 ON). A supply shock today lands on a physically primed but psychologically stressed market.,new
2026-07-25T12:10:02+00:00,gdelt,[GDELT] LONDON / SAUDI: assault signal,https://tribuneonlineng.com/how-young-saudi-prince-died-in-london-hotel-after-taking-cocktail-of-drugs/,SAU,,unmapped,Inventories 1.5σ below seasonal norm (H2 amplifier ON); VIX 56th pct (H1 ON). A supply shock today lands on a physically primed but psychologically stressed market.,new
2026-07-25T12:10:02+00:00,gdelt,[GDELT] IRAN / SAUDI ARABIAN: fight/clash signal,https://www.foxnews.com/live-news/iran-war-trump-houthis-saudi-arabia-escalation-07-25-26,IRN;SAU,houthi;escalation,chokepoint_disruption,Inventories 1.5σ below seasonal norm (H2 amplifier ON); VIX 56th pct (H1 ON). A supply shock today lands on a physically primed but psychologically stressed market.,new
2026-07-25T12:10:02+00:00,gdelt,[GDELT] UKRAINE / RUSSIA: fight/clash signal,https://www.suasnews.com/2026/07/fleet-of-spy-drones-to-equip-british-soldiers-and-back-jobs-in-south-west-england-and-wales/,RUS;UKR,,unmapped,Inventories 1.5σ below seasonal norm (H2 amplifier ON); VIX 56th pct (H1 ON). A supply shock today lands on a physically primed but psychologically stressed market.,new
2026-07-25T12:10:02+00:00,gdelt,[GDELT] US OFFICIAL / IRAN: fight/clash signal,https://www.dailymail.com/news/us-politics/article-16003741/US-spies-fear-Trumps-brutal-war-Iran-driven-new-leader-CLOSER-thermonuclear-warhead.html,IRN,nuclear,conflict_escalation,Inventories 1.5σ below seasonal norm (H2 amplifier ON); VIX 56th pct (H1 ON). A supply shock today lands on a physically primed but psychologically stressed market.,new
2026-07-27T18:00:44+00:00,gdelt,[GDELT] IRAN / UKRAINE: fight/clash signal,https://www.dailykos.com/stories/2026/7/27/800075505/community/russian-stuff-blowing-up/,IRN;UKR,,unmapped,Inventories 1.5σ below seasonal norm (H2 amplifier ON); VIX 55th pct (H1 ON). A supply shock today lands on a physically primed but psychologically stressed market.,new
2026-07-27T18:00:44+00:00,gdelt,[GDELT] ISRAELI / GAZA: assault signal,https://oswegocountytoday.com/opinion/letters-to-the-editor/children-pay-the-highest-price/,ISR,,unmapped,Inventories 1.5σ below seasonal norm (H2 amplifier ON); VIX 55th pct (H1 ON). A supply shock today lands on a physically primed but psychologically stressed market.,new
2026-07-27T18:00:44+00:00,gdelt,[GDELT] ISRAELI / SYRIA: fight/clash signal,https://www.thehindu.com/news/international/syria-president-tells-al-jazeera-his-country-seeks-security-deal-with-israel/article71274325.ece,ISR,,unmapped,Inventories 1.5σ below seasonal norm (H2 amplifier ON); VIX 55th pct (H1 ON). A supply shock today lands on a physically primed but psychologically stressed market.,new
2026-07-27T18:00:44+00:00,gdelt,[GDELT] WEST BANK / ISRAEL: fight/clash signal,https://www.democracynow.org/2026/7/27/headlines/israeli_settlers_torch_mosques_in_violent_attacks_on_palestinian_towns_and_villages_in_the_occupied_west_bank,ISR,,unmapped,Inventories 1.5σ below seasonal norm (H2 amplifier ON); VIX 55th pct (H1 ON). A supply shock today lands on a physically primed but psychologically stressed market.,new
2026-07-27T18:00:44+00:00,gdelt,[GDELT] SAUDI ARABIA / IRAQ: fight/clash signal,https://yalibnan.com/2026/07/27/advertising-weakness-does-not-win-wars-it-makes-americas-allies-suffer/,IRQ;SAU,,unmapped,Inventories 1.5σ below seasonal norm (H2 amplifier ON); VIX 55th pct (H1 ON). A supply shock today lands on a physically primed but psychologically stressed market.,new
2026-07-27T18:00:44+00:00,rss:bbc_world,Ukraine dismisses Iranian threats as Caspian Sea strike directly links wars,https://www.bbc.co.uk/news/articles/cwyj7yl0xndo?at_medium=RSS&at_campaign=rss,country.iran;country.ukraine,,unmapped,Inventories 1.5σ below seasonal norm (H2 amplifier ON); VIX 55th pct (H1 ON). A supply shock today lands on a physically primed but psychologically stressed market.,new
2026-07-27T18:00:44+00:00,rss:bbc_world,More than 600 US military service members injured since Iran War began in February,https://www.bbc.co.uk/news/articles/c998pzd1e8xo?at_medium=RSS&at_campaign=rss,country.iran,,unmapped,Inventories 1.5σ below seasonal norm (H2 amplifier ON); VIX 55th pct (H1 ON). A supply shock today lands on a physically primed but psychologically stressed market.,new
2026-07-27T18:00:44+00:00,rss:bbc_world,Oil price dives as US and Iran pause attacks,https://www.bbc.co.uk/news/articles/clyj834jn5lo?at_medium=RSS&at_campaign=rss,country.iran,,unmapped,Inventories 1.5σ below seasonal norm (H2 amplifier ON); VIX 55th pct (H1 ON). A supply shock today lands on a physically primed but psychologically stressed market.,new
2026-07-27T18:00:44+00:00,rss:bbc_world,Chile captures fugitive convicted of singer Victor Jara's murder under Pinochet,https://www.bbc.co.uk/news/articles/c3w0xwj8vzyo?at_medium=RSS&at_campaign=rss,,coup,unmapped,Inventories 1.5σ below seasonal norm (H2 amplifier ON); VIX 55th pct (H1 ON). A supply shock today lands on a physically primed but psychologically stressed market.,new
2026-07-27T18:00:44+00:00,rss:bbc_world,"Zelensky visit sends clear message of support for Ukraine, Burnham says",https://www.bbc.co.uk/news/articles/cy8me5vyjg2o?at_medium=RSS&at_campaign=rss,country.ukraine,,unmapped,Inventories 1.5σ below seasonal norm (H2 amplifier ON); VIX 55th pct (H1 ON). A supply shock today lands on a physically primed but psychologically stressed market.,new
2026-07-27T18:00:44+00:00,rss:aljazeera,New UK PM Burnham assures Zelenskyy of continuing Ukraine support,https://www.aljazeera.com/news/2026/7/27/new-uk-pm-burnham-assures-zelenskyy-of-continuing-ukraine-support?traffic_source=rss,country.ukraine,,unmapped,Inventories 1.5σ below seasonal norm (H2 amplifier ON); VIX 55th pct (H1 ON). A supply shock today lands on a physically primed but psychologically stressed market.,new
2026-07-27T18:00:44+00:00,rss:aljazeera,Will UNESCO’s heritage listing halt Israeli plans for West Bank’s Sebastia?,https://www.aljazeera.com/news/2026/7/27/will-unescos-heritage-listing-halt-israeli-plans-for-west-banks-sebastia?traffic_source=rss,country.israel,,unmapped,Inventories 1.5σ below seasonal norm (H2 amplifier ON); VIX 55th pct (H1 ON). A supply shock today lands on a physically primed but psychologically stressed market.,new
2026-07-27T18:00:44+00:00,rss:aljazeera,What drove Venezuela’s decision to leave the ICC?,https://www.aljazeera.com/news/2026/7/27/what-drove-venezuelas-decision-to-leave-the-icc?traffic_source=rss,country.venezuela,,unmapped,Inventories 1.5σ below seasonal norm (H2 amplifier ON); VIX 55th pct (H1 ON). A supply shock today lands on a physically primed but psychologically stressed market.,new
2026-07-27T18:00:44+00:00,rss:aljazeera,Iran: Currently no negotiations with the US,https://www.aljazeera.com/video/newsfeed/2026/7/27/iran-currently-no-negotiations-with-the-us?traffic_source=rss,country.iran,,unmapped,Inventories 1.5σ below seasonal norm (H2 amplifier ON); VIX 55th pct (H1 ON). A supply shock today lands on a physically primed but psychologically stressed market.,new
2026-07-27T18:00:44+00:00,rss:aljazeera,How Israel uses settler-soldier terror to colonise the West Bank,https://www.aljazeera.com/opinions/2026/7/27/how-israel-uses-settler-soldier-terror-to-colonise-the-west-bank?traffic_source=rss,country.israel,,unmapped,Inventories 1.5σ below seasonal norm (H2 amplifier ON); VIX 55th pct (H1 ON). A supply shock today lands on a physically primed but psychologically stressed market.,new
2026-07-27T18:00:44+00:00,rss:aljazeera,Why Venezuela is leaving the ICC,https://www.aljazeera.com/video/newsfeed/2026/7/27/why-venezuela-is-leaving-the-icc?traffic_source=rss,country.venezuela,,unmapped,Inventories 1.5σ below seasonal norm (H2 amplifier ON); VIX 55th pct (H1 ON). A supply shock today lands on a physically primed but psychologically stressed market.,new
2026-07-27T18:00:44+00:00,rss:aljazeera,Why a new war in Yemen could be different for the Houthis,https://www.aljazeera.com/news/2026/7/27/why-a-new-war-in-yemen-could-be-different-for-the-houthis?traffic_source=rss,country.yemen,houthi,chokepoint_disruption,Inventories 1.5σ below seasonal norm (H2 amplifier ON); VIX 55th pct (H1 ON). A supply shock today lands on a physically primed but psychologically stressed market.,new
2026-07-27T18:00:44+00:00,rss:aljazeera,"Five decades of Israeli covert strategy to push US, Iran into confrontation",https://www.aljazeera.com/opinions/2026/7/27/five-decades-of-israeli-covert-strategy-to-push-us-iran-into-confrontation?traffic_source=rss,country.iran,,unmapped,Inventories 1.5σ below seasonal norm (H2 amplifier ON); VIX 55th pct (H1 ON). A supply shock today lands on a physically primed but psychologically stressed market.,new
2026-07-27T18:00:44+00:00,rss:aljazeera,"Israel’s approval of limited Gaza force a calculated manoeuvre, experts say",https://www.aljazeera.com/news/2026/7/27/israels-approval-of-limited-gaza-force-a-calculated-manoeuvre-experts-say?traffic_source=rss,country.israel,,unmapped,Inventories 1.5σ below seasonal norm (H2 amplifier ON); VIX 55th pct (H1 ON). A supply shock today lands on a physically primed but psychologically stressed market.,new
2026-07-27T18:00:44+00:00,rss:aljazeera,Gaza student tops national exams despite war and displacement,https://www.aljazeera.com/video/newsfeed/2026/7/27/gaza-student-tops-national-exams-despite-war-and-displacement?traffic_source=rss,country.israel,,unmapped,Inventories 1.5σ below seasonal norm (H2 amplifier ON); VIX 55th pct (H1 ON). A supply shock today lands on a physically primed but psychologically stressed market.,new
2026-07-27T18:00:44+00:00,rss:aljazeera,Students and staff work to bring Islamic University of Gaza back to life,https://www.aljazeera.com/features/2026/7/27/students-staff-work-to-bring-the-islamic-university-of-gaza-back-to-life?traffic_source=rss,country.israel,,unmapped,Inventories 1.5σ below seasonal norm (H2 amplifier ON); VIX 55th pct (H1 ON). A supply shock today lands on a physically primed but psychologically stressed market.,new
2026-07-27T18:00:44+00:00,rss:un_news,Security Council LIVE: Briefing on Ukraine as deadly Russian strikes hit cities and ports,https://news.un.org/feed/view/en/story/2026/07/1168029,country.ukraine,,unmapped,Inventories 1.5σ below seasonal norm (H2 amplifier ON); VIX 55th pct (H1 ON). A supply shock today lands on a physically primed but psychologically stressed market.,new
2026-07-27T18:31:07+00:00,gdelt,[GDELT] IRAN / BAHRAIN: fight/clash signal,https://dailycaller.com/2026/07/27/iran-says-us-claims-about-negotiations-are-fabricated/,IRN,,unmapped,Inventories 1.5σ below seasonal norm (H2 amplifier ON); VIX 55th pct (H1 ON). A supply shock today lands on a physically primed but psychologically stressed market.,new
2026-07-27T18:31:07+00:00,gdelt,[GDELT] IRANIAN / JORDAN: fight/clash signal,https://www.reviewjournal.com/news/politics-and-government/mediators-see-progress-in-efforts-to-halt-iran-war-as-drone-attacks-rattle-region-3855486/,IRN,,unmapped,Inventories 1.5σ below seasonal norm (H2 amplifier ON); VIX 55th pct (H1 ON). A supply shock today lands on a physically primed but psychologically stressed market.,new
2026-07-27T18:31:07+00:00,gdelt,[GDELT] ISRAEL / FINANCE MINIST: mass-violence signal,https://english.aawsat.com/world/5300599-israeli-generals-accuse-netanyahu-seeking-ignite-%E2%80%98third-intifada%E2%80%99,ISR,,unmapped,Inventories 1.5σ below seasonal norm (H2 amplifier ON); VIX 55th pct (H1 ON). A supply shock today lands on a physically primed but psychologically stressed market.,new
2026-07-27T18:31:07+00:00,gdelt,[GDELT] ISRAELI / LEBANESE: fight/clash signal,https://www.arabnews.com/node/2652493/middle-east,ISR;LBN,,unmapped,Inventories 1.5σ below seasonal norm (H2 amplifier ON); VIX 55th pct (H1 ON). A supply shock today lands on a physically primed but psychologically stressed market.,new
2026-07-27T18:31:07+00:00,rss:aljazeera,Lebanon’s displaced endure ‘exhaustion and despair’,https://www.aljazeera.com/video/newsfeed/2026/7/27/lebanons-displaced-endure-exhaustion-and?traffic_source=rss,country.lebanon,,unmapped,Inventories 1.5σ below seasonal norm (H2 amplifier ON); VIX 55th pct (H1 ON). A supply shock today lands on a physically primed but psychologically stressed market.,new
2026-07-27T18:31:07+00:00,rss:aljazeera,Saudi Arabia defends against drone strikes from ‘Iran-backed’ groups,https://www.aljazeera.com/news/2026/7/27/saudi-arabia-defends-against-drone-strikes-from-iran-backed-groups?traffic_source=rss,country.iran;country.iraq;country.saudi_arabia,drone strike,conflict_escalation,Inventories 1.5σ below seasonal norm (H2 amplifier ON); VIX 55th pct (H1 ON). A supply shock today lands on a physically primed but psychologically stressed market.,new
2026-07-27T18:31:07+00:00,rss:aljazeera,War on Iran: Phase II: Day 16,https://www.aljazeera.com/video/newsfeed/2026/7/27/war-on-iran-phase-ii-day-16?traffic_source=rss,country.iran,,unmapped,Inventories 1.5σ below seasonal norm (H2 amplifier ON); VIX 55th pct (H1 ON). A supply shock today lands on a physically primed but psychologically stressed market.,new
2026-07-27T21:18:55+00:00,gdelt,[GDELT] BERLIN / LEBANESE: fight/clash signal,https://www.staradvertiser.com/2026/07/27/breaking-news/germany-promises-security-overhaul-after-deadly-berlin-pride-attack/,LBN,,unmapped,Inventories 1.5σ below seasonal norm (H2 amplifier ON); VIX 55th pct (H1 ON). A supply shock today lands on a physically primed but psychologically stressed market.,new
2026-07-27T21:18:55+00:00,gdelt,[GDELT] AUTHORITIES / MEDINA: fight/clash signal,https://www.whmi.com/news/fox/illegal-immigrant-accused-murdering-college-student-dials-hearing-from-hospital-bed,SAU,,unmapped,Inventories 1.5σ below seasonal norm (H2 amplifier ON); VIX 55th pct (H1 ON). A supply shock today lands on a physically primed but psychologically stressed market.,new
2026-07-27T21:18:55+00:00,gdelt,[GDELT] PRESIDENT / VENEZUELA: fight/clash signal,https://radaronline.com/p/captured-venezuelan-leader-nicolas-maduro-immunity-fight-2027-trial/,VEN,,unmapped,Inventories 1.5σ below seasonal norm (H2 amplifier ON); VIX 55th pct (H1 ON). A supply shock today lands on a physically primed but psychologically stressed market.,new
2026-07-27T21:18:55+00:00,gdelt,[GDELT] IRANIAN / AMERICAN: fight/clash signal,https://www.presstv.co.uk/Detail/2026/07/27/773196/Iran-pursue-war-crimes-case-years,IRN,,unmapped,Inventories 1.5σ below seasonal norm (H2 amplifier ON); VIX 55th pct (H1 ON). A supply shock today lands on a physically primed but psychologically stressed market.,new
2026-07-27T21:18:55+00:00,gdelt,[GDELT] ROMANIAN / RUSSIA: fight/clash signal,https://www.kyivpost.com/post/81178,RUS,,unmapped,Inventories 1.5σ below seasonal norm (H2 amplifier ON); VIX 55th pct (H1 ON). A supply shock today lands on a physically primed but psychologically stressed market.,new
2026-07-27T21:18:55+00:00,gdelt,[GDELT] YEMEN / SAUDI ARABIA: fight/clash signal,https://www.khabaragency.net/news250740.html,SAU;YEM,,unmapped,Inventories 1.5σ below seasonal norm (H2 amplifier ON); VIX 55th pct (H1 ON). A supply shock today lands on a physically primed but psychologically stressed market.,new
2026-07-27T21:18:55+00:00,rss:bbc_world,Trump says Iran war talks taking place during lull in strikes,https://www.bbc.co.uk/news/articles/c62xn4vzmnpo?at_medium=RSS&at_campaign=rss,country.iran,,unmapped,Inventories 1.5σ below seasonal norm (H2 amplifier ON); VIX 55th pct (H1 ON). A supply shock today lands on a physically primed but psychologically stressed market.,new
2026-07-27T21:18:55+00:00,rss:bbc_world,"As the US pauses the war with Iran, is Trump really running out of weapons?",https://www.bbc.co.uk/news/articles/c0qvnk2ezp7o?at_medium=RSS&at_campaign=rss,country.iran,missile,conflict_escalation,Inventories 1.5σ below seasonal norm (H2 amplifier ON); VIX 55th pct (H1 ON). A supply shock today lands on a physically primed but psychologically stressed market.,new
2026-07-27T21:18:55+00:00,rss:aljazeera,Hopes of return to diplomacy as US-Iran hold fire for third day,https://www.aljazeera.com/news/2026/7/27/hopes-of-return-to-diplomacy-as-us-iran-hold-fire-for-third-day?traffic_source=rss,country.iran,ceasefire,conflict_escalation,Inventories 1.5σ below seasonal norm (H2 amplifier ON); VIX 55th pct (H1 ON). A supply shock today lands on a physically primed but psychologically stressed market.,new
2026-07-27T21:18:55+00:00,rss:aljazeera,Has Burnham kept his promise to do better on Israel’s war on Gaza?,https://www.aljazeera.com/video/newsfeed/2026/7/27/has-burnham-kept-his-promise-to-do-better-on-israels-war-on-gaza?traffic_source=rss,country.israel,,unmapped,Inventories 1.5σ below seasonal norm (H2 amplifier ON); VIX 55th pct (H1 ON). A supply shock today lands on a physically primed but psychologically stressed market.,new
2026-07-27T21:18:55+00:00,rss:aljazeera,Unreleased footage reveals Lindsey Graham’s push for war on Iran,https://www.aljazeera.com/video/newsfeed/2026/7/27/unreleased-footage-reveals-lindsey-grahams-push-for-war-on-iran?traffic_source=rss,country.iran,,unmapped,Inventories 1.5σ below seasonal norm (H2 amplifier ON); VIX 55th pct (H1 ON). A supply shock today lands on a physically primed but psychologically stressed market.,new
2026-07-27T21:18:55+00:00,rss:aljazeera,UN eyeing potential Israeli war crimes in Lebanon,https://www.aljazeera.com/news/2026/7/27/un-eyeing-potential-israeli-war-crimes-in-lebanon?traffic_source=rss,country.israel;country.lebanon,,unmapped,Inventories 1.5σ below seasonal norm (H2 amplifier ON); VIX 55th pct (H1 ON). A supply shock today lands on a physically primed but psychologically stressed market.,new
2026-07-27T21:18:55+00:00,rss:aljazeera,Why have US-Lebanon direct flights been banned for 40 years?,https://www.aljazeera.com/video/newsfeed/2026/7/27/why-have-us-lebanon-direct-flights-been-banned-for-40-years?traffic_source=rss,country.lebanon,,unmapped,Inventories 1.5σ below seasonal norm (H2 amplifier ON); VIX 55th pct (H1 ON). A supply shock today lands on a physically primed but psychologically stressed market.,new
2026-07-27T21:18:55+00:00,rss:aljazeera,Are the US and Iran heading towards a forever war?,https://www.aljazeera.com/video/upfront/2026/7/27/are-the-us-and-iran-heading-towards-a-forever-war?traffic_source=rss,country.iran,,unmapped,Inventories 1.5σ below seasonal norm (H2 amplifier ON); VIX 55th pct (H1 ON). A supply shock today lands on a physically primed but psychologically stressed market.,new
2026-07-28T02:15:55+00:00,gdelt,[GDELT] JERUSALEM / ?: fight/clash signal,https://wrp.org.uk/news/israeli-soldiers-settlers-intensify-west-bank-offensive/,ISR,,unmapped,Inventories 1.5σ below seasonal norm (H2 amplifier ON); VIX 55th pct (H1 ON). A supply shock today lands on a physically primed but psychologically stressed market.,new
2026-07-28T02:15:55+00:00,gdelt,[GDELT] ? / UKRAINE: fight/clash signal,https://www.aol.co.uk/articles/ukraine-war-briefing-disastrous-drone-015111000.html,UKR,,unmapped,Inventories 1.5σ below seasonal norm (H2 amplifier ON); VIX 55th pct (H1 ON). A supply shock today lands on a physically primed but psychologically stressed market.,new
2026-07-28T02:15:55+00:00,gdelt,[GDELT] ISRAEL / CIVILIAN: mass-violence signal,http://www.jpost.com/opinion/article-903843,ISR,,unmapped,Inventories 1.5σ below seasonal norm (H2 amplifier ON); VIX 55th pct (H1 ON). A supply shock today lands on a physically primed but psychologically stressed market.,new
2026-07-28T02:15:55+00:00,gdelt,[GDELT] RUSSIAN / FARMER: sanctions/embargo signal,https://www.kmaland.com/ag/agri_news/farm-production-costs-mixed-last-year-soaring-in-2026/article_642e8c9b-ddd0-57c9-b7fb-a4dc687798d1.html,RUS,,unmapped,Inventories 1.5σ below seasonal norm (H2 amplifier ON); VIX 55th pct (H1 ON). A supply shock today lands on a physically primed but psychologically stressed market.,new
2026-07-28T02:15:55+00:00,gdelt,[GDELT] RUSSIA / IDAHO: fight/clash signal,https://globemagazine.com/kaylee-goncalves-family-slam-convicted-murderer-bryan-kohberger-amid-attempt-to-renege-guilty-plea/,RUS,,unmapped,Inventories 1.5σ below seasonal norm (H2 amplifier ON); VIX 55th pct (H1 ON). A supply shock today lands on a physically primed but psychologically stressed market.,new
2026-07-28T02:15:55+00:00,rss:aljazeera,Houthis want to copy Iran’s Hormuz control in the Red Sea: Yemeni FM,https://www.aljazeera.com/news/2026/7/28/houthis-want-to-copy-irans-hormuz-control-in-the-red-sea-yemeni-fm?traffic_source=rss,chokepoint.hormuz;country.iran;country.yemen,hormuz;red sea;houthi,chokepoint_disruption,Inventories 1.5σ below seasonal norm (H2 amplifier ON); VIX 55th pct (H1 ON). A supply shock today lands on a physically primed but psychologically stressed market.,new
2026-07-28T02:15:55+00:00,rss:aljazeera,Iran war live: Trump touts ‘friendly talks’; Netanyahu arrives in US,https://www.aljazeera.com/news/liveblog/2026/7/28/iran-war-live-trump-touts-friendly-talks-netanyahu-arrives-in-us?traffic_source=rss,country.iran,,unmapped,Inventories 1.5σ below seasonal norm (H2 amplifier ON); VIX 55th pct (H1 ON). A supply shock today lands on a physically primed but psychologically stressed market.,new
2026-07-28T02:15:55+00:00,rss:aljazeera,UN slams Israel’s expansion of illegal settlements in occupied West Bank,https://www.aljazeera.com/news/2026/7/27/un-slams-israels-expansion-of-illegal-settlements-in-occupied-west-bank?traffic_source=rss,country.israel,,unmapped,Inventories 1.5σ below seasonal norm (H2 amplifier ON); VIX 55th pct (H1 ON). A supply shock today lands on a physically primed but psychologically stressed market.,new
2026-07-28T02:15:55+00:00,rss:un_news,"Lebanon: Israeli strikes ‘could amount to international crimes,’ warns Türk",https://news.un.org/feed/view/en/story/2026/07/1168034,country.lebanon,,unmapped,Inventories 1.5σ below seasonal norm (H2 amplifier ON); VIX 55th pct (H1 ON). A supply shock today lands on a physically primed but psychologically stressed market.,new
2026-07-28T05:25:11+00:00,gdelt,[GDELT] ? / ISRAEL: fight/clash signal,https://nuclear-news.net/2026/07/28/2-b1-israel-is-erasing-entire-gaza-families-from-the-civil-registry/,ISR,nuclear,conflict_escalation,VIX 55th pct (H1 ON). A supply shock today lands on a physically well-supplied but psychologically stressed market.,new
2026-07-28T05:25:11+00:00,gdelt,[GDELT] SECRETARY OF STATE / ISRAEL: assault signal,https://nuclear-news.net/2026/07/28/2-b1-uks-new-defence-minister-called-israel-rogue-state/,ISR,nuclear,conflict_escalation,VIX 55th pct (H1 ON). A supply shock today lands on a physically well-supplied but psychologically stressed market.,new
2026-07-28T05:25:11+00:00,gdelt,[GDELT] IRAN / ISRAEL: fight/clash signal,https://www.jpost.com/israel-news/defense-news/article-903854,IRN;ISR,,unmapped,VIX 55th pct (H1 ON). A supply shock today lands on a physically well-supplied but psychologically stressed market.,new
2026-07-28T05:25:11+00:00,gdelt,[GDELT] IRAN / ISRAELI: fight/clash signal,https://www.smh.com.au/world/north-america/netanyahu-lands-in-washington-to-tackle-trump-with-one-thing-on-both-of-their-minds-20260728-p60j2c.html,IRN;ISR,,unmapped,VIX 55th pct (H1 ON). A supply shock today lands on a physically well-supplied but psychologically stressed market.,new
2026-07-28T05:25:11+00:00,gdelt,[GDELT] THAI / ?: fight/clash signal,https://asianews.network/almost-4000-sq-km-in-cambodia-contaminated-by-unexploded-thai-ordnance/,THA,,unmapped,VIX 55th pct (H1 ON). A supply shock today lands on a physically well-supplied but psychologically stressed market.,new
2026-07-28T05:25:11+00:00,gdelt,[GDELT] YEMEN / SAUDI: fight/clash signal,https://newstodaynet.com/2026/07/28/us-president-trump-warns-strikes-could-resume-if-iran-talks-fail/,SAU;YEM,,unmapped,VIX 55th pct (H1 ON). A supply shock today lands on a physically well-supplied but psychologically stressed market.,new
2026-07-28T05:25:11+00:00,gdelt,[GDELT] YEMEN / SAUDI ARABIA: fight/clash signal,https://www.i24news.tv/en/news/international/artc-netanyahu-lands-in-dc-ahead-of-trump-meeting-live-blog,SAU;YEM,,unmapped,VIX 55th pct (H1 ON). A supply shock today lands on a physically well-supplied but psychologically stressed market.,new
2026-07-28T05:25:11+00:00,rss:aljazeera,Israeli ex-generals urge Trump to push Netanyahu on ‘settler terror’,https://www.aljazeera.com/news/2026/7/28/israeli-ex-generals-urge-trump-to-push-netanyahu-on-settler-terror?traffic_source=rss,country.israel,,unmapped,VIX 55th pct (H1 ON). A supply shock today lands on a physically well-supplied but psychologically stressed market.,new
2026-07-28T05:25:11+00:00,rss:aljazeera,Ukraine’s Zelenskyy set to meet Trump as Iran and Ukraine wars converge,https://www.aljazeera.com/news/2026/7/28/ukraines-zelenskyy-set-to-meet-trump-as-iran-and-ukraine-wars-converge?traffic_source=rss,country.iran;country.ukraine,sanctions,sanctions,VIX 55th pct (H1 ON). A supply shock today lands on a physically well-supplied but psychologically stressed market.,new
2026-07-28T05:25:11+00:00,rss:aljazeera,Trump says Iran talks taking place during pause in US military strikes,https://www.aljazeera.com/video/newsfeed/2026/7/28/trump-says-iran-talks-taking-place-during-pause-in-us-military-strikes?traffic_source=rss,country.iran,,unmapped,VIX 55th pct (H1 ON). A supply shock today lands on a physically well-supplied but psychologically stressed market.,new
2026-07-28T07:58:16+00:00,gdelt,[GDELT] ISRAELI / ?: fight/clash signal,https://en.shafaqna.com/466771/gaza-university-is-looking-to-continue-education-of-palestinians-amid-war/,ISR,,unmapped,VIX 55th pct (H1 ON). A supply shock today lands on a physically well-supplied but psychologically stressed market.,new
2026-07-28T07:58:16+00:00,gdelt,[GDELT] ISRAELI / HAMAS: fight/clash signal,https://www.jns.org/news/israel-news/israeli-airstrike-kills-hamas-internal-security-chief-in-central-gaza,ISR,airstrike,conflict_escalation,VIX 55th pct (H1 ON). A supply shock today lands on a physically well-supplied but psychologically stressed market.,new
2026-07-28T07:58:16+00:00,gdelt,[GDELT] RUSSIAN / UKRAINIAN: assault signal,http://www.rightspeak.net/2026/07/180-c-clashes-in-f-line-22-in.html,RUS;UKR,,unmapped,VIX 55th pct (H1 ON). A supply shock today lands on a physically well-supplied but psychologically stressed market.,new
2026-07-28T07:58:16+00:00,rss:aljazeera,Ukraine’s ‘volunteer army’ helps rebuild what Russia destroys,https://www.aljazeera.com/news/2026/7/28/ukraines-volunteer-army-helps-rebuild-what-russia-destroys?traffic_source=rss,country.russia;country.ukraine,,unmapped,VIX 55th pct (H1 ON). A supply shock today lands on a physically well-supplied but psychologically stressed market.,new
2026-07-28T10:33:39+00:00,gdelt,[GDELT] IRANIAN / REGIME: fight/clash signal,https://www.hindustantimes.com/world-news/trump-bets-this-weapon-could-hurt-iran-more-than-the-bombs-being-dropped-101785228789293.html,IRN,,unmapped,VIX 55th pct (H1 ON). A supply shock today lands on a physically well-supplied but psychologically stressed market.,new
2026-07-28T10:33:39+00:00,gdelt,[GDELT] IRAN / NAVAL: fight/clash signal,https://www.bankingnews.gr/diethni/articles/890806/trump-threatens-iran-with-hell-again-despite-missile-shortage-as-netanyahu-and-mossad-rush-to-us-amid-aramco-chaos,IRN,missile,conflict_escalation,VIX 55th pct (H1 ON). A supply shock today lands on a physically well-supplied but psychologically stressed market.,new
2026-07-28T10:33:39+00:00,gdelt,[GDELT] IRANIAN / SAUDI: fight/clash signal,https://dunyanews.tv/en/Event-Reporting/268,IRN;SAU,,unmapped,VIX 55th pct (H1 ON). A supply shock today lands on a physically well-supplied but psychologically stressed market.,new
2026-07-28T10:33:39+00:00,gdelt,[GDELT] RUSSIA / UNITED STATES: fight/clash signal,https://www.thestar.com.my/tech/tech-news/2026/07/28/for-some-so-called-039skynet-day039-came-too-close-to-sci-fi-after-a-rogue-agent-hacked-into-a-startup,RUS,,unmapped,VIX 55th pct (H1 ON). A supply shock today lands on a physically well-supplied but psychologically stressed market.,new
2026-07-28T10:33:39+00:00,rss:bbc_world,US walks out of UN Security Council meeting during France's remarks,https://www.bbc.co.uk/news/articles/c87nj3w9gxjo?at_medium=RSS&at_campaign=rss,country.russia,,unmapped,VIX 55th pct (H1 ON). A supply shock today lands on a physically well-supplied but psychologically stressed market.,new
2026-07-28T10:33:39+00:00,rss:bbc_world,Why Netanyahu's visit with Trump at the White House is high-stakes,https://www.bbc.co.uk/news/videos/c98v94dmmz0o?at_medium=RSS&at_campaign=rss,country.israel,,unmapped,VIX 55th pct (H1 ON). A supply shock today lands on a physically well-supplied but psychologically stressed market.,new
2026-07-28T10:33:39+00:00,rss:aljazeera,"Sixty Palestinians detained by Israel return to Gaza, describe abuses",https://www.aljazeera.com/news/2026/7/28/sixty-palestinians-detained-by-israel-return-to-gaza-describe-abuses?traffic_source=rss,country.israel,,unmapped,VIX 55th pct (H1 ON). A supply shock today lands on a physically well-supplied but psychologically stressed market.,new
2026-07-28T12:24:44+00:00,gdelt,[GDELT] UNITED KINGDOM / THAI: fight/clash signal,https://www.restaurantonline.co.uk/Article/2026/07/28/former-kiln-head-chef-karla-knowles-to-open-two-london-restaurants/,THA,,unmapped,VIX 55th pct (H1 ON). A supply shock today lands on a physically well-supplied but psychologically stressed market.,new
2026-07-28T12:24:44+00:00,gdelt,[GDELT] ARMENIA / RUSSIA: fight/clash signal,https://www.azernews.az/region/261642.html,RUS,,unmapped,VIX 55th pct (H1 ON). A supply shock today lands on a physically well-supplied but psychologically stressed market.,new
2026-07-28T12:24:44+00:00,gdelt,[GDELT] NEWSPAPER / IRAN: fight/clash signal,https://www.azernews.az/region/261656.html,IRN,,unmapped,VIX 55th pct (H1 ON). A supply shock today lands on a physically well-supplied but psychologically stressed market.,new
2026-07-28T12:24:44+00:00,gdelt,[GDELT] POLAND / UKRAINIAN: assault signal,https://www.yahoo.com/news/articles/polands-tusk-calls-end-hate-112401824.html,UKR,,unmapped,VIX 55th pct (H1 ON). A supply shock today lands on a physically well-supplied but psychologically stressed market.,new
2026-07-28T12:24:44+00:00,gdelt,[GDELT] UKRAINE / RUSSIA: assault signal,https://www.chronicle.lu/category/international/62626-russian-attacks-in-eastern-ukraine-kill-7-officials-say,RUS;UKR,,unmapped,VIX 55th pct (H1 ON). A supply shock today lands on a physically well-supplied but psychologically stressed market.,new
2026-07-28T12:24:44+00:00,rss:bbc_world,Zelensky to press Trump on air defences while in Washington,https://www.bbc.co.uk/news/articles/c9v4g7e047zo?at_medium=RSS&at_campaign=rss,country.russia;country.ukraine,missile,conflict_escalation,VIX 55th pct (H1 ON). A supply shock today lands on a physically well-supplied but psychologically stressed market.,new
2026-07-28T12:24:44+00:00,rss:aljazeera,Authorities open fire amid election unrest in Pakistan-administered Kashmir,https://www.aljazeera.com/video/newsfeed/2026/7/28/authorities-open-fire-amid-election-unrest-in-pakistan-administered-kashmir?traffic_source=rss,,blockade,chokepoint_disruption,VIX 55th pct (H1 ON). A supply shock today lands on a physically well-supplied but psychologically stressed market.,new
2026-07-28T12:24:44+00:00,rss:aljazeera,Why London’s Hackney Council wants to repeal its ‘twin’ status with Haifa,https://www.aljazeera.com/news/2026/7/28/why-londons-hackney-council-wants-to-repeal-its-twin-status-with-haifa?traffic_source=rss,country.israel,,unmapped,VIX 55th pct (H1 ON). A supply shock today lands on a physically well-supplied but psychologically stressed market.,new
2026-07-28T12:24:44+00:00,rss:aljazeera,Trump flouts political risk to host Netanyahu’s seventh White House visit,https://www.aljazeera.com/news/2026/7/28/trump-flouts-political-risk-to-host-netanyahus-seventh-white-house-visit?traffic_source=rss,country.iran;country.israel,,unmapped,VIX 55th pct (H1 ON). A supply shock today lands on a physically well-supplied but psychologically stressed market.,new
2026-07-28T14:57:14+00:00,gdelt,[GDELT] ? / FRENCH: fight/clash signal,https://www.rri.ro/en/news-and-current-affairs/newsflash/july-28-2026-id1043358.html,FRA,,unmapped,VIX 55th pct (H1 ON). A supply shock today lands on a physically well-supplied but psychologically stressed market.,new
2026-07-28T14:57:14+00:00,gdelt,[GDELT] CANADA / ?: fight/clash signal,https://www.nashvillescene.com/arts_culture/film_tv/camp-film-review/article_e09d2f36-ba12-4315-8449-679ca2444d5c.html,CAN,,unmapped,VIX 55th pct (H1 ON). A supply shock today lands on a physically well-supplied but psychologically stressed market.,new
2026-07-28T14:57:14+00:00,gdelt,[GDELT] CHINESE / PHILIPPINE: fight/clash signal,https://www.forbes.com/sites/petersuciu/2026/07/28/us-navys-forward-deployed-carrier-now-in-waters-claimed-by-beijing/,CHN;PHL,,unmapped,VIX 55th pct (H1 ON). A supply shock today lands on a physically well-supplied but psychologically stressed market.,new
2026-07-28T14:57:14+00:00,gdelt,[GDELT] UNITED KINGDOM / ?: assault signal,https://www.aol.co.uk/articles/speedboat-killer-jack-shepherd-pleads-143703000.html,GBR,,unmapped,VIX 55th pct (H1 ON). A supply shock today lands on a physically well-supplied but psychologically stressed market.,new
2026-07-28T14:57:14+00:00,gdelt,[GDELT] LONDON / POLICE: fight/clash signal,https://www.yourlocalguardian.co.uk/news/26416810.lodge-lane-new-addington-incident-large-knife-seen/,GBR,,unmapped,VIX 55th pct (H1 ON). A supply shock today lands on a physically well-supplied but psychologically stressed market.,new
2026-07-28T14:57:14+00:00,gdelt,[GDELT] WEST BENGAL / GOVERNMENT: fight/clash signal,https://indianexpress.com/article/upsc-current-affairs/upsc-essentials/upsc-prelims-2027-polity-quiz-week-173-10807771/,IND,,unmapped,VIX 55th pct (H1 ON). A supply shock today lands on a physically well-supplied but psychologically stressed market.,new
2026-07-28T14:57:14+00:00,gdelt,[GDELT] RANCHI / CONGRESS: fight/clash signal,https://www.ibtimes.co.in/supreme-court-directs-release-student-protesters-below-18-years-those-having-no-criminal-record-904241,IND,,unmapped,VIX 55th pct (H1 ON). A supply shock today lands on a physically well-supplied but psychologically stressed market.,new
2026-07-28T14:57:14+00:00,gdelt,[GDELT] IRAN / CIVILIAN: fight/clash signal,https://www.theepochtimes.com/opinion/conrad-black-without-us-intervention-iran-would-already-have-intermediate-range-nuclear-missiles-6068027,IRN,nuclear;missile,conflict_escalation,VIX 55th pct (H1 ON). A supply shock today lands on a physically well-supplied but psychologically stressed market.,new
2026-07-28T14:57:14+00:00,gdelt,[GDELT] ISRAEL / MEMBER OF PARLIAMENT: fight/clash signal,https://www.breitbart.com/europe/2026/07/28/uk-govt-told-to-ban-trans-extremist-hammer-attack-group/,ISR,,unmapped,VIX 55th pct (H1 ON). A supply shock today lands on a physically well-supplied but psychologically stressed market.,new
2026-07-28T14:57:14+00:00,gdelt,[GDELT] ISRAELI / PALESTINIAN: fight/clash signal,https://sana.sy/en/international/2332695/,ISR,,unmapped,VIX 55th pct (H1 ON). A supply shock today lands on a physically well-supplied but psychologically stressed market.,new
2026-07-28T14:57:14+00:00,gdelt,[GDELT] MILITARY / IRAN: fight/clash signal,https://www.theepochtimes.com/world/netanyahu-to-present-trump-with-intelligence-on-irans-covert-nuclear-missile-activities-israeli-sources-6068232,IRN,nuclear;missile,conflict_escalation,VIX 55th pct (H1 ON). A supply shock today lands on a physically well-supplied but psychologically stressed market.,new
2026-07-28T14:57:14+00:00,rss:bbc_world,China's new challenge as natural disasters strike - fake AI videos,https://www.bbc.co.uk/news/articles/cx27mjvxgg1o?at_medium=RSS&at_campaign=rss,country.china,,unmapped,VIX 55th pct (H1 ON). A supply shock today lands on a physically well-supplied but psychologically stressed market.,new
2026-07-28T14:57:14+00:00,rss:aljazeera,France and Spain brace for heatwave that could worsen raging wildfires,https://www.aljazeera.com/news/2026/7/28/france-and-spain-brace-for-heatwave-that-could-worsen-raging-wildfires?traffic_source=rss,,spr,policy_response,VIX 55th pct (H1 ON). A supply shock today lands on a physically well-supplied but psychologically stressed market.,new
2026-07-28T14:57:14+00:00,rss:aljazeera,Trump says ‘good chance’ of progress in Iran talks. What we know,https://www.aljazeera.com/news/2026/7/28/trump-says-good-chance-of-progress-in-iran-talks-what-we-know?traffic_source=rss,chokepoint.hormuz;country.iran,strait;hormuz,chokepoint_disruption,VIX 55th pct (H1 ON). A supply shock today lands on a physically well-supplied but psychologically stressed market.,new
2026-07-28T14:57:14+00:00,rss:aljazeera,"US walks out on France at UN over North Korea, Russia comparison",https://www.aljazeera.com/video/newsfeed/2026/7/28/us-walks-out-on-france-at-un-over-north-korea-russia-comparison?traffic_source=rss,country.russia,,unmapped,VIX 55th pct (H1 ON). A supply shock today lands on a physically well-supplied but psychologically stressed market.,new
2026-07-28T14:57:14+00:00,rss:aljazeera,Why has Iran’s economy not collapsed under US war pressure?,https://www.aljazeera.com/economy/2026/7/28/why-has-irans-economy-not-collapsed-under-us-war-pressure?traffic_source=rss,country.iran,sanctions,sanctions,VIX 55th pct (H1 ON). A supply shock today lands on a physically well-supplied but psychologically stressed market.,new
2026-07-28T16:38:36+00:00,gdelt,[GDELT] UNITED KINGDOM / ?: fight/clash signal,https://www.dailyrecord.co.uk/news/crime/dexter-fan-found-guilty-murdering-37487158,GBR,,unmapped,VIX 55th pct (H1 ON). A supply shock today lands on a physically well-supplied but psychologically stressed market.,new
2026-07-28T16:38:36+00:00,gdelt,[GDELT] ? / JAPAN: fight/clash signal,https://comicbook.com/anime/news/demon-slayer-infinity-castle-is-finally-streaming-with-crunchyroll-after-very-long-wait/,JPN,,unmapped,VIX 55th pct (H1 ON). A supply shock today lands on a physically well-supplied but psychologically stressed market.,new
2026-07-28T16:38:36+00:00,gdelt,[GDELT] AFGHANISTAN / ?: assault signal,https://english.pravda.ru/news/hotspots/167537-russian-scientist-assault-death/,AFG,,unmapped,VIX 55th pct (H1 ON). A supply shock today lands on a physically well-supplied but psychologically stressed market.,new
2026-07-28T16:38:36+00:00,gdelt,[GDELT] CHINA / MILITARY: fight/clash signal,https://www.thenationalnews.com/news/us/2026/07/28/trump-confident-in-us-arms-stockpile-after-private-sector-commitments/,CHN,,unmapped,VIX 55th pct (H1 ON). A supply shock today lands on a physically well-supplied but psychologically stressed market.,new
2026-07-28T16:38:36+00:00,gdelt,[GDELT] PRISON / UNITED KINGDOM: assault signal,https://metro.co.uk/2026/07/28/charles-bronson-sparks-jail-stand-off-apple-crumble-29242734/,GBR,,unmapped,VIX 55th pct (H1 ON). A supply shock today lands on a physically well-supplied but psychologically stressed market.,new
2026-07-28T16:38:36+00:00,gdelt,[GDELT] RESIDENTS / ISRAELI: fight/clash signal,https://www.presstv.co.uk/Detail/2026/07/28/773249/Palestine-Gaza-West-Bank-Israel,ISR,,unmapped,VIX 55th pct (H1 ON). A supply shock today lands on a physically well-supplied but psychologically stressed market.,new
2026-07-28T16:38:36+00:00,gdelt,[GDELT] GERMAN / ?: fight/clash signal,https://www.dailyrecord.co.uk/news/uk-world-news/bmw-carrying-explosives-crashes-amsterdam-37487176,DEU,,unmapped,VIX 55th pct (H1 ON). A supply shock today lands on a physically well-supplied but psychologically stressed market.,new
2026-07-28T16:38:36+00:00,gdelt,[GDELT] UNITED KINGDOM / ?: assault signal,https://www.express.co.uk/news/politics/2233795/Andy-Burnham-rape-victims-prisons-justice-released,GBR,,unmapped,VIX 55th pct (H1 ON). A supply shock today lands on a physically well-supplied but psychologically stressed market.,new
2026-07-28T16:38:36+00:00,gdelt,[GDELT] UNITED KINGDOM / ?: fight/clash signal,https://www.express.co.uk/news/uk/2233840/uk-killer-hides-victim-body-inside-concrete-filled-barrel,GBR,,unmapped,VIX 55th pct (H1 ON). A supply shock today lands on a physically well-supplied but psychologically stressed market.,new
2026-07-28T16:38:36+00:00,gdelt,[GDELT] BRITISH / FRANCE: fight/clash signal,https://www.politico.eu/article/british-tories-beef-france-vessel-shoots-near-mp/,FRA;GBR,,unmapped,VIX 55th pct (H1 ON). A supply shock today lands on a physically well-supplied but psychologically stressed market.,new
2026-07-28T16:38:36+00:00,gdelt,[GDELT] AUTHORITIES / GERMAN: fight/clash signal,https://www.chroniclelive.co.uk/news/world-news/police-swarm-after-vehicle-carrying-34366610,DEU,,unmapped,VIX 55th pct (H1 ON). A supply shock today lands on a physically well-supplied but psychologically stressed market.,new
2026-07-28T16:38:36+00:00,gdelt,[GDELT] IRANIAN / UKRAINE: fight/clash signal,https://dailycaller.com/2026/07/28/ukraine-hits-iranian-ship-after-influencer-visit/,IRN;UKR,,unmapped,VIX 55th pct (H1 ON). A supply shock today lands on a physically well-supplied but psychologically stressed market.,new
2026-07-28T16:38:36+00:00,gdelt,[GDELT] IRAN / IRAN: fight/clash signal,https://www.breitbart.com/middle-east/2026/07/28/iran-admits-major-infrastructure-damage-u-s-strikes/,IRN,,unmapped,VIX 55th pct (H1 ON). A supply shock today lands on a physically well-supplied but psychologically stressed market.,new
2026-07-28T16:38:36+00:00,gdelt,[GDELT] IRAQ / ?: fight/clash signal,https://redstate.com/wardclark/2026/07/28/reassessing-defense-nato-must-now-close-the-weapons-divide-n2204860,IRQ,,unmapped,VIX 55th pct (H1 ON). A supply shock today lands on a physically well-supplied but psychologically stressed market.,new
2026-07-28T16:38:36+00:00,gdelt,[GDELT] ISRAEL / TERRORIST: mass-violence signal,https://www.israelnationalnews.com/news/430896,ISR,,unmapped,VIX 55th pct (H1 ON). A supply shock today lands on a physically well-supplied but psychologically stressed market.,new
2026-07-28T16:38:36+00:00,gdelt,[GDELT] JEWISH / TORONTO: fight/clash signal,https://www.jns.org/news/u-s-news/pasadena-jewish-community-determined-to-be-very-jewish-after-vandalism-of-synagogue-mural,CAN,,unmapped,VIX 55th pct (H1 ON). A supply shock today lands on a physically well-supplied but psychologically stressed market.,new
2026-07-28T16:38:36+00:00,gdelt,[GDELT] MEXICAN / ?: fight/clash signal,https://www.breitbart.com/border/2026/07/28/exclusive-biden-released-mexican-homicide-fugitive-deported-by-ice-to-mexico-2nd-murder-fugitive-also/,MEX,,unmapped,VIX 55th pct (H1 ON). A supply shock today lands on a physically well-supplied but psychologically stressed market.,new
2026-07-28T16:38:36+00:00,gdelt,[GDELT] MILITARY / IRANIAN: fight/clash signal,https://albaniandailynews.com/news/us-and-iran-pause-strikes-for-third-night-to-make-space-for-talks-us-ambassador-says,IRN,,unmapped,VIX 55th pct (H1 ON). A supply shock today lands on a physically well-supplied but psychologically stressed market.,new
2026-07-28T16:38:36+00:00,gdelt,[GDELT] UKRAINE / RUSSIA: fight/clash signal,https://www.presstv.co.uk/Detail/2026/07/28/773250/Ukraine-expanding-terrorist-activities-beyond-Europe-Iraq-Iranian-vessel-Dmirtry-Peskov-,RUS;UKR,,unmapped,VIX 55th pct (H1 ON). A supply shock today lands on a physically well-supplied but psychologically stressed market.,new
2026-07-28T16:38:36+00:00,rss:aljazeera,Is Netanyahu’s Trump card losing its power in Israel?,https://www.aljazeera.com/news/2026/7/28/is-netanyahus-trump-card-losing-its-power-in-israel?traffic_source=rss,country.israel,,unmapped,VIX 55th pct (H1 ON). A supply shock today lands on a physically well-supplied but psychologically stressed market.,new
2026-07-28T16:38:36+00:00,rss:aljazeera,"Iran rejects Trump frozen funds plan, warns ships of Hormuz transit ban",https://www.aljazeera.com/video/newsfeed/2026/7/28/iran-rejects-trump-frozen-funds-plan-warns-ships-of-hormuz-transit-ban?traffic_source=rss,chokepoint.hormuz;country.iran,hormuz,chokepoint_disruption,VIX 55th pct (H1 ON). A supply shock today lands on a physically well-supplied but psychologically stressed market.,new
2026-07-28T16:38:36+00:00,rss:aljazeera,Trump expresses frustration with Netanyahu before White House meeting,https://www.aljazeera.com/news/2026/7/28/trump-expresses-frustration-with-netanyahu-before-white-house-meeting?traffic_source=rss,country.iran,,unmapped,VIX 55th pct (H1 ON). A supply shock today lands on a physically well-supplied but psychologically stressed market.,new
2026-07-28T16:38:36+00:00,rss:un_news,"Security Council LIVE: Updates on Gaza, West Bank amid regional tensions",https://news.un.org/feed/view/en/story/2026/07/1168037,country.iran,ceasefire,conflict_escalation,VIX 55th pct (H1 ON). A supply shock today lands on a physically well-supplied but psychologically stressed market.,new
2026-07-28T18:02:43+00:00,gdelt,[GDELT] ISRAEL / IRANIAN: fight/clash signal,http://www.jpost.com/israel-news/benjamin-netanyahu/article-903927,IRN;ISR,,unmapped,VIX 55th pct (H1 ON). A supply shock today lands on a physically well-supplied but psychologically stressed market.,new
2026-07-28T18:02:43+00:00,gdelt,[GDELT] JORDAN / ?: fight/clash signal,https://www.hngn.com/articles/272329/20260728/trump-weighs-wider-iran-offensive-wars-death-toll-hits-59-strikes-reach-kuwait.htm,JOR,,unmapped,VIX 55th pct (H1 ON). A supply shock today lands on a physically well-supplied but psychologically stressed market.,new
2026-07-28T18:02:43+00:00,gdelt,[GDELT] SENATOR / RUSSIA: sanctions/embargo signal,https://economictimes.indiatimes.com/news/international/global-trends/us-senators-announce-deal-on-new-russia-iran-sanctions-bill/articleshow/132691105.cms,RUS,sanctions,sanctions,VIX 55th pct (H1 ON). A supply shock today lands on a physically well-supplied but psychologically stressed market.,new
2026-07-28T18:02:43+00:00,gdelt,[GDELT] NETFLIX / FRANCE: fight/clash signal,https://movieweb.com/below-teaser-trailer/,FRA,,unmapped,VIX 55th pct (H1 ON). A supply shock today lands on a physically well-supplied but psychologically stressed market.,new
2026-07-28T18:02:43+00:00,gdelt,[GDELT] NIGERIA / SETTLEMENT: fight/clash signal,https://thesun.ng/macban-lauds-mbah-demands-arrest-of-killers-of-chairmans-sons/,NGA,,unmapped,VIX 55th pct (H1 ON). A supply shock today lands on a physically well-supplied but psychologically stressed market.,new
2026-07-28T18:02:43+00:00,gdelt,[GDELT] PROTESTER / PAKISTAN: fight/clash signal,https://aninews.in/news/world/europe/kashmiri-activists-protest-outside-pakistan-consulate-in-bradford-in-uk-over-pojk-killings20260728225243/,PAK,,unmapped,VIX 55th pct (H1 ON). A supply shock today lands on a physically well-supplied but psychologically stressed market.,new
2026-07-28T18:02:43+00:00,gdelt,[GDELT] SAUDI / ?: fight/clash signal,https://tradearabia.com:443/News/465572/Missiles-targeting-Saudi-oil-refineries-shot-down-sources-say,SAU,missile,conflict_escalation,VIX 55th pct (H1 ON). A supply shock today lands on a physically well-supplied but psychologically stressed market.,new
2026-07-28T18:02:43+00:00,rss:aljazeera,War on Iran: Phase II: Day 17,https://www.aljazeera.com/video/newsfeed/2026/7/28/war-on-iran-phase-ii-day-17?traffic_source=rss,country.iran,,unmapped,VIX 55th pct (H1 ON). A supply shock today lands on a physically well-supplied but psychologically stressed market.,new
2026-07-28T18:02:43+00:00,rss:aljazeera,Ukraine’s Zelenskyy hails ‘good meeting’ with Trump at White House,https://www.aljazeera.com/news/2026/7/28/ukraines-zelenskyy-hails-good-meeting-with-trump-at-white-house?traffic_source=rss,country.ukraine,missile,conflict_escalation,VIX 55th pct (H1 ON). A supply shock today lands on a physically well-supplied but psychologically stressed market.,new
2026-07-28T19:50:26+00:00,gdelt,[GDELT] COMPANY / ISRAEL: fight/clash signal,https://www.dailypolitical.com/2026/07/28/promising-penny-stocks-to-follow-today-july-28th.html,ISR,,unmapped,VIX 55th pct (H1 ON). A supply shock today lands on a physically well-supplied but psychologically stressed market.,new
2026-07-28T19:50:26+00:00,gdelt,[GDELT] CANADA / POLICE: assault signal,https://www.cp24.com/local/toronto/2026/07/28/woman-who-was-victimized-over-15-years-leads-halton-police-to-largest-human-trafficking-bust-in-their-history/,CAN,,unmapped,VIX 55th pct (H1 ON). A supply shock today lands on a physically well-supplied but psychologically stressed market.,new
2026-07-28T19:50:26+00:00,gdelt,[GDELT] POLICE / BIRMINGHAM: fight/clash signal,https://www.birminghammail.co.uk/news/midlands-news/birmingham-city-centre-explosion-claim-34367377,GBR,,unmapped,VIX 55th pct (H1 ON). A supply shock today lands on a physically well-supplied but psychologically stressed market.,new
2026-07-28T19:50:26+00:00,gdelt,[GDELT] FRANCE / FIREFIGHTER: assault signal,https://news.am/en/news/1052123,FRA,,unmapped,VIX 55th pct (H1 ON). A supply shock today lands on a physically well-supplied but psychologically stressed market.,new
2026-07-28T19:50:26+00:00,gdelt,[GDELT] UNITED KINGDOM / ?: fight/clash signal,https://reason.com/2026/07/28/nigel-farages-reform-u-k-party-reports-green-party-leaders-guillotine-instagram-post-to-police/,GBR,,unmapped,VIX 55th pct (H1 ON). A supply shock today lands on a physically well-supplied but psychologically stressed market.,new
2026-07-28T19:50:26+00:00,gdelt,[GDELT] PRESIDENT / ISRAELI: fight/clash signal,https://www.naturalnews.com/2026-07-28-iran-rapidly-rebuilds-military-sites-hit-by-us.html,ISR,,unmapped,VIX 55th pct (H1 ON). A supply shock today lands on a physically well-supplied but psychologically stressed market.,new
2026-07-28T19:50:26+00:00,gdelt,[GDELT] MINISTRY / UKRAINIAN: fight/clash signal,https://www.naturalnews.com/2026-07-28-russian-kamikaze-drones-strike-ukrainian-naval-vessels.html,UKR,,unmapped,VIX 55th pct (H1 ON). A supply shock today lands on a physically well-supplied but psychologically stressed market.,new
2026-07-28T19:50:26+00:00,gdelt,[GDELT] CHANDIGARH / ?: fight/clash signal,https://www.freepressjournal.in/education/panjab-university-phd-scholar-dies-of-suspected-electrocution-on-campus-students-protest,IND,,unmapped,VIX 55th pct (H1 ON). A supply shock today lands on a physically well-supplied but psychologically stressed market.,new
2026-07-28T19:50:26+00:00,gdelt,[GDELT] SURAT / POLICE: fight/clash signal,https://timesofindia.indiatimes.com/city/surat/two-shops-selling-counterfeit-watches-raided/articleshow/132693796.cms,IND,,unmapped,VIX 55th pct (H1 ON). A supply shock today lands on a physically well-supplied but psychologically stressed market.,new
2026-07-28T19:50:26+00:00,gdelt,[GDELT] MADURAI / HIGH COURT: fight/clash signal,https://timesofindia.indiatimes.com/city/madurai/former-mla-seeks-cbi-probe-into-palani-mutt-land-case/articleshow/132693781.cms,IND,,unmapped,VIX 55th pct (H1 ON). A supply shock today lands on a physically well-supplied but psychologically stressed market.,new
2026-07-28T19:50:26+00:00,gdelt,[GDELT] IRANIAN / A US: fight/clash signal,https://www.naturalnews.com/2026-07-28-pentagon-updates-iran-war-casualty-database.html,IRN,,unmapped,VIX 55th pct (H1 ON). A supply shock today lands on a physically well-supplied but psychologically stressed market.,new
2026-07-28T19:50:26+00:00,gdelt,[GDELT] LEBANON / MARSEILLE: fight/clash signal,https://www.artforum.com/events/rania-stephan-marfa-projects-beirut-1234755520/,FRA;LBN,,unmapped,VIX 55th pct (H1 ON). A supply shock today lands on a physically well-supplied but psychologically stressed market.,new
2026-07-28T19:50:26+00:00,gdelt,[GDELT] BURMA / ?: fight/clash signal,https://wmskamfm.com/governor-orders-flags-at-state-buildings-lowered-to-half-staff-wednesday-to-honor-wwii-soldier-whose-remains-were-only-identified-this-year/,MMR,,unmapped,VIX 55th pct (H1 ON). A supply shock today lands on a physically well-supplied but psychologically stressed market.,new
2026-07-28T19:50:26+00:00,gdelt,[GDELT] NETHERLANDS / ?: fight/clash signal,https://www.artforum.com/features/luigi-ghirri-robby-muller-polaroid-photography-1234750797/,NLD,,unmapped,VIX 55th pct (H1 ON). A supply shock today lands on a physically well-supplied but psychologically stressed market.,new
2026-07-28T19:50:26+00:00,gdelt,[GDELT] RUSSIA / ?: fight/clash signal,https://www.yahoo.com/news/politics/articles/trump-welcomes-zelenskiy-ahead-funeral-134718198.html,RUS,,unmapped,VIX 55th pct (H1 ON). A supply shock today lands on a physically well-supplied but psychologically stressed market.,new
2026-07-28T19:50:26+00:00,rss:aljazeera,‘The dream I carried is gone’: Miscarriages rise amid trauma of Gaza’s war,https://www.aljazeera.com/features/2026/7/28/the-dream-i-carried-is-gone-miscarriages-rise-amid-trauma-of-gazas-war?traffic_source=rss,country.israel,blockade,chokepoint_disruption,VIX 55th pct (H1 ON). A supply shock today lands on a physically well-supplied but psychologically stressed market.,new
2026-07-28T19:50:26+00:00,rss:aljazeera,"Lindsey Graham ‘almost cried’ tears of joy over war on Iran, footage shows",https://www.aljazeera.com/news/2026/7/28/lindsey-graham-almost-cried-tears-of-joy-over-war-on-iran-footage-shows?traffic_source=rss,country.iran,,unmapped,VIX 55th pct (H1 ON). A supply shock today lands on a physically well-supplied but psychologically stressed market.,new
2026-07-28T20:59:53+00:00,gdelt,[GDELT] HANOVER / STUDENT: assault signal,https://portcitydaily.com/latest-news/2026/07/28/not-guilty-former-anderson-elementary-teacher-cleared-of-assaulting-autistic-student/,DEU,,unmapped,VIX 55th pct (H1 ON). A supply shock today lands on a physically well-supplied but psychologically stressed market.,new
2026-07-28T20:59:53+00:00,gdelt,[GDELT] COMPANY / NELSON MANDELA: fight/clash signal,https://www.dailymaverick.co.za/article/2026-07-28-drones-quietly-watch-over-nelson-mandela-bay-as-crime-fighting-gets-a-sharper-edge/,ZAF,,unmapped,VIX 55th pct (H1 ON). A supply shock today lands on a physically well-supplied but psychologically stressed market.,new
2026-07-28T20:59:53+00:00,gdelt,[GDELT] DETECTIVE / UNITED KINGDOM: fight/clash signal,https://www.mirror.co.uk/tv/tv-news/disney-britains-notorious-crime-investigations-37482955,GBR,,unmapped,VIX 55th pct (H1 ON). A supply shock today lands on a physically well-supplied but psychologically stressed market.,new
2026-07-28T20:59:53+00:00,gdelt,[GDELT] BRUNSWICK / ?: fight/clash signal,https://portcitydaily.com/local-news/2026/07/28/brunswick-county-sheriffs-office-announces-a-dozen-drug-related-arrests/,DEU,,unmapped,VIX 55th pct (H1 ON). A supply shock today lands on a physically well-supplied but psychologically stressed market.,new
2026-07-28T20:59:53+00:00,gdelt,[GDELT] BRITAIN / TELEVISION: fight/clash signal,https://www.themainewire.com/2026/07/comic-book-artist-charged-in-alleged-assault-of-maine-wire-reporter-following-biddeford-anti-ice-protest/,GBR,,unmapped,VIX 55th pct (H1 ON). A supply shock today lands on a physically well-supplied but psychologically stressed market.,new
2026-07-28T20:59:53+00:00,gdelt,[GDELT] MADHYA PRADESH / ?: assault signal,https://www.freepressjournal.in/indore/ujjain-seer-accused-of-rape-claims-honey-trap-and-blackmail-police-probe-underway,IND,,unmapped,VIX 55th pct (H1 ON). A supply shock today lands on a physically well-supplied but psychologically stressed market.,new
2026-07-28T20:59:53+00:00,gdelt,[GDELT] ISRAELI / LEBANESE: fight/clash signal,https://www.middleeasteye.net/live-blog/live-blog-update/israeli-forces-carry-out-another-bombing-operation-southern-lebanons,ISR;LBN,,unmapped,VIX 55th pct (H1 ON). A supply shock today lands on a physically well-supplied but psychologically stressed market.,new
2026-07-28T20:59:53+00:00,gdelt,[GDELT] SAGA / ?: fight/clash signal,https://gamerant.com/ghost-rider-movie-mephisto-wasted/,JPN,,unmapped,VIX 55th pct (H1 ON). A supply shock today lands on a physically well-supplied but psychologically stressed market.,new
2026-07-28T20:59:53+00:00,gdelt,[GDELT] JAPAN / ?: fight/clash signal,https://krmg.com/2026/07/28/5-states-offer-to-accept-nuclear-waste-in-exchange-for-help-developing-nuclear-energy/,JPN,nuclear,conflict_escalation,VIX 55th pct (H1 ON). A supply shock today lands on a physically well-supplied but psychologically stressed market.,new
2026-07-28T20:59:53+00:00,gdelt,[GDELT] SENATOR / IRAN: sanctions/embargo signal,https://abcnews.com/Politics/senate-move-russia-sanctions-bill-named-after-sen/story?id=135151693,IRN,sanctions,sanctions,VIX 55th pct (H1 ON). A supply shock today lands on a physically well-supplied but psychologically stressed market.,new
2026-07-28T20:59:53+00:00,gdelt,[GDELT] ISLAMIC / SAUDI: fight/clash signal,https://legalinsurrection.com/2026/07/houthis-escalate-attacks-on-saudi-arabia-reportedly-fire-ballistic-missiles-at-oil-tanker/,SAU,tanker;missile;houthi,infrastructure_attack,VIX 55th pct (H1 ON). A supply shock today lands on a physically well-supplied but psychologically stressed market.,new
2026-07-28T20:59:53+00:00,gdelt,[GDELT] RUSSIA / ?: fight/clash signal,https://asia.nikkei.com/politics/ukraine-war/trump-zelenskyy-discuss-patriot-deal-and-reviving-talks-with-russia,RUS,,unmapped,VIX 55th pct (H1 ON). A supply shock today lands on a physically well-supplied but psychologically stressed market.,new
2026-07-28T20:59:53+00:00,gdelt,[GDELT] UKRAINE / ?: fight/clash signal,https://www.indiablooms.com/news/13-indian-seafarers-trapped-in-ukraine-port-as-drone-missile-attacks-intensify/details,UKR,missile,conflict_escalation,VIX 55th pct (H1 ON). A supply shock today lands on a physically well-supplied but psychologically stressed market.,new
2026-07-28T20:59:53+00:00,gdelt,[GDELT] KYIV / MILITARY: fight/clash signal,https://www.arabnews.com/node/2652626/middle-east,UKR,,unmapped,VIX 55th pct (H1 ON). A supply shock today lands on a physically well-supplied but psychologically stressed market.,new
2026-07-28T20:59:53+00:00,gdelt,[GDELT] UKRAINE / INDIGENOUS: fight/clash signal,https://www.techradar.com/pro/ukraine-has-used-its-own-indigenous-tomahawk-lite-guided-jet-bombs-on-targets-125-miles-away,UKR,,unmapped,VIX 55th pct (H1 ON). A supply shock today lands on a physically well-supplied but psychologically stressed market.,new
2026-07-28T20:59:53+00:00,gdelt,[GDELT] YEMENI / SANAA: fight/clash signal,https://www.arabnews.com/node/2652629/middle-east,YEM,,unmapped,VIX 55th pct (H1 ON). A supply shock today lands on a physically well-supplied but psychologically stressed market.,new
2026-07-28T20:59:53+00:00,rss:aljazeera,Rome’s viral graffiti cleaner is taking on an ancient problem,https://www.aljazeera.com/video/newsfeed/2026/7/28/romes-viral-graffiti-cleaner-is-taking-on-an-ancient-problem?traffic_source=rss,,spr,policy_response,VIX 55th pct (H1 ON). A supply shock today lands on a physically well-supplied but psychologically stressed market.,new
2026-07-28T20:59:53+00:00,rss:aljazeera,"Many feared dead from 7.1-magnitude quake in Kumamoto, Japan",https://www.aljazeera.com/video/newsfeed/2026/7/28/aje-onl-nf_many-feared-dead-from-7-280726?traffic_source=rss,,spr,policy_response,VIX 55th pct (H1 ON). A supply shock today lands on a physically well-supplied but psychologically stressed market.,new
2026-07-28T20:59:53+00:00,rss:aljazeera,Kyiv warns Iran against escalation after Ukraine’s Caspian Sea attack,https://www.aljazeera.com/news/2026/7/28/kyiv-warns-iran-against-escalation-after-ukraines-caspian-sea-attack?traffic_source=rss,country.iran;country.ukraine,escalation,conflict_escalation,VIX 55th pct (H1 ON). A supply shock today lands on a physically well-supplied but psychologically stressed market.,new
2026-07-28T20:59:53+00:00,rss:aljazeera,"How US defence aid shaped Israel’s military developments since Oct 7, 2023",https://www.aljazeera.com/economy/2026/7/28/how-us-defence-aid-shaped-israels-military-developments-since-oct-7-2023?traffic_source=rss,country.israel,,unmapped,VIX 55th pct (H1 ON). A supply shock today lands on a physically well-supplied but psychologically stressed market.,new
2026-07-28T22:06:48+00:00,gdelt,[GDELT] ? / OMANI: fight/clash signal,https://gfmag.com/banking/state-street-bets-on-oman/,OMN,,unmapped,VIX 55th pct (H1 ON). A supply shock today lands on a physically well-supplied but psychologically stressed market.,new
2026-07-28T22:06:48+00:00,gdelt,[GDELT] NOVA SCOTIA / ?: fight/clash signal,https://www.theglobeandmail.com/canada/article-great-white-shark-nova-scotia-beach/,CAN,,unmapped,VIX 55th pct (H1 ON). A supply shock today lands on a physically well-supplied but psychologically stressed market.,new
2026-07-28T22:06:48+00:00,gdelt,[GDELT] OTTAWA / OTTAWA: assault signal,https://ottawacitizen.com:443/news/ottawa-rideshare-driver-charged-sexual-assault,CAN,,unmapped,VIX 55th pct (H1 ON). A supply shock today lands on a physically well-supplied but psychologically stressed market.,new
2026-07-28T22:06:48+00:00,gdelt,[GDELT] ONTARIO / POLICE: fight/clash signal,https://ottawacitizen.com:443/news/augusta-township-homicide-investigation,CAN,,unmapped,VIX 55th pct (H1 ON). A supply shock today lands on a physically well-supplied but psychologically stressed market.,new
2026-07-28T22:06:48+00:00,gdelt,[GDELT] CANADA / ?: fight/clash signal,https://ottawacitizen.com:443/news/possible-shooting-gatineau,CAN,,unmapped,VIX 55th pct (H1 ON). A supply shock today lands on a physically well-supplied but psychologically stressed market.,new
2026-07-28T22:06:48+00:00,gdelt,[GDELT] TORONTO / ?: fight/clash signal,https://www.radioseoul1650.com/archives/148890,CAN,,unmapped,VIX 55th pct (H1 ON). A supply shock today lands on a physically well-supplied but psychologically stressed market.,new
2026-07-28T22:06:48+00:00,gdelt,[GDELT] PRISON / VICTORIA: assault signal,https://kbhr933.com/police/prison-sentences-handed-down-in-tragic-death-of-sugarloaf-toddler/,AUS,,unmapped,VIX 55th pct (H1 ON). A supply shock today lands on a physically well-supplied but psychologically stressed market.,new
2026-07-28T22:06:48+00:00,gdelt,[GDELT] LEBANESE / SYRIA: assault signal,https://www.arabnews.com/node/2652623,LBN;SYR,,unmapped,VIX 55th pct (H1 ON). A supply shock today lands on a physically well-supplied but psychologically stressed market.,new
2026-07-28T22:06:48+00:00,gdelt,[GDELT] POLITICAL PRISONER / IRAN: assault signal,https://www.ncr-iran.org/en/news/iran-resistance/why-irans-regime-keeps-executing-young-dissidents-and-why-it-keeps-failing/,IRN,,unmapped,VIX 55th pct (H1 ON). A supply shock today lands on a physically well-supplied but psychologically stressed market.,new
2026-07-28T22:06:48+00:00,gdelt,[GDELT] RUSSIA / SENATOR: sanctions/embargo signal,https://www.theglobeandmail.com/world/article-us-senate-russia-sanctions-bill-lindsey-graham/,RUS,sanctions,sanctions,VIX 55th pct (H1 ON). A supply shock today lands on a physically well-supplied but psychologically stressed market.,new
2026-07-28T22:06:48+00:00,rss:aljazeera,Israeli airstrike destroys Gaza City mosque near displacement camp,https://www.aljazeera.com/video/newsfeed/2026/7/28/israeli-airstrike-destroys-gaza-city-mosque-near-displacement-camp?traffic_source=rss,,airstrike,conflict_escalation,VIX 55th pct (H1 ON). A supply shock today lands on a physically well-supplied but psychologically stressed market.,new
2026-07-28T22:06:48+00:00,rss:aljazeera,Iran and Oman exchange proposals to manage Strait of Hormuz,https://www.aljazeera.com/news/2026/7/28/iran-and-oman-exchange-proposals-to-manage-strait-of-hormuz?traffic_source=rss,chokepoint.hormuz;country.iran,strait;hormuz,chokepoint_disruption,VIX 55th pct (H1 ON). A supply shock today lands on a physically well-supplied but psychologically stressed market.,new
2026-07-28T23:14:26+00:00,gdelt,[GDELT] ? / MANCHESTER: fight/clash signal,https://www.dailystar.co.uk/news/latest-news/firefighters-scrambled-meet-flight-manchester-37487953,GBR,,unmapped,VIX 55th pct (H1 ON). A supply shock today lands on a physically well-supplied but psychologically stressed market.,new
2026-07-28T23:14:26+00:00,gdelt,[GDELT] QUEENSLAND / ?: fight/clash signal,https://www.ibtimes.co.uk/ai-misuse-queensland-fake-sex-work-posters-1811175,AUS,,unmapped,VIX 55th pct (H1 ON). A supply shock today lands on a physically well-supplied but psychologically stressed market.,new
2026-07-28T23:14:26+00:00,gdelt,[GDELT] CANADA / ?: fight/clash signal,https://ottawacitizen.com/news/news-of-the-day-ottawa-can-expect-as-much-as-100-mm-of-rain-new-eateries-are-transforming-somerset-street-west-paddling-a-glowing-kayak-on-the-canal-after-dark,CAN,,unmapped,VIX 55th pct (H1 ON). A supply shock today lands on a physically well-supplied but psychologically stressed market.,new
2026-07-28T23:14:26+00:00,gdelt,[GDELT] SPAIN / FRANCE: fight/clash signal,https://www.foxnews.com/world/deadly-french-wildfires-threaten-missile-plants-nuclear-sites-fourth-heatwave-looms,FRA,nuclear;missile,conflict_escalation,VIX 55th pct (H1 ON). A supply shock today lands on a physically well-supplied but psychologically stressed market.,new
2026-07-28T23:14:26+00:00,gdelt,[GDELT] UNITED KINGDOM / ?: fight/clash signal,https://www.ibtimes.co.uk/virgin-atlantic-engineer-death-safety-concerns-1811165,GBR,,unmapped,VIX 55th pct (H1 ON). A supply shock today lands on a physically well-supplied but psychologically stressed market.,new
2026-07-28T23:14:26+00:00,gdelt,[GDELT] MADRAS / OREGON: fight/clash signal,https://bendbulletin.com/2026/07/28/prineville-area-fires-merge-into-300000-acre-rowe-creek-complex/,IND,,unmapped,VIX 55th pct (H1 ON). A supply shock today lands on a physically well-supplied but psychologically stressed market.,new
2026-07-28T23:14:26+00:00,gdelt,[GDELT] IRANIAN / NAVAL: fight/clash signal,https://www.irishtimes.com/world/us/2026/07/28/netanyahu-meets-trump-in-us-with-president-seeking-to-avoid-renewed-attacks-on-iran/,IRN,,unmapped,VIX 55th pct (H1 ON). A supply shock today lands on a physically well-supplied but psychologically stressed market.,new
2026-07-28T23:14:26+00:00,gdelt,[GDELT] ISRAEL / PALESTINIAN: fight/clash signal,https://english.wafa.ps/Pages/Details/173021,ISR,,unmapped,VIX 55th pct (H1 ON). A supply shock today lands on a physically well-supplied but psychologically stressed market.,new
2026-07-28T23:14:26+00:00,gdelt,[GDELT] PROTESTER / PAKISTAN: fight/clash signal,https://thefrontierpost.com/pakistan-accused-of-fatally-shooting-30-unarmed-protesters-in-kashmir/,PAK,,unmapped,VIX 55th pct (H1 ON). A supply shock today lands on a physically well-supplied but psychologically stressed market.,new
2026-07-28T23:14:26+00:00,gdelt,[GDELT] UNITED STATES / IRAN: fight/clash signal,http://www.hngnews.com/nation_world/the-us-military-says-its-thwarted-an-iranian-missile-attack-on-american-troops-breaking-the/article_44b47b47-4cda-50d1-bf14-a7a726908e84.html,IRN,missile,conflict_escalation,VIX 55th pct (H1 ON). A supply shock today lands on a physically well-supplied but psychologically stressed market.,new
2026-07-28T23:14:26+00:00,rss:aljazeera,"Japan Kumamoto earthquake: What happened, damage, victims, latest updates",https://www.aljazeera.com/news/2026/7/28/japan-kumamoto-earthquake-what-happened-damage-victims-latest-updates?traffic_source=rss,,spr,policy_response,VIX 55th pct (H1 ON). A supply shock today lands on a physically well-supplied but psychologically stressed market.,new
2026-07-29T00:09:53+00:00,gdelt,[GDELT] DEFENSE SECRETARY / RUSSIAN: fight/clash signal,https://www.chinatechnews.com/2026/07/29/126377-could-ukraines-attack-on-an-iranian-ship-merge-2-ongoing-wars,RUS,,unmapped,VIX 55th pct (H1 ON). A supply shock today lands on a physically well-supplied but psychologically stressed market.,new
2026-07-29T00:09:53+00:00,gdelt,[GDELT] QUEENSLAND / ?: assault signal,https://www.cairnspost.com.au/news/regional/explained-qlds-youth-crime-crisis-laid-bare/news-story/c1589812a1c9c96798763b0d46afced7?nk=4f5e52dd2ebd2a957f1a365166b06048-1785283321,AUS,,unmapped,VIX 55th pct (H1 ON). A supply shock today lands on a physically well-supplied but psychologically stressed market.,new
2026-07-29T00:09:53+00:00,gdelt,[GDELT] ALBERTA / ?: fight/clash signal,https://cfweradio.ca/2026/07/28/dogs-can-help-hunt-black-bears-in-alberta-this-year/,CAN,,unmapped,VIX 55th pct (H1 ON). A supply shock today lands on a physically well-supplied but psychologically stressed market.,new
2026-07-29T00:09:53+00:00,gdelt,[GDELT] POLICE / SANTIAGO: fight/clash signal,https://www.yahoo.com/news/us/articles/simi-valley-police-name-officer-233421413.html,CHL,,unmapped,VIX 55th pct (H1 ON). A supply shock today lands on a physically well-supplied but psychologically stressed market.,new
2026-07-29T00:09:53+00:00,gdelt,[GDELT] GERMAN / BERLIN: fight/clash signal,https://www.catholicworldreport.com/2026/07/28/berlin-archbishop-after-deadly-attack-on-lgbt-event-hatred-must-not-win/,DEU,,unmapped,VIX 55th pct (H1 ON). A supply shock today lands on a physically well-supplied but psychologically stressed market.,new
2026-07-29T00:09:53+00:00,gdelt,[GDELT] SPAIN / FRANCE: fight/clash signal,https://www.aol.co.uk/articles/europes-holiday-hotspot-wildfires-mapped-232600000.html,FRA,,unmapped,VIX 55th pct (H1 ON). A supply shock today lands on a physically well-supplied but psychologically stressed market.,new
2026-07-29T00:09:53+00:00,gdelt,[GDELT] UNITED KINGDOM / ?: assault signal,https://www.the-messenger.com/news/national/article_07890694-a17b-5caa-8bb1-d5b665a6c373.html,GBR,,unmapped,VIX 55th pct (H1 ON). A supply shock today lands on a physically well-supplied but psychologically stressed market.,new
2026-07-29T00:09:53+00:00,gdelt,[GDELT] JAMMU AND KASHMIR / ARMY: assault signal,https://kashmirreader.com/2026/07/29/two-army-soldiers-injured-in-mine-blast-near-loc-in-uri/,IND,,unmapped,VIX 55th pct (H1 ON). A supply shock today lands on a physically well-supplied but psychologically stressed market.,new
2026-07-29T00:09:53+00:00,gdelt,[GDELT] SRINAGAR / PILGRIM: assault signal,https://kashmirreader.com/2026/07/29/39-amarnath-pilgrims-injured-as-bus-skids-off-road-in-ganderbal/,IND,,unmapped,VIX 55th pct (H1 ON). A supply shock today lands on a physically well-supplied but psychologically stressed market.,new
2026-07-29T00:09:53+00:00,gdelt,[GDELT] IRAN / ?: fight/clash signal,https://www.winnipegfreepress.com/world/2026/07/28/pentagon-ties-new-casualty-category-for-renewed-us-iran-fighting-to-the-end-of-operation-epic-fury,IRN,,unmapped,VIX 55th pct (H1 ON). A supply shock today lands on a physically well-supplied but psychologically stressed market.,new
2026-07-29T00:09:53+00:00,gdelt,[GDELT] IRAN / MILITARY FORCE: fight/clash signal,https://www.newkerala.com/news/a/attempted-surprise-attack-iran-launches-ballistic-missiles-against-575.htm,IRN,missile,conflict_escalation,VIX 55th pct (H1 ON). A supply shock today lands on a physically well-supplied but psychologically stressed market.,new
2026-07-29T00:09:53+00:00,gdelt,[GDELT] IRAN / UNITED STATES: fight/clash signal,https://www.theadvocate.com.au/story/9319549/iranian-missile-attack-on-american-troops-thwarted-us/,IRN,missile,conflict_escalation,VIX 55th pct (H1 ON). A supply shock today lands on a physically well-supplied but psychologically stressed market.,new
2026-07-29T00:09:53+00:00,gdelt,[GDELT] ISRAEL / HAMAS: fight/clash signal,https://www.camera.org/article/nbc-makes-readers-minds-up-for-them-omitting-key-details-on-gaza-ceasefire/,ISR,ceasefire,conflict_escalation,VIX 55th pct (H1 ON). A supply shock today lands on a physically well-supplied but psychologically stressed market.,new
2026-07-29T00:09:53+00:00,gdelt,[GDELT] JORDAN / IRAN: fight/clash signal,https://www.express.co.uk/news/world/2233909/iran-launches-missiles-us-military-bases-jordan,IRN;JOR,missile,conflict_escalation,VIX 55th pct (H1 ON). A supply shock today lands on a physically well-supplied but psychologically stressed market.,new
2026-07-29T00:09:53+00:00,gdelt,[GDELT] JAPAN / ?: fight/clash signal,https://www.kuer.org/politics-government/2026-07-28/utah-nuclear-lifecycle-innovation-campus-host-finalist-list,JPN,nuclear,conflict_escalation,VIX 55th pct (H1 ON). A supply shock today lands on a physically well-supplied but psychologically stressed market.,new
2026-07-29T00:09:53+00:00,gdelt,[GDELT] JAPAN / ?: fight/clash signal,https://gamerant.com/pokemon-tcg-shop-theft-cash-bounty/,JPN,,unmapped,VIX 55th pct (H1 ON). A supply shock today lands on a physically well-supplied but psychologically stressed market.,new
2026-07-29T00:09:53+00:00,gdelt,[GDELT] JAPAN / NEWS AGENCY: assault signal,https://wnax.com/news/030030-a-magnitude-7-1-earthquake-shakes-part-of-southern-japan-but-no-tsunami-detected/,JPN,,unmapped,VIX 55th pct (H1 ON). A supply shock today lands on a physically well-supplied but psychologically stressed market.,new
2026-07-29T00:09:53+00:00,gdelt,[GDELT] WORKER / MOSCOW: assault signal,https://www.naturalnews.com/2026-07-28-three-injured-ukranian-drone-strike-warehouses-st-petersburg.html,RUS,,unmapped,VIX 55th pct (H1 ON). A supply shock today lands on a physically well-supplied but psychologically stressed market.,new
2026-07-29T00:09:53+00:00,gdelt,[GDELT] LOCAL MEDIA / SUDAN: fight/clash signal,https://truthout.org/articles/uae-supplied-drones-still-target-civilians-in-sudan-despite-eu-condemnation/,SDN,,unmapped,VIX 55th pct (H1 ON). A supply shock today lands on a physically well-supplied but psychologically stressed market.,new
2026-07-29T00:09:53+00:00,gdelt,[GDELT] MEXICO / ?: fight/clash signal,https://www.raps.org/resource/recon-fda-says-replimune-s-pivotal-melanoma-study-didn-t-show-benefit-fda-guidance-on-peptides-could-affect-development-of-glp-1-generics.html,MEX,,unmapped,VIX 55th pct (H1 ON). A supply shock today lands on a physically well-supplied but psychologically stressed market.,new
2026-07-29T00:09:53+00:00,gdelt,[GDELT] MEXICO / TEXAS: fight/clash signal,https://english.elpais.com/usa/2026-07-28/they-sweated-profusely-and-gasped-for-air-the-journey-of-seven-migrants-who-died-on-a-train-in-texas.html,MEX,,unmapped,VIX 55th pct (H1 ON). A supply shock today lands on a physically well-supplied but psychologically stressed market.,new
2026-07-29T00:09:53+00:00,gdelt,[GDELT] TOYOTA / ?: fight/clash signal,https://www.jalopnik.com/2224873/heres-how-much-rooftop-tent-weighs-correct-prep-installation/,JPN,,unmapped,VIX 55th pct (H1 ON). A supply shock today lands on a physically well-supplied but psychologically stressed market.,new
2026-07-29T00:09:53+00:00,gdelt,[GDELT] NIGERIA / NIGERIA: fight/clash signal,https://dailytrust.com/navy-arrests-sao-tome-flagged-tanker-over-alleged-crude-oil-theft/,NGA,tanker;crude,infrastructure_attack,VIX 55th pct (H1 ON). A supply shock today lands on a physically well-supplied but psychologically stressed market.,new
2026-07-29T00:09:53+00:00,gdelt,[GDELT] TURKISH / ?: fight/clash signal,https://www.perthnow.com.au/news/guns-grenades-and-3m-in-drugs-found-in-glenfield-sydney-c-22643272,TUR,,unmapped,VIX 55th pct (H1 ON). A supply shock today lands on a physically well-supplied but psychologically stressed market.,new
2026-07-29T00:09:53+00:00,rss:aljazeera,Yemen’s Houthis claim missile attack on Saudi Arabia oil tanker,https://www.aljazeera.com/news/2026/7/28/yemens-houthis-claim-missile-attack-on-saudi-arabia-oil-tanker?traffic_source=rss,country.saudi_arabia;country.yemen,tanker;missile;blockade;red sea;houthi,infrastructure_attack,VIX 55th pct (H1 ON). A supply shock today lands on a physically well-supplied but psychologically stressed market.,new
2026-07-29T03:35:16+00:00,gdelt,[GDELT] ? / CHINA: fight/clash signal,https://macaudailytimes.com.mo/diners-clash-in-taipa-eatery-brawl-over-alcohol-fueled-dispute.html,CHN,,unmapped,VIX 55th pct (H1 ON). A supply shock today lands on a physically well-supplied but psychologically stressed market.,new
2026-07-29T03:35:16+00:00,gdelt,[GDELT] ? / BERLIN: fight/clash signal,https://thechronicle.com.gh/berlin-pride-attacker-recorded-pledge-of-allegiance-to-is-prosecutors-say/,DEU,,unmapped,VIX 55th pct (H1 ON). A supply shock today lands on a physically well-supplied but psychologically stressed market.,new
2026-07-29T03:35:16+00:00,gdelt,[GDELT] ? / KUMAMOTO: fight/clash signal,http://www.somdnews.com/ap/world/rescuers-search-for-the-missing-after-japan-earthquake-as-death-toll-rises-to-13/article_d82fb656-8336-557f-96e1-de5eaaf65c3e.html,JPN,,unmapped,VIX 55th pct (H1 ON). A supply shock today lands on a physically well-supplied but psychologically stressed market.,new
2026-07-29T03:35:16+00:00,gdelt,[GDELT] ? / SAUDI: fight/clash signal,https://www.moonofalabama.org/2026/07/war-on-iran-another-hold-of-direct-conflict-while-action-proceeds-elsewhere.html/comment-page-5,SAU,,unmapped,VIX 55th pct (H1 ON). A supply shock today lands on a physically well-supplied but psychologically stressed market.,new
2026-07-29T03:35:16+00:00,gdelt,[GDELT] AUSTRALIA / AUSTRALIA: fight/clash signal,https://www.thehindu.com/education/can-foreign-campuses-in-india-replace-study-abroad/article71271825.ece,AUS,,unmapped,VIX 55th pct (H1 ON). A supply shock today lands on a physically well-supplied but psychologically stressed market.,new
2026-07-29T03:35:16+00:00,gdelt,[GDELT] UNITED KINGDOM / ?: fight/clash signal,https://www.tvguide.co.uk/schedule/5dbd1624-c9f8-58ab-8d7c-1968ef2b0dac/uk-crime-files-connecting-a-killer,GBR,,unmapped,VIX 55th pct (H1 ON). A supply shock today lands on a physically well-supplied but psychologically stressed market.,new
2026-07-29T03:35:16+00:00,gdelt,[GDELT] PRESIDENT / TEHRAN: fight/clash signal,https://www.foxnews.com/media/israeli-pm-benjamin-netanyahu-vows-visit-new-york-despite-mamdani-repeated-calls-arrest,IRN,,unmapped,VIX 55th pct (H1 ON). A supply shock today lands on a physically well-supplied but psychologically stressed market.,new
2026-07-29T03:35:16+00:00,gdelt,[GDELT] IRAN / IRAQ: fight/clash signal,https://www.abc.net.au/news/2026-07-29/fighting-reignites-as-us-strikes-iran-backed-militants-in-iraq/106970590,IRN;IRQ,,unmapped,VIX 55th pct (H1 ON). A supply shock today lands on a physically well-supplied but psychologically stressed market.,new
2026-07-29T03:35:16+00:00,gdelt,[GDELT] UKRAINE / MILITARY: fight/clash signal,https://www.foxnews.com/media/zelenskyy-says-putin-lost-initiative-ukraine-tech-industry-reshapes-war,UKR,,unmapped,VIX 55th pct (H1 ON). A supply shock today lands on a physically well-supplied but psychologically stressed market.,new
2026-07-29T03:35:16+00:00,gdelt,[GDELT] AMERICAN / TIJUANA: fight/clash signal,https://www.tvguide.co.uk/schedule/bcf57f44-d743-50c8-a9e3-21e657958a85/fugitive-hunters-mexico,MEX,,unmapped,VIX 55th pct (H1 ON). A supply shock today lands on a physically well-supplied but psychologically stressed market.,new
2026-07-29T03:35:16+00:00,gdelt,[GDELT] VENEZUELA / CUBAN: assault signal,https://www.wsws.org/en/articles/2026/07/29/rjwe-j29.html,VEN,,unmapped,VIX 55th pct (H1 ON). A supply shock today lands on a physically well-supplied but psychologically stressed market.,new
2026-07-29T03:35:16+00:00,rss:bbc_world,"Iran and US trade strikes, shattering brief lull in fighting",https://www.bbc.co.uk/news/articles/c70g6y24d76o?at_medium=RSS&at_campaign=rss,country.iran,missile,conflict_escalation,VIX 55th pct (H1 ON). A supply shock today lands on a physically well-supplied but psychologically stressed market.,new
2026-07-29T03:35:16+00:00,rss:bbc_world,Trump administration bans new Chinese humanoid robots,https://www.bbc.co.uk/news/articles/cp9e2ex3ekyo?at_medium=RSS&at_campaign=rss,country.china,,unmapped,VIX 55th pct (H1 ON). A supply shock today lands on a physically well-supplied but psychologically stressed market.,new
2026-07-29T03:35:16+00:00,rss:aljazeera,Iran missiles target US forces in Jordan after a five-day pause in war,https://www.aljazeera.com/video/newsfeed/2026/7/29/iran-missiles-target-us-forces-in-jordan-after-a-five-day-pause-in-war?traffic_source=rss,country.iran,missile,conflict_escalation,VIX 55th pct (H1 ON). A supply shock today lands on a physically well-supplied but psychologically stressed market.,new
2026-07-29T03:35:16+00:00,rss:aljazeera,"Israel kills Palestinian, destroys mosque in Gaza",https://www.aljazeera.com/news/2026/7/29/israel-kills-palestinian-destroys-mosque-in-gaza?traffic_source=rss,country.israel,,unmapped,VIX 55th pct (H1 ON). A supply shock today lands on a physically well-supplied but psychologically stressed market.,new
2026-07-29T03:35:16+00:00,rss:aljazeera,"Saudi Arabia, US carry out strikes on Iran-backed groups in Iraq",https://www.aljazeera.com/news/2026/7/29/saudi-arabia-us-carry-out-strikes-on-iran-backed-groups-in-iraq?traffic_source=rss,country.iran;country.iraq;country.saudi_arabia,,unmapped,VIX 55th pct (H1 ON). A supply shock today lands on a physically well-supplied but psychologically stressed market.,new
2026-07-29T03:35:16+00:00,rss:aljazeera,Turkiye takes ‘historic step’ on energy alliance with Iraq,https://www.aljazeera.com/news/2026/7/29/turkiye-takes-historic-step-on-energy-alliance-with-iraq?traffic_source=rss,country.iraq,,unmapped,VIX 55th pct (H1 ON). A supply shock today lands on a physically well-supplied but psychologically stressed market.,new
2026-07-29T03:35:16+00:00,rss:aljazeera,"Iran war live: US, Saudi forces attack Tehran-aligned groups in Iraq",https://www.aljazeera.com/news/liveblog/2026/7/29/iran-war-live-us-accuses-irgc-of-surprise-ballistic-missile-attacks?traffic_source=rss,chokepoint.hormuz;country.iran;country.iraq;country.saudi_arabia,hormuz,chokepoint_disruption,VIX 55th pct (H1 ON). A supply shock today lands on a physically well-supplied but psychologically stressed market.,new
2026-07-29T06:18:19+00:00,gdelt,[GDELT] ADELAIDE / POLICE OFFICER: fight/clash signal,https://www.dailymail.com/news/article-16012699/police-officer-stabbed-neck-knifeman-Elizabeth-East.html,AUS,,unmapped,VIX 55th pct (H1 ON). A supply shock today lands on a physically well-supplied but psychologically stressed market.,new
2026-07-29T06:18:19+00:00,gdelt,[GDELT] SYDNEY / MANCHESTER: fight/clash signal,https://www.jpost.com/diaspora/antisemitism/article-903961,AUS;GBR,,unmapped,VIX 55th pct (H1 ON). A supply shock today lands on a physically well-supplied but psychologically stressed market.,new
2026-07-29T06:18:19+00:00,gdelt,[GDELT] COMPANY / CHINA: fight/clash signal,https://www.digitaltrends.com/cars/xiaomi-spills-skynomad-erev-details-ahead-of-july-30-debut-and-it-rhymes-with-kunlun/,CHN,,unmapped,VIX 55th pct (H1 ON). A supply shock today lands on a physically well-supplied but psychologically stressed market.,new
2026-07-29T06:18:19+00:00,gdelt,[GDELT] POLICE / WESTERN CAPE: assault signal,https://www.citizen.co.za/news/south-africa/courts/boschkop-man-court-for-allegedly-infecting-girlfriend-hiv/,ZAF,,unmapped,VIX 55th pct (H1 ON). A supply shock today lands on a physically well-supplied but psychologically stressed market.,new
2026-07-29T06:18:19+00:00,gdelt,[GDELT] GERMANY / ?: fight/clash signal,https://worldtribune.com/as-ny-times-sees-it-radicalized-car-plowed-through-lgbt-crowd-in-berlin/,DEU,,unmapped,VIX 55th pct (H1 ON). A supply shock today lands on a physically well-supplied but psychologically stressed market.,new
2026-07-29T06:18:19+00:00,gdelt,[GDELT] BIRMINGHAM / THAILAND: fight/clash signal,https://www.birminghammail.co.uk/news/midlands-news/birmingham-dad-20-catastrophic-brain-34362772,GBR;THA,,unmapped,VIX 55th pct (H1 ON). A supply shock today lands on a physically well-supplied but psychologically stressed market.,new
2026-07-29T06:18:19+00:00,gdelt,[GDELT] IRAN / CHINA: fight/clash signal,https://www.israelnationalnews.com/flashes/690769,CHN;IRN,,unmapped,VIX 55th pct (H1 ON). A supply shock today lands on a physically well-supplied but psychologically stressed market.,new
2026-07-29T06:18:19+00:00,gdelt,[GDELT] IRANIAN / IRAQ: fight/clash signal,https://gulfnews.com/world/mena/iran-fires-missile-at-us-base-in-jordan-us-saudi-forces-strike-iran-backed-militias-in-iraq-1.500623392,IRN;IRQ,missile,conflict_escalation,VIX 55th pct (H1 ON). A supply shock today lands on a physically well-supplied but psychologically stressed market.,new
2026-07-29T06:18:19+00:00,gdelt,[GDELT] IRAN / JORDAN: fight/clash signal,http://www.econotimes.com/US-Intercepts-Iranian-Ballistic-Missiles-as-Middle-East-Tensions-Escalate-1748010,IRN;JOR,missile,conflict_escalation,VIX 55th pct (H1 ON). A supply shock today lands on a physically well-supplied but psychologically stressed market.,new
2026-07-29T06:18:19+00:00,gdelt,[GDELT] IRANIAN / AMERICAN: fight/clash signal,http://www.leadertelegram.com/news/nation-world/ap-news-summary-at-1-16-a-m-edt/article_b95ab1f1-f832-582e-b76e-8191548d2298.html,IRN,,unmapped,VIX 55th pct (H1 ON). A supply shock today lands on a physically well-supplied but psychologically stressed market.,new
2026-07-29T06:18:19+00:00,gdelt,[GDELT] IRAN / A US: fight/clash signal,https://gulfnews.com/uae/us-iran-conflict-what-uae-residents-need-to-know-today-july-29-1.500623397,IRN,,unmapped,VIX 55th pct (H1 ON). A supply shock today lands on a physically well-supplied but psychologically stressed market.,new
2026-07-29T06:18:19+00:00,gdelt,[GDELT] ISRAEL / LEBANON: fight/clash signal,https://www.mnnonline.org/news/summer-ministries-give-structure-and-hope-to-at-risk-kids-in-lebanon/,ISR;LBN,,unmapped,VIX 55th pct (H1 ON). A supply shock today lands on a physically well-supplied but psychologically stressed market.,new
2026-07-29T06:18:19+00:00,gdelt,[GDELT] MEDIA / PAKISTAN: fight/clash signal,https://www.indiablooms.com/world/they-are-enemies-like-india-pakistan-ministers-explosive-remark-amid-deadly-pok-crackdown/details,PAK,,unmapped,VIX 55th pct (H1 ON). A supply shock today lands on a physically well-supplied but psychologically stressed market.,new
2026-07-29T06:18:19+00:00,gdelt,[GDELT] SAUDI / IRAQI: fight/clash signal,https://www.thedailystar.net/news/world/news/least-10-killed-us-saudi-strikes-iraq-pmf-sources-4235291,IRQ;SAU,,unmapped,VIX 55th pct (H1 ON). A supply shock today lands on a physically well-supplied but psychologically stressed market.,new
2026-07-29T06:18:19+00:00,gdelt,[GDELT] SAUDI ARABIA / IRAQ: fight/clash signal,https://www.union-bulletin.com/news/world/jordan-intercepts-iranian-missiles-as-us-and-saudi-arabia-launch-strikes-against-militias-in-iraq/article_64325a0a-f97d-59cf-880b-45684169e415.html,IRQ;SAU,missile,conflict_escalation,VIX 55th pct (H1 ON). A supply shock today lands on a physically well-supplied but psychologically stressed market.,new
2026-07-29T06:18:19+00:00,gdelt,[GDELT] SAUDI ARABIA / IRAQ: fight/clash signal,https://www.winnipegfreepress.com/arts-and-life/life/faith/2026/07/29/jordan-says-it-intercepted-missiles-launched-from-iran,IRQ;SAU,missile,conflict_escalation,VIX 55th pct (H1 ON). A supply shock today lands on a physically well-supplied but psychologically stressed market.,new
2026-07-29T06:18:19+00:00,gdelt,[GDELT] SAUDI ARABIA / IRAQ: fight/clash signal,https://www.thesunchronicle.com/news/nation_world/jordan-intercepts-iranian-missiles-as-us-and-saudi-arabia-launch-strikes-against-militias-in-iraq/article_586454d5-7983-5eb8-8180-f89e4fb6b99a.html,IRQ;SAU,missile,conflict_escalation,VIX 55th pct (H1 ON). A supply shock today lands on a physically well-supplied but psychologically stressed market.,new
2026-07-29T06:18:19+00:00,rss:bbc_world,Zelensky and Netanyahu meet Trump as wars in Ukraine and Iran drag on,https://www.bbc.co.uk/news/articles/cj4k2z8z45ro?at_medium=RSS&at_campaign=rss,country.iran;country.ukraine,,unmapped,VIX 55th pct (H1 ON). A supply shock today lands on a physically well-supplied but psychologically stressed market.,new
2026-07-29T06:18:19+00:00,rss:aljazeera,Iran attacks US bases in Middle East as Trump meets Netanyahu,https://www.aljazeera.com/news/2026/7/29/iran-attacks-us-bases-in-middle-east-as-trump-meets-netanyahu?traffic_source=rss,chokepoint.hormuz;country.iran,strait;hormuz,chokepoint_disruption,VIX 55th pct (H1 ON). A supply shock today lands on a physically well-supplied but psychologically stressed market.,new
2026-07-29T06:18:19+00:00,rss:aljazeera,China puts the ‘squeeze’ on Taiwan with new maritime patrols,https://www.aljazeera.com/news/2026/7/29/china-puts-squeeze-on-taiwan-with-new-maritime-patrols?traffic_source=rss,country.china;country.taiwan,blockade,chokepoint_disruption,VIX 55th pct (H1 ON). A supply shock today lands on a physically well-supplied but psychologically stressed market.,new
2026-07-29T06:18:19+00:00,rss:aljazeera,Trump meets Netanyahu for a record seventh White House visit,https://www.aljazeera.com/video/newsfeed/2026/7/29/trump-meets-netanyahu-for-a-record-seventh-white-house-visit?traffic_source=rss,country.iran,,unmapped,VIX 55th pct (H1 ON). A supply shock today lands on a physically well-supplied but psychologically stressed market.,new
2026-07-29T09:19:48+00:00,gdelt,[GDELT] ? / VICTORIA: fight/clash signal,https://theconversation.com/australia-hasnt-built-an-oil-refinery-in-decades-but-that-could-change-288497,AUS,refinery,infrastructure_attack,VIX 55th pct (H1 ON). A supply shock today lands on a physically well-supplied but psychologically stressed market.,new
2026-07-29T09:19:48+00:00,gdelt,[GDELT] AUSTRALIA / ?: fight/clash signal,https://www.perthnow.com.au/news/family-of-woman-stabbed-by-dv-offender-before-horror-crash-which-killed-nurse-reveals-childrens-trauma-after-horror-attack-c-22647823,AUS,,unmapped,VIX 55th pct (H1 ON). A supply shock today lands on a physically well-supplied but psychologically stressed market.,new
2026-07-29T09:19:48+00:00,gdelt,[GDELT] SYDNEY / AUSTRALIAN: assault signal,https://if.com.au/vale-angela-wales-kirgo-inaugural-awg-executive-director/,AUS,,unmapped,VIX 55th pct (H1 ON). A supply shock today lands on a physically well-supplied but psychologically stressed market.,new
2026-07-29T09:19:48+00:00,gdelt,[GDELT] FRANCE / FIREFIGHTER: fight/clash signal,https://www.dailymail.com/news/article-16012771/Wildfire-catastrophe-Greek-holiday-island-villages-evacuated-people-flee-beaches-huge-blaze-burning-control.html,FRA,,unmapped,VIX 55th pct (H1 ON). A supply shock today lands on a physically well-supplied but psychologically stressed market.,new
2026-07-29T09:19:48+00:00,gdelt,[GDELT] DEFENCE MINIST / IRAQI: fight/clash signal,https://tribune.com.pk/story/2620897/middle-east-crisis-deepens-as-us-saudi-forces-strike-iran-backed-groups-in-iraq,IRQ,,unmapped,VIX 55th pct (H1 ON). A supply shock today lands on a physically well-supplied but psychologically stressed market.,new
2026-07-29T09:19:48+00:00,gdelt,[GDELT] IRELAND / CHINA: fight/clash signal,https://www.irishtimes.com/crime-law/courts/2026/07/29/lawyer-stabbed-father-to-death-as-he-told-him-he-loved-him-trial-hears/,CHN,,unmapped,VIX 55th pct (H1 ON). A supply shock today lands on a physically well-supplied but psychologically stressed market.,new
2026-07-29T09:19:48+00:00,gdelt,[GDELT] SAUDI ARABIA / IRAQ: fight/clash signal,https://www.durangoherald.com/articles/associated-press/jordan-says-it-intercepted-missiles-launched-from-iran/,IRQ;SAU,missile,conflict_escalation,VIX 55th pct (H1 ON). A supply shock today lands on a physically well-supplied but psychologically stressed market.,new
2026-07-29T09:19:48+00:00,gdelt,[GDELT] SAUDI ARABIA / IRAQ: fight/clash signal,https://www.naharnet.com/stories/en/321521-us-and-saudi-arabia-launch-strikes-against-militias-in-iraq,IRQ;SAU,,unmapped,VIX 55th pct (H1 ON). A supply shock today lands on a physically well-supplied but psychologically stressed market.,new
2026-07-29T09:19:48+00:00,gdelt,[GDELT] TAIPEI / TAIWANESE: assault signal,https://www.straitstimes.com/life/entertainment/taiwanese-actor-wang-kai-43-found-dead-at-home-in-taipei,TWN,strait,chokepoint_disruption,VIX 55th pct (H1 ON). A supply shock today lands on a physically well-supplied but psychologically stressed market.,new
2026-07-29T09:19:48+00:00,gdelt,[GDELT] UKRAINIAN / AUTHORITIES: fight/clash signal,https://www.themoscowtimes.com/2026/07/29/at-least-3-dead-in-russia-and-crimea-after-ukraine-strikes-industrial-sites-a93363,UKR,,unmapped,VIX 55th pct (H1 ON). A supply shock today lands on a physically well-supplied but psychologically stressed market.,new
2026-07-29T09:19:48+00:00,rss:aljazeera,US and Saudi Arabia strike ‘Iran-aligned’ groups in Iraq,https://www.aljazeera.com/video/newsfeed/2026/7/29/us-and-saudi-arabia-strike-iran-aligned-groups-in-iraq?traffic_source=rss,country.iran;country.iraq;country.saudi_arabia,,unmapped,VIX 55th pct (H1 ON). A supply shock today lands on a physically well-supplied but psychologically stressed market.,new
2026-07-29T09:19:48+00:00,rss:aljazeera,Iran and Oman swap proposals to manage Strait of Hormuz: What we know,https://www.aljazeera.com/news/2026/7/29/iran-and-oman-swap-proposals-to-manage-strait-of-hormuz-what-we-know?traffic_source=rss,chokepoint.hormuz;country.iran,strait;hormuz,chokepoint_disruption,VIX 55th pct (H1 ON). A supply shock today lands on a physically well-supplied but psychologically stressed market.,new
2026-07-29T09:19:48+00:00,rss:aljazeera,Russian industrial sites on fire after Ukrainian drone attacks,https://www.aljazeera.com/news/2026/7/29/russian-industrial-sites-on-fire-after-ukrainian-drone-attacks?traffic_source=rss,country.russia,,unmapped,VIX 55th pct (H1 ON). A supply shock today lands on a physically well-supplied but psychologically stressed market.,new
2026-07-29T11:38:06+00:00,gdelt,[GDELT] ? / ONTARIO: fight/clash signal,https://www.juniorminingnetwork.com/junior-miner-news/press-releases/3311-tsx-venture/dry/208131-dryden-gold-discovers-two-new-gold-bearing-structures-further-expanding-the-mineralized-footprint-at-gold-rock.html,CAN,,unmapped,VIX 55th pct (H1 ON). A supply shock today lands on a physically well-supplied but psychologically stressed market.,new
2026-07-29T11:38:06+00:00,gdelt,[GDELT] POLICE / EINDHOVEN: fight/clash signal,https://www.dutchnews.nl/2026/07/three-arrested-in-dawn-raids-in-anti-terrorism-probe/,NLD,,unmapped,VIX 55th pct (H1 ON). A supply shock today lands on a physically well-supplied but psychologically stressed market.,new
2026-07-29T11:38:06+00:00,gdelt,[GDELT] DEPUTY / PAKISTAN: assault signal,https://organiser.org/2026/07/29/372398/world/balochistan-deputy-commissioner-of-barkhan-mureed-bugti-killed-after-abduction-11-workers-kidnapped-in-kech-khuzdar/,PAK,,unmapped,VIX 55th pct (H1 ON). A supply shock today lands on a physically well-supplied but psychologically stressed market.,new
2026-07-29T11:38:06+00:00,gdelt,[GDELT] VILLAGE / SRINAGAR: fight/clash signal,https://kashmirlife.net/38-year-old-man-injured-in-bear-attack-in-south-kashmir-445434/,IND,,unmapped,VIX 55th pct (H1 ON). A supply shock today lands on a physically well-supplied but psychologically stressed market.,new
2026-07-29T11:38:06+00:00,gdelt,[GDELT] FRANCE / ?: fight/clash signal,https://www.gq.com/story/wagner-moura-hopes-hes-not-spoiling-his-new-twisty-netflix-sci-fi-thriller,FRA,,unmapped,VIX 55th pct (H1 ON). A supply shock today lands on a physically well-supplied but psychologically stressed market.,new
2026-07-29T11:38:06+00:00,gdelt,[GDELT] PARIS / PRODUCER: assault signal,https://deadline.com/2026/07/kavinsky-dead-french-dj-nightcall-winding-refn-drive-1237006467/,FRA,,unmapped,VIX 55th pct (H1 ON). A supply shock today lands on a physically well-supplied but psychologically stressed market.,new
2026-07-29T11:38:06+00:00,gdelt,[GDELT] UNITED KINGDOM / ?: fight/clash signal,https://www.aol.co.uk/articles/killer-driver-brandished-claw-hammer-110500000.html,GBR,,unmapped,VIX 55th pct (H1 ON). A supply shock today lands on a physically well-supplied but psychologically stressed market.,new
2026-07-29T11:38:06+00:00,gdelt,[GDELT] IRAN / AEROSPACE: fight/clash signal,https://www.dailypress.com/2026/07/29/iranian-missiles-us-strikes/,IRN,missile,conflict_escalation,VIX 55th pct (H1 ON). A supply shock today lands on a physically well-supplied but psychologically stressed market.,new
2026-07-29T11:38:06+00:00,gdelt,[GDELT] IRAN / AEROSPACE: fight/clash signal,https://www.nbcphiladelphia.com/news/national-international/jordan-intercepts-iran-missiles-us-saudi-arabia-launch-strikes-iraq/4440328/,IRN,missile,conflict_escalation,VIX 55th pct (H1 ON). A supply shock today lands on a physically well-supplied but psychologically stressed market.,new
2026-07-29T11:38:06+00:00,gdelt,[GDELT] IRAN / ?: fight/clash signal,https://www.israelnationalnews.com/news/430940,IRN,,unmapped,VIX 55th pct (H1 ON). A supply shock today lands on a physically well-supplied but psychologically stressed market.,new
2026-07-29T11:38:06+00:00,gdelt,[GDELT] ISRAELI / ?: assault signal,https://english.aawsat.com/arab-world/5301239-israel-police-arrest-suspect-seen-attacking-palestinians-while-military-uniform,ISR,,unmapped,VIX 55th pct (H1 ON). A supply shock today lands on a physically well-supplied but psychologically stressed market.,new
2026-07-29T11:38:06+00:00,gdelt,[GDELT] MALE / GIBRALTAR: assault signal,https://www.eadt.co.uk/news/26418738.missing-mans-mum-answer-plea-allan-grimson-convicted/,GBR,,unmapped,VIX 55th pct (H1 ON). A supply shock today lands on a physically well-supplied but psychologically stressed market.,new
2026-07-29T11:38:06+00:00,gdelt,[GDELT] AMSTERDAM / GERMAN: fight/clash signal,https://www.dutchnews.nl/2026/07/manhunt-after-car-carrying-explosives-crashes-in-police-chase/,DEU;NLD,,unmapped,VIX 55th pct (H1 ON). A supply shock today lands on a physically well-supplied but psychologically stressed market.,new
2026-07-29T11:38:06+00:00,gdelt,[GDELT] PAKISTANI / CIVILIAN: fight/clash signal,https://www.newindianexpress.com/india/2026/Jul/29/if-pok-is-our-part-why-doesnt-centre-speak-about-killings-there-nc-chief-farooq-abdullah,PAK,,unmapped,VIX 55th pct (H1 ON). A supply shock today lands on a physically well-supplied but psychologically stressed market.,new
2026-07-29T11:38:06+00:00,gdelt,[GDELT] PAKISTAN / KASHMIRI: fight/clash signal,https://organiser.org/2026/07/29/372390/world/pojk-polls-pakistan-defence-minister-khwaja-asif-justifies-killing-of-jaac-supporters-equates-protesters-with-india/,PAK,,unmapped,VIX 55th pct (H1 ON). A supply shock today lands on a physically well-supplied but psychologically stressed market.,new
2026-07-29T11:38:06+00:00,gdelt,[GDELT] YAROSLAVL / ?: fight/clash signal,https://www.zerohedge.com/geopolitical/britain-backs-ukraine-new-electronic-warfare-cooperation,RUS,,unmapped,VIX 55th pct (H1 ON). A supply shock today lands on a physically well-supplied but psychologically stressed market.,new
2026-07-29T11:38:06+00:00,gdelt,[GDELT] SAUDI / IRAN: fight/clash signal,https://organiser.org/2026/07/29/372417/world/saudi-arabia-joins-us-in-deadly-strike-on-iran-backed-iraqi-shia-militia-popular-mobilisation-forces/,IRN;SAU,,unmapped,VIX 55th pct (H1 ON). A supply shock today lands on a physically well-supplied but psychologically stressed market.,new
2026-07-29T11:38:06+00:00,gdelt,[GDELT] SUDAN / PARAMILITARY: fight/clash signal,http://www.sierraleonetimes.com/news/279214725/sudanese-leader-visits-recaptured-areas,SDN,,unmapped,VIX 55th pct (H1 ON). A supply shock today lands on a physically well-supplied but psychologically stressed market.,new
2026-07-29T11:38:06+00:00,gdelt,[GDELT] UZBEKISTAN / ?: fight/clash signal,https://news.az/news/uzbekistan-weighs-purchase-of-24-chinese-j-10ce-fighter-jets,UZB,,unmapped,VIX 55th pct (H1 ON). A supply shock today lands on a physically well-supplied but psychologically stressed market.,new
2026-07-29T11:38:06+00:00,rss:bbc_world,Russia charges Telegram founder Durov with facilitating terrorism,https://www.bbc.co.uk/news/articles/cj4kexqkpzno?at_medium=RSS&at_campaign=rss,country.russia;country.ukraine,,unmapped,VIX 55th pct (H1 ON). A supply shock today lands on a physically well-supplied but psychologically stressed market.,new
2026-07-29T11:38:06+00:00,rss:aljazeera,‘Iran attacks now to send message as US assets build up in Israel’,https://www.aljazeera.com/video/newsfeed/2026/7/29/iran-attacks-now-to-send-message-as-us-assets-build-up-in?traffic_source=rss,country.iran;country.israel,,unmapped,VIX 55th pct (H1 ON). A supply shock today lands on a physically well-supplied but psychologically stressed market.,new
2026-07-29T11:38:06+00:00,rss:aljazeera,Married couple deported by ICE killed in Guatemala,https://www.aljazeera.com/video/newsfeed/2026/7/29/29-07-sv-guatemala-couple-ice-gl?traffic_source=rss,,coup,unmapped,VIX 55th pct (H1 ON). A supply shock today lands on a physically well-supplied but psychologically stressed market.,new
2026-07-29T11:38:06+00:00,rss:aljazeera,Russia charges Telegram founder Pavel Durov with ‘aiding terrorism’,https://www.aljazeera.com/news/2026/7/29/russia-charges-telegram-founder-pavel-durov-with-aiding-terrorism?traffic_source=rss,country.russia,,unmapped,VIX 55th pct (H1 ON). A supply shock today lands on a physically well-supplied but psychologically stressed market.,new
2026-07-29T13:22:10+00:00,gdelt,[GDELT] ? / GUJARAT: fight/clash signal,https://www.siasat.com/hyderabadi-sutriyan-and-6-other-indian-pastas-perfect-for-monsoon-3515456/,IND,,unmapped,VIX 55th pct (H1 ON). A supply shock today lands on a physically well-supplied but psychologically stressed market.,new
2026-07-29T13:22:10+00:00,gdelt,[GDELT] SWITZERLAND / GERMANY: fight/clash signal,https://www.euronews.com/2026/07/29/sixth-generation-wildfires-why-they-are-more-dangerous-and-how-to-fight-them,DEU,,unmapped,VIX 55th pct (H1 ON). A supply shock today lands on a physically well-supplied but psychologically stressed market.,new
2026-07-29T13:22:10+00:00,gdelt,[GDELT] POLICE / UNITED KINGDOM: fight/clash signal,https://www.aol.co.uk/articles/police-probe-uk-triple-murderer-125800000.html,GBR,,unmapped,VIX 55th pct (H1 ON). A supply shock today lands on a physically well-supplied but psychologically stressed market.,new
2026-07-29T13:22:10+00:00,gdelt,[GDELT] FRANCE / NEWS OUTLET: fight/clash signal,https://www.nova.ie/wildfires-rage-in-south-west-france-as-40c-heatwave-nears/,FRA,,unmapped,VIX 55th pct (H1 ON). A supply shock today lands on a physically well-supplied but psychologically stressed market.,new
2026-07-29T13:22:10+00:00,gdelt,[GDELT] PARIS / THE ASSOCIATED PRESS: fight/clash signal,https://www.castanetkamloops.net/news/World/626340/France-battles-wildfire-4-times-the-size-of-Paris-as-soaring-heat-threatens-new-surge,FRA,,unmapped,VIX 55th pct (H1 ON). A supply shock today lands on a physically well-supplied but psychologically stressed market.,new
2026-07-29T13:22:10+00:00,gdelt,[GDELT] IRAN / SAUDI: fight/clash signal,https://www.sandiegouniontribune.com/2026/07/29/iranian-missiles-us-strikes/,IRN;SAU,missile,conflict_escalation,VIX 55th pct (H1 ON). A supply shock today lands on a physically well-supplied but psychologically stressed market.,new
2026-07-29T13:22:10+00:00,gdelt,[GDELT] BAGHDAD / PARAMILITARY: fight/clash signal,https://english.news.cn/northamerica/20260729/e67846c35d724f848da79a7a28c48d09/c.html,IRQ,,unmapped,VIX 55th pct (H1 ON). A supply shock today lands on a physically well-supplied but psychologically stressed market.,new
2026-07-29T13:22:10+00:00,gdelt,[GDELT] IRAQI / IRANIAN: fight/clash signal,https://www.middleeasteye.net/news/muqtada-al-sadr-condemns-attacks-pro-iranian-iraqi-factions-saudi-arabia,IRN;IRQ,,unmapped,VIX 55th pct (H1 ON). A supply shock today lands on a physically well-supplied but psychologically stressed market.,new
2026-07-29T13:22:10+00:00,gdelt,[GDELT] JORDAN / ?: fight/clash signal,https://www.newstribune.com/news/2026/jul/29/jordan-faces-dilemma-in-its-growing-role-in-us/,JOR,,unmapped,VIX 55th pct (H1 ON). A supply shock today lands on a physically well-supplied but psychologically stressed market.,new
2026-07-29T13:22:10+00:00,gdelt,[GDELT] ACTIVIST / BHUBANESWAR: fight/clash signal,https://timesofindia.indiatimes.com/city/bhubaneswar/activist-moves-hc-for-cbi-probe-into-naidu-commission-files-missing-from-cmo/articleshow/132712684.cms,IND,,unmapped,VIX 55th pct (H1 ON). A supply shock today lands on a physically well-supplied but psychologically stressed market.,new
2026-07-29T13:22:10+00:00,gdelt,[GDELT] DPRK / UKRAINE: fight/clash signal,https://www.nknews.org/pro/north-korea-builds-then-buries-new-facility-at-main-srbm-factory-for-russia/,PRK;UKR,,unmapped,VIX 55th pct (H1 ON). A supply shock today lands on a physically well-supplied but psychologically stressed market.,new
2026-07-29T13:22:10+00:00,gdelt,[GDELT] ROMANIA / RUSSIA: fight/clash signal,https://www.romaniapress.com/news=195349,RUS,,unmapped,VIX 55th pct (H1 ON). A supply shock today lands on a physically well-supplied but psychologically stressed market.,new
2026-07-29T13:22:10+00:00,gdelt,[GDELT] RUSSIAN / RUSSIA: assault signal,https://www.forbes.com/sites/vikrammittal/2026/07/29/russia-launched-a-large-mechanized-assault-it-was-not-successful/,RUS,,unmapped,VIX 55th pct (H1 ON). A supply shock today lands on a physically well-supplied but psychologically stressed market.,new
2026-07-29T13:22:10+00:00,gdelt,[GDELT] RUSSIAN / UKRAINE: fight/clash signal,https://www.news24.com/world/zelensky-wins-trump-approval-to-allow-ukraine-production-of-patriot-air-defence-interceptors-20260729-0402,RUS;UKR,,unmapped,VIX 55th pct (H1 ON). A supply shock today lands on a physically well-supplied but psychologically stressed market.,new
2026-07-29T13:22:10+00:00,gdelt,[GDELT] SAUDI ARABIA / IRAQ: fight/clash signal,https://www.clevelandjewishnews.com/news/world_news/jordan-intercepts-iranian-missiles-as-us-and-saudi-arabia-launch-strikes-against-opposing-groups-in/article_8c05004b-ef52-5607-beb0-9e1dedf6a488.html,IRQ;SAU,missile,conflict_escalation,VIX 55th pct (H1 ON). A supply shock today lands on a physically well-supplied but psychologically stressed market.,new
2026-07-29T13:22:10+00:00,gdelt,[GDELT] SAUDI ARABIA / IRAQ: fight/clash signal,https://www.castanetkamloops.net/news/World/626344/Jordan-intercepts-Iranian-missiles-as-US-and-Saudi-Arabia-launch-strikes-against-militias-in-Iraq,IRQ;SAU,missile,conflict_escalation,VIX 55th pct (H1 ON). A supply shock today lands on a physically well-supplied but psychologically stressed market.,new
2026-07-29T13:22:10+00:00,rss:aljazeera,"F1 season to end in Europe if Qatar, Abu Dhabi unable to host due to war",https://www.aljazeera.com/sports/2026/7/29/f1-season-to-end-in-europe-if-qatar-abu-dhabi-unable-to-host-due-to-us-iran-war?traffic_source=rss,country.iran;country.israel,,unmapped,VIX 55th pct (H1 ON). A supply shock today lands on a physically well-supplied but psychologically stressed market.,new
2026-07-29T13:22:10+00:00,rss:aljazeera,"Iran hits US in Jordan, US-Saudi strikes on Iraq: Is war spreading?",https://www.aljazeera.com/news/2026/7/29/iran-hits-us-in-jordan-us-saudi-strikes-on-iraq-is-war-spreading?traffic_source=rss,country.iran;country.iraq,spr,policy_response,VIX 55th pct (H1 ON). A supply shock today lands on a physically well-supplied but psychologically stressed market.,new
2026-07-29T13:22:10+00:00,rss:eia_energy,Lower crude oil prices reduced U.S.-Canada energy trade value in 2025,https://www.eia.gov/todayinenergy/detail.php?id=67904,,crude,infrastructure_attack,VIX 55th pct (H1 ON). A supply shock today lands on a physically well-supplied but psychologically stressed market.,new
2026-07-29T15:26:08+00:00,gdelt,[GDELT] UNITED STATES / UNITED KINGDOM: fight/clash signal,https://www.lbc.co.uk/article/police-reviewing-deaths-homeless-shelter-dexter-serial-killer-james-desborough-5HjdfJW_2/,GBR,,unmapped,VIX 55th pct (H1 ON). A supply shock today lands on a physically well-supplied but psychologically stressed market.,new
2026-07-29T15:26:08+00:00,gdelt,[GDELT] ? / MONTSERRAT: fight/clash signal,https://www.kctv5.com/2026/07/29/missouri-man-seriously-injured-after-e-bike-crash-thrown-into-ditch/,GBR,,unmapped,VIX 55th pct (H1 ON). A supply shock today lands on a physically well-supplied but psychologically stressed market.,new
2026-07-29T15:26:08+00:00,gdelt,[GDELT] VICTORIA / ?: assault signal,https://nypost.com/2026/07/29/us-news/long-island-music-teacher-planned-sister-in-laws-murder-for-years-prosecutors/,AUS,,unmapped,VIX 55th pct (H1 ON). A supply shock today lands on a physically well-supplied but psychologically stressed market.,new
2026-07-29T15:26:08+00:00,gdelt,[GDELT] MIGRANT / SAUDI ARABIA: fight/clash signal,https://www.channelafrica.co.za/channelafrica/news/hrw-condemns-execution-of-five-ethiopian-migrants-in-saudi-arabia/,SAU,,unmapped,VIX 55th pct (H1 ON). A supply shock today lands on a physically well-supplied but psychologically stressed market.,new
2026-07-29T15:26:08+00:00,gdelt,[GDELT] FRENCH / FRENCH: fight/clash signal,https://www.lbc.co.uk/article/woman-rejoin-family-small-boat-chris-philp-migrant-deal-5HjdfJh_2/,FRA,,unmapped,VIX 55th pct (H1 ON). A supply shock today lands on a physically well-supplied but psychologically stressed market.,new
2026-07-29T15:26:08+00:00,gdelt,[GDELT] SHEFFIELD / UNITED KINGDOM: assault signal,https://www.aol.co.uk/articles/man-raped-unconscious-woman-uk-145400000.html,GBR,,unmapped,VIX 55th pct (H1 ON). A supply shock today lands on a physically well-supplied but psychologically stressed market.,new
2026-07-29T15:26:08+00:00,gdelt,[GDELT] UNITED KINGDOM / TRADE UNION: sanctions/embargo signal,https://leftfootforward.org/2026/07/multiple-leading-trade-unions-will-not-attend-labour-womens-conference-over-trans-women-ban/,GBR,,unmapped,VIX 55th pct (H1 ON). A supply shock today lands on a physically well-supplied but psychologically stressed market.,new
2026-07-29T15:26:08+00:00,gdelt,[GDELT] NAIROBI / VICTORIA: fight/clash signal,https://www.standardmedia.co.ke/national/article/2001554077/psychologist-dr-victoria-mutiso-shot-dead-in-nairobi-dci-probing,AUS,,unmapped,VIX 55th pct (H1 ON). A supply shock today lands on a physically well-supplied but psychologically stressed market.,new
2026-07-29T15:26:08+00:00,gdelt,[GDELT] PANASONIC / SOTO: fight/clash signal,https://www.kctv5.com/2026/07/29/automatic-alarm-leads-crews-battery-fire-de-soto-panasonic-site/,JPN,,unmapped,VIX 55th pct (H1 ON). A supply shock today lands on a physically well-supplied but psychologically stressed market.,new
2026-07-29T15:26:08+00:00,gdelt,[GDELT] NIGERIA / RESIDENTS: assault signal,https://dailytrust.com/sokoto-bandits-gun-down-worshippers-inside-mosque-abduct-residents/,NGA,,unmapped,VIX 55th pct (H1 ON). A supply shock today lands on a physically well-supplied but psychologically stressed market.,new
2026-07-29T15:26:08+00:00,gdelt,[GDELT] UKRAINE / NEW DELHI: fight/clash signal,https://www.indiablooms.com/news/highest-priority-india-responds-as-13-seafarers-remain-trapped-at-ukraines-chornomorsk-port/details,IND;UKR,,unmapped,VIX 55th pct (H1 ON). A supply shock today lands on a physically well-supplied but psychologically stressed market.,new
2026-07-29T15:26:08+00:00,gdelt,[GDELT] THE US / IRAN: sanctions/embargo signal,https://www.premiumtimesng.com/news/top-news/899167-ex-un-rep-queries-dismissal-of-icc-chief-prosecutor.html,IRN,,unmapped,VIX 55th pct (H1 ON). A supply shock today lands on a physically well-supplied but psychologically stressed market.,new
2026-07-29T15:26:08+00:00,rss:aljazeera,Why Saudi Arabia holds the key to Palestinian statehood,https://www.aljazeera.com/opinions/2026/7/29/why-saudi-arabia-holds-the-key-to-palestinian-statehood?traffic_source=rss,country.israel;country.saudi_arabia,,unmapped,VIX 55th pct (H1 ON). A supply shock today lands on a physically well-supplied but psychologically stressed market.,new
2026-07-29T15:26:08+00:00,rss:aljazeera,Indian student in Russia says he’s been wrongly charged over Bihar protests,https://www.aljazeera.com/video/newsfeed/2026/7/29/29-07-sv-india-student-arrests-in?traffic_source=rss,country.russia,,unmapped,VIX 55th pct (H1 ON). A supply shock today lands on a physically well-supplied but psychologically stressed market.,new
2026-07-29T15:26:08+00:00,rss:aljazeera,US and Israeli leaders expected ‘swift outcome’ in Iran,https://www.aljazeera.com/video/newsfeed/2026/7/29/us-and-israeli-leaders-expected-swift-outcome-in-iran?traffic_source=rss,country.iran,,unmapped,VIX 55th pct (H1 ON). A supply shock today lands on a physically well-supplied but psychologically stressed market.,new
2026-07-29T15:26:08+00:00,rss:aljazeera,‘There is no ceasefire’ say Palestinians in Gaza after new Israeli strikes,https://www.aljazeera.com/video/newsfeed/2026/7/29/there-is-no-ceasefire-say-palestinians-in-gaza-after-new-israeli-strikes?traffic_source=rss,,ceasefire,conflict_escalation,VIX 55th pct (H1 ON). A supply shock today lands on a physically well-supplied but psychologically stressed market.,new
2026-07-29T16:47:50+00:00,gdelt,[GDELT] ? / LONDON: fight/clash signal,https://www.abc.net.au/news/2026-07-30/norwegian-hitman-in-uk-iran-linked/106974140,GBR,,unmapped,VIX 55th pct (H1 ON). A supply shock today lands on a physically well-supplied but psychologically stressed market.,new
2026-07-29T16:47:50+00:00,gdelt,[GDELT] ? / UNITED KINGDOM: fight/clash signal,https://www.dailypolitical.com/2026/07/29/critical-survey-tritax-big-box-reit-otcmktsttbxf-versus-power-reit-nysepw.html,GBR,,unmapped,VIX 55th pct (H1 ON). A supply shock today lands on a physically well-supplied but psychologically stressed market.,new
2026-07-29T16:47:50+00:00,gdelt,[GDELT] AFRICA / FRANCE: fight/clash signal,https://www.dailylocal.com/2026/07/29/climate-wildfires-global-burning/,FRA,,unmapped,VIX 55th pct (H1 ON). A supply shock today lands on a physically well-supplied but psychologically stressed market.,new
2026-07-29T16:47:50+00:00,gdelt,[GDELT] AFRICA / UNITED KINGDOM: assault signal,https://www.mirror.co.uk/news/uk-news/violin-teachers-sexual-assault-trial-37491655,GBR,,unmapped,VIX 55th pct (H1 ON). A supply shock today lands on a physically well-supplied but psychologically stressed market.,new
2026-07-29T16:47:50+00:00,gdelt,[GDELT] ABU DHABI / JORDAN: fight/clash signal,http://thepeninsulaqatar.com/article/29/07/2026/uae-condemns-renewed-iranian-hostile-attack-on-jordan,ARE;JOR,,unmapped,VIX 55th pct (H1 ON). A supply shock today lands on a physically well-supplied but psychologically stressed market.,new
2026-07-29T16:47:50+00:00,gdelt,[GDELT] UNITED ARAB EMIRATES / RUSSIAN: fight/clash signal,https://thefrontierpost.com/russia-seeks-arrest-of-telegram-chief-durov/,ARE;RUS,,unmapped,VIX 55th pct (H1 ON). A supply shock today lands on a physically well-supplied but psychologically stressed market.,new
2026-07-29T16:47:50+00:00,gdelt,[GDELT] CANADA / POLICE: fight/clash signal,https://toronto.citynews.ca/2026/07/29/brampton-19-year-old-charged-attempted-murder/,CAN,,unmapped,VIX 55th pct (H1 ON). A supply shock today lands on a physically well-supplied but psychologically stressed market.,new
2026-07-29T16:47:50+00:00,gdelt,[GDELT] POLICE / HASSAN: fight/clash signal,https://cnycentral.com/news/local/police-charge-estranged-intimate-partner-with-murder-for-syracuse-womans-death,JOR,,unmapped,VIX 55th pct (H1 ON). A supply shock today lands on a physically well-supplied but psychologically stressed market.,new
2026-07-29T16:47:50+00:00,gdelt,[GDELT] UNITED KINGDOM / ?: assault signal,https://www.dailyrecord.co.uk/news/scottish-news/criminal-record-body-found-suitcase-37491815,GBR,,unmapped,VIX 55th pct (H1 ON). A supply shock today lands on a physically well-supplied but psychologically stressed market.,new
2026-07-29T16:47:50+00:00,gdelt,[GDELT] GOVERNOR / YEMENI: fight/clash signal,https://www.al-monitor.com/originals/2026/07/resumption-yemens-oil-exports-possible-security-measures-vp,YEM,,unmapped,VIX 55th pct (H1 ON). A supply shock today lands on a physically well-supplied but psychologically stressed market.,new
2026-07-29T16:47:50+00:00,gdelt,[GDELT] TEHRAN / IRAQ: assault signal,https://www.livemint.com/news/world/iran-denounces-us-saudi-strikes-in-iraq-after-centcom-targets-irgc-linked-sites-criminal-inhumane-provocative-11785337814002.html,IRN;IRQ,,unmapped,VIX 55th pct (H1 ON). A supply shock today lands on a physically well-supplied but psychologically stressed market.,new
2026-07-29T16:47:50+00:00,gdelt,[GDELT] IRAQI / SECURITY FORCE: fight/clash signal,https://www.breitbart.com/middle-east/2026/07/29/saudi-arabia-joins-u-s-strikes-against-iranian-proxies-in-iraq/,IRQ,,unmapped,VIX 55th pct (H1 ON). A supply shock today lands on a physically well-supplied but psychologically stressed market.,new
2026-07-29T16:47:50+00:00,gdelt,[GDELT] IRAQ / SAUDI: fight/clash signal,https://www.presstv.co.uk/Detail/2026/07/29/773324/Iraqi-president-US-Saudi-aggression-Hashd-Sha,IRQ;SAU,,unmapped,VIX 55th pct (H1 ON). A supply shock today lands on a physically well-supplied but psychologically stressed market.,new
2026-07-29T16:47:50+00:00,gdelt,[GDELT] MEXICO / ?: fight/clash signal,https://www.indiatimes.com/trending/lucky-season-1-episode-4-recap-why-does-cary-refuse-to-give-lucky-the-crypto-seed-phrase-and-what-happens-to-him-in-the-end/articleshow/132714173.html,MEX,,unmapped,VIX 55th pct (H1 ON). A supply shock today lands on a physically well-supplied but psychologically stressed market.,new
2026-07-29T16:47:50+00:00,gdelt,[GDELT] NORWEGIAN / SWEDEN: fight/clash signal,https://www.cbsnews.com/news/norwegian-teen-guilty-uk-murder-plot-foxtrot-network/,NOR,,unmapped,VIX 55th pct (H1 ON). A supply shock today lands on a physically well-supplied but psychologically stressed market.,new
2026-07-29T16:47:50+00:00,gdelt,[GDELT] ROMANIA / RUSSIAN: fight/clash signal,https://www.romania-insider.com/bomb-alert-romania-port-constanta-july-2026,RUS,,unmapped,VIX 55th pct (H1 ON). A supply shock today lands on a physically well-supplied but psychologically stressed market.,new
2026-07-29T16:47:50+00:00,gdelt,[GDELT] MOSCOW / UKRAINIAN: fight/clash signal,http://www.bignewsnetwork.com/news/279215185/7-killed-53-injured-in-ukrainian-strikes-against-russia,RUS;UKR,,unmapped,VIX 55th pct (H1 ON). A supply shock today lands on a physically well-supplied but psychologically stressed market.,new
2026-07-29T16:47:50+00:00,gdelt,[GDELT] SAUDI ARABIA / IRAQ: assault signal,https://www.presstv.co.uk/Detail/2026/07/29/773314/Iran-condemns-US-Saudi-strikes-Iraq,IRQ;SAU,,unmapped,VIX 55th pct (H1 ON). A supply shock today lands on a physically well-supplied but psychologically stressed market.,new
2026-07-29T16:47:50+00:00,gdelt,[GDELT] SAUDI / IRAQ: fight/clash signal,https://www.presstv.co.uk/Detail/2026/07/29/773328/Iraq-SAD-statement-Saudi-US-attack-PMF,IRQ;SAU,,unmapped,VIX 55th pct (H1 ON). A supply shock today lands on a physically well-supplied but psychologically stressed market.,new
2026-07-29T16:47:50+00:00,gdelt,[GDELT] SAUDI / TERRORIST: fight/clash signal,https://thefrontierpost.com/trump-says-us-to-hit-iran-hard/,SAU,,unmapped,VIX 55th pct (H1 ON). A supply shock today lands on a physically well-supplied but psychologically stressed market.,new
2026-07-29T16:47:50+00:00,gdelt,[GDELT] TURKEY / MILITARY: fight/clash signal,https://www.al-monitor.com/originals/2026/07/syrias-kurds-still-waiting-go-home-despite-govt-deal,TUR,,unmapped,VIX 55th pct (H1 ON). A supply shock today lands on a physically well-supplied but psychologically stressed market.,new
2026-07-29T16:47:50+00:00,gdelt,[GDELT] TERRORIST / SAUDI: fight/clash signal,http://www.bgnes.com/conflicts/trump-vows-us-will-hit-iran-hard-after-attack-on-bases-in-jordan,SAU,,unmapped,VIX 55th pct (H1 ON). A supply shock today lands on a physically well-supplied but psychologically stressed market.,new
2026-07-29T16:47:50+00:00,gdelt,[GDELT] WASHINGTON / IRAN: fight/clash signal,https://news.am/en/news/1052304,IRN,,unmapped,VIX 55th pct (H1 ON). A supply shock today lands on a physically well-supplied but psychologically stressed market.,new
2026-07-29T16:47:50+00:00,gdelt,[GDELT] A US / JORDAN: fight/clash signal,https://news.am/en/news/1052276,JOR,,unmapped,VIX 55th pct (H1 ON). A supply shock today lands on a physically well-supplied but psychologically stressed market.,new
2026-07-29T16:47:50+00:00,rss:aljazeera,Trump says US to deliver ‘beating’ to Iran after bases again targeted,https://www.aljazeera.com/news/2026/7/29/trump-says-us-to-deliver-beating-to-iran-after-bases-again-targeted?traffic_source=rss,country.iran,escalation,conflict_escalation,VIX 55th pct (H1 ON). A supply shock today lands on a physically well-supplied but psychologically stressed market.,new
2026-07-29T16:47:50+00:00,rss:aljazeera,Wildfires spread in Greece and Turkiye as EU chief urges climate action,https://www.aljazeera.com/news/2026/7/29/eu-crisis-chief-urges-tougher-climate-action-amid-france-spain-wildfires?traffic_source=rss,,spr,policy_response,VIX 55th pct (H1 ON). A supply shock today lands on a physically well-supplied but psychologically stressed market.,new
2026-07-29T18:02:05+00:00,gdelt,[GDELT] ONTARIO / ?: assault signal,https://www.cbc.ca/news/canada/kitchener-waterloo/trial-dates-set-for-ex-neurologist-jeffrey-sloka-2-sexual-assault-charges-9.7288823,CAN,,unmapped,VIX 55th pct (H1 ON). A supply shock today lands on a physically well-supplied but psychologically stressed market.,new
2026-07-29T18:02:05+00:00,gdelt,[GDELT] GANG / WALES: fight/clash signal,https://dailyridge.com/2024/07/05/arrest-made-in-drive-by-shooting-sheriff-judd-advised-winter-haven-gang-member-arrested/,GBR,,unmapped,VIX 55th pct (H1 ON). A supply shock today lands on a physically well-supplied but psychologically stressed market.,new
2026-07-29T18:02:05+00:00,gdelt,[GDELT] FRANCE / NETFLIX: fight/clash signal,https://www.comingsoon.net/movies/news/2168989-jodie-foster-a-private-life-netflix-streaming,FRA,,unmapped,VIX 55th pct (H1 ON). A supply shock today lands on a physically well-supplied but psychologically stressed market.,new
2026-07-29T18:02:05+00:00,gdelt,[GDELT] LIVERPOOL / FRANCE: fight/clash signal,https://arsenalnews.co.uk/2026/07/29/liverpool-take-major-step-towards-bradley-barcola-as-arsenals-top-winger-options-narrow/,FRA;GBR,,unmapped,VIX 55th pct (H1 ON). A supply shock today lands on a physically well-supplied but psychologically stressed market.,new
2026-07-29T18:02:05+00:00,gdelt,[GDELT] EUROPEAN PARLIAMENT / RUSSIA: sanctions/embargo signal,https://www.channelstv.com/2026/07/29/pro-kremlin-tv-commentator-ordered-to-leave-france-under-house-arrest/,RUS,,unmapped,VIX 55th pct (H1 ON). A supply shock today lands on a physically well-supplied but psychologically stressed market.,new
2026-07-29T18:02:05+00:00,gdelt,[GDELT] IRAN / JORDAN: fight/clash signal,https://www.aljazeera.com/news/2026/7/29/trump-says-us-to-deliver-beating-to-iran-after-bases-again-targeted,IRN;JOR,,unmapped,VIX 55th pct (H1 ON). A supply shock today lands on a physically well-supplied but psychologically stressed market.,new
2026-07-29T18:02:05+00:00,gdelt,[GDELT] IRAQ / IRAN: fight/clash signal,https://www.channelstv.com/2026/07/29/us-saudi-strikes-in-iraq-kill-20-including-iranians/,IRN;IRQ,,unmapped,VIX 55th pct (H1 ON). A supply shock today lands on a physically well-supplied but psychologically stressed market.,new
2026-07-29T18:02:05+00:00,gdelt,[GDELT] IRAQI / SAUDI: fight/clash signal,https://www.breakingnews.ie/world/iran-launches-missiles-as-20-fighters-killed-by-us-saudi-strikes-on-iraq-1933687.html,IRQ;SAU,missile,conflict_escalation,VIX 55th pct (H1 ON). A supply shock today lands on a physically well-supplied but psychologically stressed market.,new
2026-07-29T18:02:05+00:00,gdelt,[GDELT] UNITED STATES / RUSSIA: fight/clash signal,https://www.el-balad.com/17036753,RUS,,unmapped,VIX 55th pct (H1 ON). A supply shock today lands on a physically well-supplied but psychologically stressed market.,new
2026-07-29T18:02:05+00:00,rss:aljazeera,"Fuel prices soar on back of Iran war, leaving Yemeni labourers with no work",https://www.aljazeera.com/news/2026/7/29/yemen-construction-fuel-iran?traffic_source=rss,country.iran;country.yemen,,unmapped,VIX 55th pct (H1 ON). A supply shock today lands on a physically well-supplied but psychologically stressed market.,new
2026-07-29T18:02:05+00:00,rss:aljazeera,Is the world at risk of another energy shock?,https://www.aljazeera.com/video/counting-the-cost/2026/7/29/is-the-world-at-risk-of-another-energy-shock?traffic_source=rss,chokepoint.hormuz,strait;hormuz,chokepoint_disruption,VIX 55th pct (H1 ON). A supply shock today lands on a physically well-supplied but psychologically stressed market.,new
2026-07-29T19:40:49+00:00,gdelt,[GDELT] NEW YORK CITY / LONDON: fight/clash signal,https://www.harpersbazaar.com/celebrity/latest/a73297410/selena-gomez-wine-colored-coat-filming-only-murders-in-the-building-season-6-london-photos/,GBR,,unmapped,VIX 55th pct (H1 ON). A supply shock today lands on a physically well-supplied but psychologically stressed market.,new
2026-07-29T19:40:49+00:00,gdelt,[GDELT] ? / EGYPTIAN: fight/clash signal,https://mymotherlode.com/news/world/11024684/iran-launches-renewed-missile-attacks-as-us-and-saudis-strike-tehran-backed-militias-in-iraq.html,EGY,missile,conflict_escalation,VIX 55th pct (H1 ON). A supply shock today lands on a physically well-supplied but psychologically stressed market.,new
2026-07-29T19:40:49+00:00,gdelt,[GDELT] ? / LONDON: fight/clash signal,https://www.newschannel6now.com/2026/07/27/two-fort-sill-soldiers-killed-lawton-apartment-shooting-suspect-found-dead/,GBR,,unmapped,VIX 55th pct (H1 ON). A supply shock today lands on a physically well-supplied but psychologically stressed market.,new
2026-07-29T19:40:49+00:00,gdelt,[GDELT] ? / LONDON: fight/clash signal,https://windsorstar.com:443/news/local-news/emergency-crews-respond-to-london-house-explosion/wcm/a6600062-8042-4556-9441-73a6b1ffded3,GBR,,unmapped,VIX 55th pct (H1 ON). A supply shock today lands on a physically well-supplied but psychologically stressed market.,new
2026-07-29T19:40:49+00:00,gdelt,[GDELT] ? / NIGERIA: fight/clash signal,https://www.vanguardngr.com/2026/07/osun-election-imole-campaign-demands-release-of-adeleke-supporters-alleges-unlawful-arrests/,NGA,,unmapped,VIX 55th pct (H1 ON). A supply shock today lands on a physically well-supplied but psychologically stressed market.,new
2026-07-29T19:40:49+00:00,gdelt,[GDELT] BANDIT / NIGERIA: fight/clash signal,https://dailytrust.com/kwara-3-killed-as-dss-forest-guards-engage-bandits-in-gun-battle/,NGA,,unmapped,VIX 55th pct (H1 ON). A supply shock today lands on a physically well-supplied but psychologically stressed market.,new
2026-07-29T19:40:49+00:00,gdelt,[GDELT] VOTER / ISRAEL: fight/clash signal,https://theintercept.com/2026/07/27/abdul-el-sayed-haley-stevens-aipac-senate-michigan/,ISR,,unmapped,VIX 55th pct (H1 ON). A supply shock today lands on a physically well-supplied but psychologically stressed market.,new
2026-07-29T19:40:49+00:00,gdelt,[GDELT] SPAIN / TURKEY: fight/clash signal,https://www.thejournal.ie/wildfires-europe-firefighters-died-7116986-Jul2026/,TUR,,unmapped,VIX 55th pct (H1 ON). A supply shock today lands on a physically well-supplied but psychologically stressed market.,new
2026-07-29T19:40:49+00:00,gdelt,[GDELT] FRENCH / TERRORIST: fight/clash signal,https://www.yahoo.com/news/politics/articles/iran-expert-brands-islamic-center-181607197.html,FRA,,unmapped,VIX 55th pct (H1 ON). A supply shock today lands on a physically well-supplied but psychologically stressed market.,new
2026-07-29T19:40:49+00:00,gdelt,[GDELT] MANIPUR / NAGA: fight/clash signal,https://economictimes.indiatimes.com/news/india/naga-village-guard-killed-2-cobra-jawans-injured-in-clash-during-manipur-operation/articleshow/132721070.cms,IND,,unmapped,VIX 55th pct (H1 ON). A supply shock today lands on a physically well-supplied but psychologically stressed market.,new
2026-07-29T19:40:49+00:00,gdelt,[GDELT] IRAN / ?: fight/clash signal,https://www.yakimaherald.com/news/nation_and_world/world/iran-launches-renewed-missile-attacks-as-us-and-saudis-strike-tehran-backed-militias-in-iraq/article_4acfb2c5-a434-5829-bb2b-7a462b44dc4d.html,IRN,missile,conflict_escalation,VIX 55th pct (H1 ON). A supply shock today lands on a physically well-supplied but psychologically stressed market.,new
2026-07-29T19:40:49+00:00,gdelt,[GDELT] IRAQI / SAUDI ARABIA: fight/clash signal,https://www.algemeiner.com/2026/07/29/the-houthis-are-hitting-saudi-arabias-energy-pipeline-and-heres-why-that-matters/,IRQ;SAU,pipeline;houthi,infrastructure_attack,VIX 55th pct (H1 ON). A supply shock today lands on a physically well-supplied but psychologically stressed market.,new
2026-07-29T19:40:49+00:00,gdelt,[GDELT] JAPAN / ?: fight/clash signal,https://gamerant.com/my-hero-academia-anime-return-new-ending/,JPN,,unmapped,VIX 55th pct (H1 ON). A supply shock today lands on a physically well-supplied but psychologically stressed market.,new
2026-07-29T19:40:49+00:00,gdelt,[GDELT] MEXICAN / TEXAS: fight/clash signal,https://www.fox7austin.com/news/mexican-officials-turn-over-bexar-county-murder-suspect-u-s-marshals-texas-border,MEX,,unmapped,VIX 55th pct (H1 ON). A supply shock today lands on a physically well-supplied but psychologically stressed market.,new
2026-07-29T19:40:49+00:00,gdelt,[GDELT] NIGERIA / COMMUNITY: assault signal,https://www.vanguardngr.com/2026/07/northern-senators-condemn-benue-kaduna-killings-back-fgs-security-measures/,NGA,,unmapped,VIX 55th pct (H1 ON). A supply shock today lands on a physically well-supplied but psychologically stressed market.,new
2026-07-29T19:40:49+00:00,gdelt,[GDELT] ABUJA / SCHOOL: assault signal,https://www.vanguardngr.com/2026/07/oriire-school-kidnappings-fg-arraigns-2-ansaru-commanders-3-others/,NGA,,unmapped,VIX 55th pct (H1 ON). A supply shock today lands on a physically well-supplied but psychologically stressed market.,new
2026-07-29T19:40:49+00:00,gdelt,[GDELT] AMERICAN / CANADIAN: fight/clash signal,https://www.bbc.co.uk/news/articles/c1e10792l21o,CAN,,unmapped,VIX 55th pct (H1 ON). A supply shock today lands on a physically well-supplied but psychologically stressed market.,new
2026-07-29T19:40:49+00:00,gdelt,[GDELT] YEMEN / SAUDI: fight/clash signal,https://maritime-executive.com/article/report-houthis-may-attempt-to-impose-fees-on-red-sea-transits,SAU;YEM,houthi,chokepoint_disruption,VIX 55th pct (H1 ON). A supply shock today lands on a physically well-supplied but psychologically stressed market.,new
2026-07-29T19:40:49+00:00,rss:bbc_world,Saudi Arabia's dilemma as it tries to stay out of US-Iran war,https://www.bbc.co.uk/news/articles/clyx83l8jv8o?at_medium=RSS&at_campaign=rss,country.iran;country.saudi_arabia,,unmapped,VIX 55th pct (H1 ON). A supply shock today lands on a physically well-supplied but psychologically stressed market.,new
2026-07-29T19:40:49+00:00,rss:aljazeera,Libya electricity blackout protests expose country’s failing grid,https://www.aljazeera.com/economy/2026/7/29/libya-electricity-blackout-protests-expose-countrys-failing-grid?traffic_source=rss,country.libya,,unmapped,VIX 55th pct (H1 ON). A supply shock today lands on a physically well-supplied but psychologically stressed market.,new
2026-07-29T19:40:49+00:00,rss:aljazeera,Japan earthquake leaves widespread destruction,https://www.aljazeera.com/video/newsfeed/2026/7/29/japan-earthquake-leaves-widespread-destruction?traffic_source=rss,,spr,policy_response,VIX 55th pct (H1 ON). A supply shock today lands on a physically well-supplied but psychologically stressed market.,new
2026-07-29T19:40:49+00:00,rss:aljazeera,Iran pushes back against US as regional attacks heat up,https://www.aljazeera.com/news/2026/7/29/iran-pushes-back-against-us-as-regional-attacks-heat-up?traffic_source=rss,chokepoint.hormuz;country.iran,hormuz;escalation,chokepoint_disruption,VIX 55th pct (H1 ON). A supply shock today lands on a physically well-supplied but psychologically stressed market.,new
2026-07-29T20:35:32+00:00,gdelt,[GDELT] MEXICO / ?: fight/clash signal,https://prowrestling.net/site/2026/07/29/maple-leaf-pro-mayhem-results-vetters-review-of-tjp-vs-johnny-tv-1st-faction-vs-mascara-dorada-and-capitan-suicida-for-the-mlp-tag-titles-dani-luna-vs-vanna-black/,MEX,,unmapped,VIX 55th pct (H1 ON). A supply shock today lands on a physically well-supplied but psychologically stressed market.,new
2026-07-29T20:35:32+00:00,gdelt,[GDELT] ? / IRAN: fight/clash signal,https://theindianawaaz.com/iran-targets-us-air-base-and-other-installations-in-jordan/,IRN,,unmapped,VIX 55th pct (H1 ON). A supply shock today lands on a physically well-supplied but psychologically stressed market.,new
2026-07-29T20:35:32+00:00,gdelt,[GDELT] MERCHANT SHIP / RUSSIAN: fight/clash signal,https://www.tribuneindia.com/news/comment/india-must-stand-up-for-its-seafarers/,RUS,,unmapped,VIX 55th pct (H1 ON). A supply shock today lands on a physically well-supplied but psychologically stressed market.,new
2026-07-29T20:35:32+00:00,gdelt,[GDELT] EUROPE / FRANCE: fight/clash signal,https://www.abc15.com/world/europe/france-battles-worst-wildfire-disaster-in-decades-as-blazes-spread-across-europe,FRA,spr,policy_response,VIX 55th pct (H1 ON). A supply shock today lands on a physically well-supplied but psychologically stressed market.,new
2026-07-29T20:35:32+00:00,gdelt,[GDELT] IRANIAN / IRAQ: fight/clash signal,https://nypost.com/2026/07/29/us-news/trump-and-netanyahu-discussed-big-three-options-to-snuff-out-iran-in-oval-office-meeting/,IRN;IRQ,,unmapped,VIX 55th pct (H1 ON). A supply shock today lands on a physically well-supplied but psychologically stressed market.,new
2026-07-29T20:35:32+00:00,gdelt,[GDELT] ISRAEL / ?: fight/clash signal,"http://www.chronline.com/stories/thurston-county-man-identified-as-a-victim-of-the-seattle-center-shooting,406068",ISR,,unmapped,VIX 55th pct (H1 ON). A supply shock today lands on a physically well-supplied but psychologically stressed market.,new
2026-07-29T20:35:32+00:00,gdelt,[GDELT] ISRAELI / ISRAEL: fight/clash signal,https://news.antiwar.com/2026/07/29/israeli-strikes-in-gaza-kill-at-least-two-palestinians/,ISR,,unmapped,VIX 55th pct (H1 ON). A supply shock today lands on a physically well-supplied but psychologically stressed market.,new
2026-07-29T20:35:32+00:00,gdelt,[GDELT] BEIRUT / VILLAGE: fight/clash signal,http://www.philippinetimes.com/news/279208611/west-bank-surge-in-settler-violence-threatens-mass-atrocities,LBN,,unmapped,VIX 55th pct (H1 ON). A supply shock today lands on a physically well-supplied but psychologically stressed market.,new
2026-07-29T20:35:32+00:00,gdelt,[GDELT] PAKISTAN / POLICE OFFICER: fight/clash signal,https://news.az/news/44-militants-3-police-officers-killed-in-pakistan-security-operations-and-clashes,PAK,,unmapped,VIX 55th pct (H1 ON). A supply shock today lands on a physically well-supplied but psychologically stressed market.,new
2026-07-29T20:35:32+00:00,gdelt,[GDELT] PAKISTANI / PROTESTER: fight/clash signal,https://www.tribuneindia.com/news/j-k/jk-bjp-seeks-unhrc-probe-into-reported-killings-by-pak-forces-in-pok/,PAK,,unmapped,VIX 55th pct (H1 ON). A supply shock today lands on a physically well-supplied but psychologically stressed market.,new
2026-07-29T20:35:32+00:00,rss:bbc_world,Zendaya on working with Tom Holland in Spider-Man: ‘When you’re best friends it’s easy’,https://www.bbc.co.uk/news/articles/c0km3d2j6mko?at_medium=RSS&at_campaign=rss,,coup,unmapped,VIX 55th pct (H1 ON). A supply shock today lands on a physically well-supplied but psychologically stressed market.,new
2026-07-29T21:34:12+00:00,gdelt,[GDELT] ? / UNITED KINGDOM: assault signal,https://www.mirror.co.uk/tv/tv-news/killers-harrowing-999-call-police-37492690,GBR,,unmapped,VIX 55th pct (H1 ON). A supply shock today lands on a physically well-supplied but psychologically stressed market.,new
2026-07-29T21:34:12+00:00,gdelt,[GDELT] ? / NAIJA: fight/clash signal,https://www.nationalaccordnewspaper.com/mr-p-fires-back-at-rudeboy-as-psquare-feud-escalates-over-naija-language-controversy/,NGA,,unmapped,VIX 55th pct (H1 ON). A supply shock today lands on a physically well-supplied but psychologically stressed market.,new
2026-07-29T21:34:12+00:00,gdelt,[GDELT] AUSTRALIA / ?: fight/clash signal,https://www.theleader.com.au/story/9319959/cronulla-21-million-apartment-block-approved-for-connels-road/,AUS,,unmapped,VIX 55th pct (H1 ON). A supply shock today lands on a physically well-supplied but psychologically stressed market.,new
2026-07-29T21:34:12+00:00,gdelt,[GDELT] CANADA / ?: fight/clash signal,https://www.popularmechanics.com/science/a73283945/zombies-immortal-body-parts-redefine-life/,CAN,,unmapped,VIX 55th pct (H1 ON). A supply shock today lands on a physically well-supplied but psychologically stressed market.,new
2026-07-29T21:34:12+00:00,gdelt,[GDELT] SCHOOL / NIGERIA: fight/clash signal,https://www.nationalaccordnewspaper.com/fg-arraigns-ansaru-commanders-3-new-suspects-arrested-by-dss-over-oyo-school-kidnap-murder-of-teachers/,NGA,,unmapped,VIX 55th pct (H1 ON). A supply shock today lands on a physically well-supplied but psychologically stressed market.,new
2026-07-29T21:34:12+00:00,gdelt,[GDELT] FRANCE / GREECE: fight/clash signal,https://www.wgauradio.com/news/world/france-battles/3L76VENX6MYTJN2KZLRMBIFFGM/,FRA,,unmapped,VIX 55th pct (H1 ON). A supply shock today lands on a physically well-supplied but psychologically stressed market.,new
2026-07-29T21:34:12+00:00,gdelt,[GDELT] EDINBURGH / ?: fight/clash signal,https://www.bbc.co.uk/news/articles/cly92z041x8o,GBR,,unmapped,VIX 55th pct (H1 ON). A supply shock today lands on a physically well-supplied but psychologically stressed market.,new
2026-07-29T21:34:12+00:00,gdelt,[GDELT] IRANIAN / ARMY: fight/clash signal,https://www.csmonitor.com/World/Middle-East/2026/0729/US-Iran-war-Saudi-Iraq-Hormuz,IRN,hormuz,chokepoint_disruption,VIX 55th pct (H1 ON). A supply shock today lands on a physically well-supplied but psychologically stressed market.,new
2026-07-29T21:34:12+00:00,gdelt,[GDELT] IRANIAN / UNITED STATES: assault signal,https://1370wfea.com/morning-update/task-and-purpose-actual-conflict-injuries-in-the-iranian-conflict-zone/,IRN,,unmapped,VIX 55th pct (H1 ON). A supply shock today lands on a physically well-supplied but psychologically stressed market.,new
2026-07-29T21:34:12+00:00,gdelt,[GDELT] IRAN / VENEZUELA: assault signal,https://www.independent.co.uk/news/world/americas/us-politics/venezuela-oil-refineries-trump-paraguana-complex-b3023934.html,IRN;VEN,,unmapped,VIX 55th pct (H1 ON). A supply shock today lands on a physically well-supplied but psychologically stressed market.,new
2026-07-29T21:34:12+00:00,gdelt,[GDELT] IRAQ / IRAQI: fight/clash signal,https://www.independent.co.uk/news/world/middle-east/saudi-arabia-attack-iraq-iran-trump-us-houthis-b3023865.html,IRQ,houthi,chokepoint_disruption,VIX 55th pct (H1 ON). A supply shock today lands on a physically well-supplied but psychologically stressed market.,new
2026-07-29T21:34:12+00:00,gdelt,[GDELT] REPRESENTATIVES / WALES: fight/clash signal,https://www.southwalesargus.co.uk/news/26421527.blaenavon-wildfire-day-10-crews-make-significant-progress/,GBR,,unmapped,VIX 55th pct (H1 ON). A supply shock today lands on a physically well-supplied but psychologically stressed market.,new
2026-07-29T21:34:12+00:00,gdelt,[GDELT] PAKISTAN / MILITANT: fight/clash signal,https://abcnews.com/International/wireStory/militants-attack-pakistani-police-post-kill-5-officers-135201196,PAK,,unmapped,VIX 55th pct (H1 ON). A supply shock today lands on a physically well-supplied but psychologically stressed market.,new
2026-07-29T21:34:12+00:00,gdelt,[GDELT] RUSSIA / MEDIA: fight/clash signal,https://www.manilatimes.net/2026/07/30/world/zelenskyy-says-massive-russian-airstrikes-overnight-likely/2394470,RUS,airstrike,conflict_escalation,VIX 55th pct (H1 ON). A supply shock today lands on a physically well-supplied but psychologically stressed market.,new
2026-07-29T21:34:12+00:00,gdelt,[GDELT] TURK / TEXAS: fight/clash signal,https://www.independent.co.uk/news/world/americas/texas-teen-barracuda-attack-turks-and-caicos-b3024036.html,TUR,,unmapped,VIX 55th pct (H1 ON). A supply shock today lands on a physically well-supplied but psychologically stressed market.,new
2026-07-29T21:34:12+00:00,gdelt,[GDELT] UNITED STATES / MEXICO: fight/clash signal,https://www.breitbart.com/politics/2026/07/29/idaho-illegal-alien-accused-sexually-assaulting-kidnapping-girl-park/,MEX,,unmapped,VIX 55th pct (H1 ON). A supply shock today lands on a physically well-supplied but psychologically stressed market.,new
2026-07-29T21:34:12+00:00,rss:aljazeera,Videos show aftermath of US-Saudi strikes on Iraq PMF bases,https://www.aljazeera.com/video/newsfeed/2026/7/29/videos-show-aftermath-of-us-saudi-strikes-on-iraq-pmf-bases?traffic_source=rss,country.iran;country.iraq,airstrike,conflict_escalation,VIX 55th pct (H1 ON). A supply shock today lands on a physically well-supplied but psychologically stressed market.,new
2026-07-29T22:37:30+00:00,gdelt,[GDELT] ? / PERU: fight/clash signal,https://www.tmz.com/2026/07/29/fbi-accused-of-botched-natalee-holloway-case/,PER,,unmapped,VIX 55th pct (H1 ON). A supply shock today lands on a physically well-supplied but psychologically stressed market.,new
2026-07-29T22:37:30+00:00,gdelt,[GDELT] GERMAN / JEWISH: fight/clash signal,https://www.canberratimes.com.au/story/9320075/letters-lime-bikes-still-block-footpaths-despite-crackdown-pledge/,DEU,,unmapped,VIX 55th pct (H1 ON). A supply shock today lands on a physically well-supplied but psychologically stressed market.,new
2026-07-29T22:37:30+00:00,gdelt,[GDELT] FRENCH / ?: fight/clash signal,https://humanevents.com/2026/07/29/uk-shadow-home-sec-says-migrant-boats-are-not-allowed-to-land-french-cops-say-they-were-ordered-not-to-stop-them,FRA,,unmapped,VIX 55th pct (H1 ON). A supply shock today lands on a physically well-supplied but psychologically stressed market.,new
2026-07-29T22:37:30+00:00,gdelt,[GDELT] MANCHESTER / VERMONT: fight/clash signal,https://www.wmur.com/article/nashua-woman-safe-hitting-bear/73299423,GBR,,unmapped,VIX 55th pct (H1 ON). A supply shock today lands on a physically well-supplied but psychologically stressed market.,new
2026-07-29T22:37:30+00:00,gdelt,[GDELT] GIBRALTAR / DESTROYER: fight/clash signal,https://www.chipchick.com/2026/07/this-cat-cheated-death-survived-the-sinking-of-three-ships-during-world-war-ii-and-earned-the-title-of-unsinkable-sam,GBR,,unmapped,VIX 55th pct (H1 ON). A supply shock today lands on a physically well-supplied but psychologically stressed market.,new
2026-07-29T22:37:30+00:00,gdelt,[GDELT] IRAN / ISLAMIC: fight/clash signal,https://www.vanguardngr.com/2026/07/trump-says-us-to-hit-iran-hard-2/,IRN,,unmapped,VIX 55th pct (H1 ON). A supply shock today lands on a physically well-supplied but psychologically stressed market.,new
2026-07-29T22:37:30+00:00,gdelt,[GDELT] ISRAEL / ISRAELI: fight/clash signal,https://www.jpost.com/israel-news/politics-and-diplomacy/article-904053,ISR,,unmapped,VIX 55th pct (H1 ON). A supply shock today lands on a physically well-supplied but psychologically stressed market.,new
2026-07-29T22:37:30+00:00,rss:bbc_world,The Chinese robot army transforming the UK's retail industry,https://www.bbc.co.uk/news/articles/c0jl8v23qwgo?at_medium=RSS&at_campaign=rss,country.china,,unmapped,VIX 55th pct (H1 ON). A supply shock today lands on a physically well-supplied but psychologically stressed market.,new
2026-07-29T22:37:30+00:00,rss:aljazeera,Trump threatens Iran strikes after attack on US base in Jordan,https://www.aljazeera.com/video/newsfeed/2026/7/29/trump-threatens-iran-strikes-after-attack-on-us-base-in-jordan?traffic_source=rss,country.iran,,unmapped,VIX 55th pct (H1 ON). A supply shock today lands on a physically well-supplied but psychologically stressed market.,new
2026-07-29T23:39:55+00:00,gdelt,[GDELT] ? / BRISBANE: fight/clash signal,https://www.perthnow.com.au/news/bizarre-moment-car-flies-through-air-ploughs-into-side-of-bus-in-brisbane-c-22649417,AUS,,unmapped,VIX 55th pct (H1 ON). A supply shock today lands on a physically well-supplied but psychologically stressed market.,new
2026-07-29T23:39:55+00:00,gdelt,[GDELT] ? / UNITED KINGDOM: fight/clash signal,https://www.dailymail.com/news/article-16015075/David-Miliband-said-no-asked-Education-Secretary-Lucy-Powells-Deputy-PM.html,GBR,,unmapped,VIX 55th pct (H1 ON). A supply shock today lands on a physically well-supplied but psychologically stressed market.,new
2026-07-29T23:39:55+00:00,gdelt,[GDELT] ? / UNITED KINGDOM: fight/clash signal,https://www.romfordrecorder.co.uk/news/26421489.fire-romford--emergency-services-battle-twin-grass-fires/,GBR,,unmapped,VIX 55th pct (H1 ON). A supply shock today lands on a physically well-supplied but psychologically stressed market.,new
2026-07-29T23:39:55+00:00,gdelt,[GDELT] AUSTRALIAN / SYRIA: fight/clash signal,https://www.perthnow.com.au/news/politics/albanese-vows-support-as-man-faces-syria-death-penalty-c-22649619,AUS;SYR,,unmapped,VIX 55th pct (H1 ON). A supply shock today lands on a physically well-supplied but psychologically stressed market.,new
2026-07-29T23:39:55+00:00,gdelt,[GDELT] BANK / UNITED KINGDOM: fight/clash signal,https://www.zmescience.com/science/news-science/stonehenge-altar-stone-scotland-origin/,GBR,,unmapped,VIX 55th pct (H1 ON). A supply shock today lands on a physically well-supplied but psychologically stressed market.,new
2026-07-29T23:39:55+00:00,gdelt,[GDELT] UNITED KINGDOM / ?: fight/clash signal,https://www.aol.co.uk/articles/joanna-yeates-murder-cop-never-231626000.html,GBR,,unmapped,VIX 55th pct (H1 ON). A supply shock today lands on a physically well-supplied but psychologically stressed market.,new
2026-07-29T23:39:55+00:00,gdelt,[GDELT] PRESIDENT / JORDAN: fight/clash signal,https://www.sbs.com.au/news/article/iran-attacked-bases-jordan-trump-hit-back-hard/794wf1ce4,JOR,,unmapped,VIX 55th pct (H1 ON). A supply shock today lands on a physically well-supplied but psychologically stressed market.,new
2026-07-29T23:39:55+00:00,gdelt,[GDELT] IRANIAN / IRAQ: fight/clash signal,https://www.jns.org/news/u-s-news/drone-strikes-us-owned-tanker-in-nile-delta,IRN;IRQ,tanker,infrastructure_attack,VIX 55th pct (H1 ON). A supply shock today lands on a physically well-supplied but psychologically stressed market.,new
2026-07-29T23:39:55+00:00,gdelt,[GDELT] HONDA / ?: fight/clash signal,https://www.dakotanewsnow.com/2026/07/29/nebraska-man-dead-two-others-injured-bon-homme-county-crash/,JPN,,unmapped,VIX 55th pct (H1 ON). A supply shock today lands on a physically well-supplied but psychologically stressed market.,new
2026-07-29T23:39:55+00:00,gdelt,[GDELT] HONDA / ?: fight/clash signal,https://www.sun-sentinel.com/2026/07/29/fifth-suspect-in-north-lauderdale-shooting-that-killed-19-year-old-identified-months-later/,JPN,,unmapped,VIX 55th pct (H1 ON). A supply shock today lands on a physically well-supplied but psychologically stressed market.,new
2026-07-29T23:39:55+00:00,gdelt,[GDELT] SAUDI / DJIBOUTI: fight/clash signal,https://www.freemalaysiatoday.com/category/highlight/2026/07/30/saudi-arabia-seeks-international-coalition-to-protect-red-sea-shipping-from-houthis,SAU,houthi,chokepoint_disruption,VIX 55th pct (H1 ON). A supply shock today lands on a physically well-supplied but psychologically stressed market.,new
2026-07-29T23:39:55+00:00,gdelt,[GDELT] TURK / ?: fight/clash signal,https://nypost.com/2026/07/29/world-news/girl-13-bitten-by-barracuda-in-bloody-horror-movie-attack-during-turks-and-caicos-birthday-trip/,TUR,,unmapped,VIX 55th pct (H1 ON). A supply shock today lands on a physically well-supplied but psychologically stressed market.,new
2026-07-29T23:39:55+00:00,gdelt,[GDELT] UKRAINIAN / RUSSIAN: fight/clash signal,https://talkradio1080.iheart.com/content/2026-07-29-gas-expert-predicts-august-price-hike/,RUS;UKR,,unmapped,VIX 55th pct (H1 ON). A supply shock today lands on a physically well-supplied but psychologically stressed market.,new
2026-07-29T23:39:55+00:00,rss:aljazeera,Iraq calls Saudi-US attacks ‘flagrant violation of sovereignty’,https://www.aljazeera.com/news/2026/7/29/iraq-calls-saudi-us-attacks-flagrant-violation-of-sovereignty?traffic_source=rss,country.iraq;country.saudi_arabia,,unmapped,VIX 55th pct (H1 ON). A supply shock today lands on a physically well-supplied but psychologically stressed market.,new
