event_id,event_date,date_precision,type,title,description,severity,surprise,confidence,source_url,entities,status,candidate_source
desert_storm_air_campaign_1991,1991-01-17,day,conflict_escalation,Operation Desert Storm air campaign begins,"US-led coalition begins the air war on Iraq after the Jan 15 UN withdrawal deadline; puts Iraqi and Kuwaiti crude and the wider Gulf risk premium in play. DRAFT coding, awaiting Joe's review.",5,2,high,https://www.presidency.ucsb.edu/documents/address-the-nation-announcing-allied-military-action-the-persian-gulf,country.usa:actor;country.iraq:target;country.kuwait:location;commodity.brent:affected_market;commodity.wti:affected_market,candidate,manual
operation_desert_fox_1998,1998-12-16,day,conflict_escalation,Operation Desert Fox airstrikes on Iraq,"Four days of US/UK airstrikes on Iraqi military and WMD targets during the UNSCOM inspections crisis; Iraqi exports were sanction-limited then, so expected supply disruption was moderate. DRAFT coding.",3,3,high,https://www.presidency.ucsb.edu/documents/address-the-nation-announcing-military-strikes-iraq,country.usa:actor;country.iraq:target;commodity.brent:affected_market;commodity.wti:affected_market,candidate,manual
september_11_attacks_2001,2001-09-11,day,conflict_escalation,September 11 terrorist attacks,"Coordinated attacks on the US; the oil channel is mainly a demand and risk shock (aviation collapse, recession fear) rather than a producer supply loss. Joe may reclassify type as demand_shock. DRAFT coding.",4,5,high,https://www.govinfo.gov/content/pkg/GPO-911REPORT/pdf/GPO-911REPORT.pdf,country.usa:target;commodity.brent:affected_market;commodity.wti:affected_market,candidate,manual
israel_hezbollah_war_2006,2006-07-12,day,conflict_escalation,Israel-Hezbollah (Second Lebanon) war begins,"Hezbollah cross-border raid triggers a 34-day war; neither party is an oil producer, so the channel is a regional risk premium and fear of wider Iran involvement. Sourced to the UN resolution that ended the war. DRAFT coding.",2,4,high,https://press.un.org/en/2006/sc8808.doc.htm,country.israel:actor;country.lebanon:location;commodity.brent:affected_market,candidate,manual
russia_georgia_war_2008,2008-08-08,day,conflict_escalation,Russia-Georgia war,"Russia (a top-three crude producer) invades Georgia, the transit state for the BTC pipeline carrying Caspian crude to market; pipeline and transit risk is the oil channel. DRAFT coding.",3,4,high,https://apps.dtic.mil/sti/html/tr/ADA496306/index.html,country.russia:actor;country.georgia:target;commodity.brent:affected_market,candidate,manual
saudi_intervention_yemen_2015,2015-03-26,day,conflict_escalation,Saudi-led intervention in Yemen (Operation Decisive Storm),"Saudi Arabia, the world's largest crude exporter, leads a coalition air campaign in Yemen; the channel is Saudi involvement plus Bab-el-Mandeb transit risk near the Red Sea. DRAFT coding.",3,4,high,https://www.aljazeera.com/news/2015/3/26/saudi-and-arab-allies-bomb-houthi-positions-in-yemen,country.saudi_arabia:actor;country.yemen:target;commodity.brent:affected_market,candidate,manual
gulf_of_oman_tanker_attacks_2019,2019-06-13,day,infrastructure_attack,Gulf of Oman tanker attacks,"Two oil/product tankers struck near the Strait of Hormuz amid US-Iran tensions; attribution to Iran was asserted but contested (hence medium confidence). Channel is chokepoint and shipping risk. DRAFT coding.",3,3,medium,https://www.globalsecurity.org/military/library/news/2019/06/mil-190613-isna01.htm,country.iran:actor;chokepoint.hormuz:location;commodity.brent:affected_market,candidate,manual
iran_strikes_israel_apr_2024,2024-04-13,day,conflict_escalation,Iran's first direct missile and drone strike on Israel,"Iran launches 300+ drones and missiles at Israel in retaliation for the April 1 Damascus consulate strike; largely telegraphed for about two weeks, so surprise is low despite the scale. DRAFT coding.",3,2,high,https://www.globalsecurity.org/military/world/war/operation-true-promise-20240413.htm,country.iran:actor;country.israel:target;commodity.brent:affected_market,candidate,manual
iran_strikes_israel_oct_2024,2024-10-01,day,conflict_escalation,Iran's October ballistic-missile strike on Israel,"Iran fires about 180 ballistic missiles at Israel after the killing of Hezbollah's leader; the direct Iran-Israel exchange lifts the Middle East war premium and Hormuz risk. DRAFT coding.",3,3,high,https://www.aljazeera.com/news/2024/10/1/irans-missile-attack-against-israel-what-we-know-and-what-comes-next,country.iran:actor;country.israel:target;commodity.brent:affected_market,candidate,manual
israel_iran_war_2025,2025-06-13,day,conflict_escalation,Israel-Iran war onset (Operation Rising Lion),"Israel launches a wide air campaign against Iran's nuclear and military sites, opening a 12-day war; a direct attack on a major OPEC producer with acute Strait of Hormuz risk. DRAFT coding.",4,4,high,https://www.timesofisrael.com/liveblog-june-13-2025/,country.israel:actor;country.iran:target;commodity.brent:affected_market;commodity.wti:affected_market,candidate,manual
gdelt_rus_ukr_20230115,2023-01-15,day,conflict_escalation,GDELT candidate: military clash / attack involving Russia (2023-01-15),"AUTO-HARVESTED, UNVERIFIED. GDELT recorded a military clash / attack (actors: Russia and Ukrainian), peak 2608 mentions, 8197 total across sampled files. Joe must verify the source and code severity/surprise before approval.",3,3,low,https://mynorthwest.com/3780580/ukraine-races-to-rescue-people-from-russian-strike-on-dnipro/,country.russia:location;commodity.brent:affected_market,candidate,gdelt
gdelt_irq_x_20140115,2014-01-15,day,conflict_escalation,GDELT candidate: military clash / attack involving Iraq (2014-01-15),"AUTO-HARVESTED, UNVERIFIED. GDELT recorded a military clash / attack (actors: Iraqi), peak 1078 mentions, 7785 total across sampled files. Joe must verify the source and code severity/surprise before approval.",3,3,low,http://world.time.com/2014/01/15/bombings-kill-12-people-around-iraqi-capital/,country.iraq:location;commodity.brent:affected_market,candidate,gdelt
gdelt_irn_x_20200115,2020-01-15,day,conflict_escalation,GDELT candidate: military clash / attack involving Iran (2020-01-15),"AUTO-HARVESTED, UNVERIFIED. GDELT recorded a military clash / attack (actors: Iran), peak 1456 mentions, 6954 total across sampled files. Joe must verify the source and code severity/surprise before approval.",3,3,low,https://www.nhregister.com/news/world/article/Iran-foreign-minister-says-plane-crash-protests-14976422.php,country.iran:location;commodity.brent:affected_market,candidate,gdelt
gdelt_irn_x_20260715,2026-07-15,day,conflict_escalation,GDELT candidate: military clash / attack involving Iran (2026-07-15),"AUTO-HARVESTED, UNVERIFIED. GDELT recorded a military clash / attack (actors: Iran), peak 1070 mentions, 6120 total across sampled files. Joe must verify the source and code severity/surprise before approval.",3,3,low,https://wccfradio.iheart.com/content/2026-07-14-trump-strikes-on-iran-to-continue-until-he-decides-its-enoyugh/,country.iran:location;commodity.brent:affected_market,candidate,gdelt
gdelt_irn_x_20150715,2015-07-15,day,sanctions,GDELT candidate: sanctions action involving Iran (2015-07-15),"AUTO-HARVESTED, UNVERIFIED. GDELT recorded a sanctions action (actors: Iran), peak 3562 mentions, 6084 total across sampled files. Joe must verify the source and code severity/surprise before approval.",3,3,low,http://www.local21news.com/template/inews_wire/wires.national/274a5bae-www.local21news.com.shtml,country.iran:location;commodity.brent:affected_market,candidate,gdelt
gdelt_irn_jor_20260715,2026-07-15,day,conflict_escalation,GDELT candidate: military clash / attack involving Iran (2026-07-15),"AUTO-HARVESTED, UNVERIFIED. GDELT recorded a military clash / attack (actors: Iran and Jordan), peak 1650 mentions, 4100 total across sampled files. Joe must verify the source and code severity/surprise before approval.",3,3,low,https://isp.netscape.com:443/news/world/story/0001/20260715/b7c592f269d822407dd6b5641602bf25,country.iran:location;commodity.brent:affected_market,candidate,gdelt
gdelt_rus_x_20220715,2022-07-15,day,conflict_escalation,GDELT candidate: military clash / attack involving Russia (2022-07-15),"AUTO-HARVESTED, UNVERIFIED. GDELT recorded a military clash / attack (actors: Russia), peak 800 mentions, 3958 total across sampled files. Joe must verify the source and code severity/surprise before approval.",3,3,low,https://www.tivysideadvertiser.co.uk/news/20281594.rescue-teams-search-survivors-deadly-russian-missile-strike/,country.russia:location;commodity.brent:affected_market,candidate,gdelt
gdelt_ukr_rus_20230115,2023-01-15,day,conflict_escalation,GDELT candidate: military clash / attack involving Russia (2023-01-15),"AUTO-HARVESTED, UNVERIFIED. GDELT recorded a military clash / attack (actors: Ukrainian and Russia), peak 615 mentions, 3779 total across sampled files. Joe must verify the source and code severity/surprise before approval.",3,3,low,https://mynorthwest.com/3780580/ukraine-races-to-rescue-people-from-russian-strike-on-dnipro/,country.russia:location;commodity.brent:affected_market,candidate,gdelt
gdelt_x_ven_20260115,2026-01-15,day,conflict_escalation,GDELT candidate: military clash / attack involving Venezuela (2026-01-15),"AUTO-HARVESTED, UNVERIFIED. GDELT recorded a military clash / attack (actors: Lawyer and Venezuela), peak 1212 mentions, 3589 total across sampled files. Joe must verify the source and code severity/surprise before approval.",3,3,low,https://www.cbsnews.com/news/minneapolis-shooting-federal-law-enforcement-operation-metro-surge/,country.venezuela:location;commodity.brent:affected_market,candidate,gdelt
gdelt_usa_irn_20150715,2015-07-15,day,sanctions,GDELT candidate: sanctions action involving Iran (2015-07-15),"AUTO-HARVESTED, UNVERIFIED. GDELT recorded a sanctions action (actors: United States and Iran), peak 2164 mentions, 3439 total across sampled files. Joe must verify the source and code severity/surprise before approval.",3,3,low,http://bipartisanpolicy.org/blog/after-iran-deal-wrangling-over-hybrid-sanctions/,country.iran:location;commodity.brent:affected_market,candidate,gdelt
gdelt_lby_usa_20160115,2016-01-15,day,conflict_escalation,GDELT candidate: military clash / attack involving Libya (2016-01-15),"AUTO-HARVESTED, UNVERIFIED. GDELT recorded a military clash / attack (actors: Benghazi and United States), peak 1854 mentions, 3400 total across sampled files. Joe must verify the source and code severity/surprise before approval.",3,3,low,http://www.kitsapsun.com/news/national/365419931.xhtml,country.libya:location;commodity.brent:affected_market,candidate,gdelt
gdelt_rus_x_20260715,2026-07-15,day,conflict_escalation,GDELT candidate: military clash / attack involving Russia (2026-07-15),"AUTO-HARVESTED, UNVERIFIED. GDELT recorded a military clash / attack (actors: Moscow), peak 696 mentions, 3391 total across sampled files. Joe must verify the source and code severity/surprise before approval.",3,3,low,https://www.newsday.com/news/nation/russia-ukraine-war-europe-leyen-vukic-support-i31077,country.russia:location;commodity.brent:affected_market,candidate,gdelt
gdelt_rus_x_20230715,2023-07-15,day,conflict_escalation,GDELT candidate: military clash / attack involving Russia (2023-07-15),"AUTO-HARVESTED, UNVERIFIED. GDELT recorded a military clash / attack (actors: Russia), peak 1138 mentions, 3310 total across sampled files. Joe must verify the source and code severity/surprise before approval.",3,3,low,https://www.chronicleonline.com/news/world/south-korean-president-yoon-suk-yeol-makes-surprise-visit-to-ukraine/article_9706c6c2-c8b5-50b5-862d-452eaa33e2e2.html,country.russia:location;commodity.brent:affected_market,candidate,gdelt
gdelt_x_irn_20150715,2015-07-15,day,conflict_escalation,GDELT candidate: military clash / attack involving Iran (2015-07-15),"AUTO-HARVESTED, UNVERIFIED. GDELT recorded a military clash / attack (actors: Iran), peak 785 mentions, 3248 total across sampled files. Joe must verify the source and code severity/surprise before approval.",3,3,low,http://wjhl.com/ap/from-covert-iran-nuke-program-to-final-deal-_-a-timeline/,country.iran:location;commodity.brent:affected_market,candidate,gdelt
gdelt_usa_irn_20260715,2026-07-15,day,conflict_escalation,GDELT candidate: military clash / attack involving Iran (2026-07-15),"AUTO-HARVESTED, UNVERIFIED. GDELT recorded a military clash / attack (actors: American and Iran), peak 1104 mentions, 3243 total across sampled files. Joe must verify the source and code severity/surprise before approval.",3,3,low,https://www.arabnews.com/node/2650937/middle-east,country.iran:location;commodity.brent:affected_market,candidate,gdelt
gdelt_irn_ukr_20260115,2026-01-15,day,conflict_escalation,GDELT candidate: military clash / attack involving Iran (2026-01-15),"AUTO-HARVESTED, UNVERIFIED. GDELT recorded a military clash / attack (actors: Iranian and Ukraine), peak 1031 mentions, 3075 total across sampled files. Joe must verify the source and code severity/surprise before approval.",3,3,low,https://www.winnipegfreepress.com/business/2026/01/14/iran-further-extends-an-order-closing-its-airspace-to-commercial-aircraft-as-tensions-remain-high,country.iran:location;commodity.brent:affected_market,candidate,gdelt
gdelt_x_irn_20200115,2020-01-15,day,conflict_escalation,GDELT candidate: military clash / attack involving Iran (2020-01-15),"AUTO-HARVESTED, UNVERIFIED. GDELT recorded a military clash / attack (actors: Iran), peak 466 mentions, 3069 total across sampled files. Joe must verify the source and code severity/surprise before approval.",3,3,low,https://ifp.co.in/us-iran-missiles-arrogance-or-incompetence/,country.iran:location;commodity.brent:affected_market,candidate,gdelt
gdelt_ukr_irn_20260115,2026-01-15,day,conflict_escalation,GDELT candidate: military clash / attack involving Iran (2026-01-15),"AUTO-HARVESTED, UNVERIFIED. GDELT recorded a military clash / attack (actors: Ukraine and Iranian), peak 1047 mentions, 3032 total across sampled files. Joe must verify the source and code severity/surprise before approval.",3,3,low,https://www.winnipegfreepress.com/business/2026/01/14/iran-further-extends-an-order-closing-its-airspace-to-commercial-aircraft-as-tensions-remain-high,country.iran:location;commodity.brent:affected_market,candidate,gdelt
gdelt_irn_irq_20200115,2020-01-15,day,conflict_escalation,GDELT candidate: military clash / attack involving Iran / Iraq (2020-01-15),"AUTO-HARVESTED, UNVERIFIED. GDELT recorded a military clash / attack (actors: Iran and Iraqi), peak 559 mentions, 2991 total across sampled files. Joe must verify the source and code severity/surprise before approval.",3,3,low,https://www.nbcbayarea.com/news/national-international/dem-senator-says-he-has-51-votes-to-restrain-trump-on-iran/2215322/,country.iran:location;country.iraq:location;commodity.brent:affected_market,candidate,gdelt
gdelt_rus_x_20250115,2025-01-15,day,conflict_escalation,GDELT candidate: military clash / attack involving Russia (2025-01-15),"AUTO-HARVESTED, UNVERIFIED. GDELT recorded a military clash / attack (actors: Russian), peak 1356 mentions, 2948 total across sampled files. Joe must verify the source and code severity/surprise before approval.",3,3,low,https://www.edenmagnet.com.au/story/8866778/grave-concerns-for-australian-teacher-captured-by-russian-troops/?cs=14264,country.russia:location;commodity.brent:affected_market,candidate,gdelt
gdelt_jor_irn_20260715,2026-07-15,day,conflict_escalation,GDELT candidate: military clash / attack involving Iran (2026-07-15),"AUTO-HARVESTED, UNVERIFIED. GDELT recorded a military clash / attack (actors: Jordan and Iran), peak 1650 mentions, 2945 total across sampled files. Joe must verify the source and code severity/surprise before approval.",3,3,low,https://isp.netscape.com:443/news/world/story/0001/20260715/b7c592f269d822407dd6b5641602bf25,country.iran:location;commodity.brent:affected_market,candidate,gdelt
gdelt_rus_x_20230115,2023-01-15,day,conflict_escalation,GDELT candidate: military clash / attack involving Russia (2023-01-15),"AUTO-HARVESTED, UNVERIFIED. GDELT recorded a military clash / attack (actors: Russia), peak 558 mentions, 2900 total across sampled files. Joe must verify the source and code severity/surprise before approval.",3,3,low,https://weisradio.com/2023/01/14/russia-ukraine-live-updates-russian-missile-attacks-on-kyiv-saturday-morning/,country.russia:location;commodity.brent:affected_market,candidate,gdelt
gdelt_irq_x_20160115,2016-01-15,day,conflict_escalation,GDELT candidate: military clash / attack involving Iraq (2016-01-15),"AUTO-HARVESTED, UNVERIFIED. GDELT recorded a military clash / attack (actors: Iraq), peak 576 mentions, 2884 total across sampled files. Joe must verify the source and code severity/surprise before approval.",3,3,low,http://www.daytondailynews.com/ap/ap/top-news/militants-use-of-human-shields-in-ramadi-slows-pro/np544/,country.iraq:location;commodity.brent:affected_market,candidate,gdelt
gdelt_rus_ukr_20250115,2025-01-15,day,sanctions,GDELT candidate: sanctions action involving Russia (2025-01-15),"AUTO-HARVESTED, UNVERIFIED. GDELT recorded a sanctions action (actors: Russia and Ukraine), peak 456 mentions, 2881 total across sampled files. Joe must verify the source and code severity/surprise before approval.",3,3,low,https://www.newcastleherald.com.au/story/8866727/call-for-russia-to-face-full-force-if-aussie-killed/,country.russia:location;commodity.brent:affected_market,candidate,gdelt
gdelt_x_irn_20260715,2026-07-15,day,conflict_escalation,GDELT candidate: military clash / attack involving Iran (2026-07-15),"AUTO-HARVESTED, UNVERIFIED. GDELT recorded a military clash / attack (actors: Iranian), peak 672 mentions, 2552 total across sampled files. Joe must verify the source and code severity/surprise before approval.",3,3,low,http://www.rockymounttelegram.com/news/world/us-restores-blockade-on-iran-after-its-attacks-on-ships-in-the-strait-of-hormuz/article_79715ecf-22cf-5ca6-ada2-2e70ed801e68.html,country.iran:location;commodity.brent:affected_market,candidate,gdelt
gdelt_irn_ukr_20200115,2020-01-15,day,conflict_escalation,GDELT candidate: military clash / attack involving Iran (2020-01-15),"AUTO-HARVESTED, UNVERIFIED. GDELT recorded a military clash / attack (actors: Iran and Ukrainian), peak 859 mentions, 2529 total across sampled files. Joe must verify the source and code severity/surprise before approval.",3,3,low,https://www.washingtonpost.com/world/middle_east/in-iran-its-possible-to-be-angry-at-both-the-government-and-america/2020/01/14/5f04efba-361b-11ea-a1ff-c48c1d59a4a1_story.html,country.iran:location;commodity.brent:affected_market,candidate,gdelt
gdelt_usa_irn_20200115,2020-01-15,day,conflict_escalation,GDELT candidate: military clash / attack involving Iran (2020-01-15),"AUTO-HARVESTED, UNVERIFIED. GDELT recorded a military clash / attack (actors: American and Iran), peak 206 mentions, 2190 total across sampled files. Joe must verify the source and code severity/surprise before approval.",3,3,low,https://nypost.com/2020/01/14/justin-trudeaus-disgraceful-new-low-chiming-in-with-irans-propaganda/,country.iran:location;commodity.brent:affected_market,candidate,gdelt
gdelt_usa_ven_20260115,2026-01-15,day,conflict_escalation,GDELT candidate: military clash / attack involving Venezuela (2026-01-15),"AUTO-HARVESTED, UNVERIFIED. GDELT recorded a military clash / attack (actors: Washington and Venezuela), peak 774 mentions, 2046 total across sampled files. Joe must verify the source and code severity/surprise before approval.",3,3,low,https://www.fox5ny.com/news/minneapolis-ice-shooting-federal-law-enforcement-north-minneapolis-jan-14,country.venezuela:location;commodity.brent:affected_market,candidate,gdelt
gdelt_lby_x_20140715,2014-07-15,day,conflict_escalation,GDELT candidate: military clash / attack involving Libya (2014-07-15),"AUTO-HARVESTED, UNVERIFIED. GDELT recorded a military clash / attack (actors: Benghazi), peak 924 mentions, 2020 total across sampled files. Joe must verify the source and code severity/surprise before approval.",3,3,low,http://uk.reuters.com/article/2014/07/16/uk-libya-violence-idUKKBN0FK04V20140716?feedType=RSS&feedName=topNews,country.libya:location;commodity.brent:affected_market,candidate,gdelt
gdelt_x_irq_20140115,2014-01-15,day,conflict_escalation,GDELT candidate: military clash / attack involving Iraq (2014-01-15),"AUTO-HARVESTED, UNVERIFIED. GDELT recorded a military clash / attack (actors: Baghdad), peak 110 mentions, 1989 total across sampled files. Joe must verify the source and code severity/surprise before approval.",3,3,low,http://www.newsabahtimes.com.my/nstweb/fullstory/74659,country.iraq:location;commodity.brent:affected_market,candidate,gdelt
gdelt_irq_x_20140715,2014-07-15,day,conflict_escalation,GDELT candidate: military clash / attack involving Iraq (2014-07-15),"AUTO-HARVESTED, UNVERIFIED. GDELT recorded a military clash / attack (actors: Iraq), peak 160 mentions, 1974 total across sampled files. Joe must verify the source and code severity/surprise before approval.",3,3,low,http://www.euronews.com/newswires/2597818-iraqi-army-launches-new-assault-on-tikrit-sources/,country.iraq:location;commodity.brent:affected_market,candidate,gdelt
gdelt_isr_irn_20260715,2026-07-15,day,conflict_escalation,GDELT candidate: military clash / attack involving Iran (2026-07-15),"AUTO-HARVESTED, UNVERIFIED. GDELT recorded a military clash / attack (actors: Israel and Iran), peak 1690 mentions, 1971 total across sampled files. Joe must verify the source and code severity/surprise before approval.",3,3,low,http://www.thegazette.com/news/world/us-reimposes-its-blockade-on-iran-after-tehrans-attacks-on-ships-in-the-strait-of/article_8f5778c1-bfc3-53fb-b1f2-e4de1ec119fd.html,country.iran:location;commodity.brent:affected_market,candidate,gdelt
gdelt_irq_x_20170115,2017-01-15,day,conflict_escalation,GDELT candidate: military clash / attack involving Iraq (2017-01-15),"AUTO-HARVESTED, UNVERIFIED. GDELT recorded a military clash / attack (actors: Iraq), peak 364 mentions, 1967 total across sampled files. Joe must verify the source and code severity/surprise before approval.",3,3,low,https://www.yahoo.com/news/military-mosul-university-fully-liberated-100219674.html,country.iraq:location;commodity.brent:affected_market,candidate,gdelt
gdelt_rus_x_20140715,2014-07-15,day,conflict_escalation,GDELT candidate: military clash / attack involving Russia (2014-07-15),"AUTO-HARVESTED, UNVERIFIED. GDELT recorded a military clash / attack (actors: Russia), peak 772 mentions, 1947 total across sampled files. Joe must verify the source and code severity/surprise before approval.",3,3,low,http://savannahnow.com/news/2014-07-15/airstrike-eastern-ukraine-kills-11-civilians,country.russia:location;commodity.brent:affected_market,candidate,gdelt
gdelt_ukr_rus_20230715,2023-07-15,day,sanctions,GDELT candidate: sanctions action involving Russia (2023-07-15),"AUTO-HARVESTED, UNVERIFIED. GDELT recorded a sanctions action (actors: Ukraine and Moscow), peak 824 mentions, 1934 total across sampled files. Joe must verify the source and code severity/surprise before approval.",3,3,low,https://www.belfasttelegraph.co.uk/news/world-news/ukrainian-forces-shoot-down-10-russian-drones-in-latest-barrage/a116158593.html,country.russia:location;commodity.brent:affected_market,candidate,gdelt
gdelt_irq_x_20180115,2018-01-15,day,conflict_escalation,GDELT candidate: military clash / attack involving Iraq (2018-01-15),"AUTO-HARVESTED, UNVERIFIED. GDELT recorded a military clash / attack (actors: Iraqi and Civilian), peak 1001 mentions, 1888 total across sampled files. Joe must verify the source and code severity/surprise before approval.",3,3,low,http://www.fredericksburg.com/news/news-wire/iraq-s-interior-ministry-back-to-back-suicide-attacks-in/article_4443cff4-6210-59fb-addc-e0b6271926f3.html,country.iraq:location;commodity.brent:affected_market,candidate,gdelt
gdelt_lby_x_20200115,2020-01-15,day,conflict_escalation,GDELT candidate: military clash / attack involving Libya (2020-01-15),"AUTO-HARVESTED, UNVERIFIED. GDELT recorded a military clash / attack (actors: Libya), peak 1407 mentions, 1874 total across sampled files. Joe must verify the source and code severity/surprise before approval.",3,3,low,https://www.heraldbulletin.com/news/nation_world/putin-seeks-reforms-to-boost-powers-of-parliament-cabinet/article_06033753-be40-51d9-8c5f-afe28678ddd4.html,country.libya:location;commodity.brent:affected_market,candidate,gdelt
gdelt_rus_tur_20150716,2015-07-16,day,conflict_escalation,GDELT candidate: military clash / attack involving Russia (2015-07-16),"AUTO-HARVESTED, UNVERIFIED. GDELT recorded a military clash / attack (actors: Russia and Turkey), peak 1306 mentions, 1780 total across sampled files. Joe must verify the source and code severity/surprise before approval.",3,3,low,http://hosted.ap.org/dynamic/stories/E/EU_TURKEY_MILITARY_COUP_THE_LATEST?SITE=AP&SECTION=HOME&TEMPLATE=DEFAULT&CTIME=2016-07-15-17-39-42,country.russia:location;commodity.brent:affected_market,candidate,gdelt
gdelt_rus_aus_20250115,2025-01-15,day,conflict_escalation,GDELT candidate: military clash / attack involving Russia (2025-01-15),"AUTO-HARVESTED, UNVERIFIED. GDELT recorded a military clash / attack (actors: Russian and Australian), peak 990 mentions, 1731 total across sampled files. Joe must verify the source and code severity/surprise before approval.",3,3,low,https://www.edenmagnet.com.au/story/8866778/grave-concerns-for-australian-teacher-captured-by-russian-troops/?cs=14264,country.russia:location;commodity.brent:affected_market,candidate,gdelt
gdelt_ven_x_20180115,2018-01-15,day,conflict_escalation,GDELT candidate: military clash / attack involving Venezuela (2018-01-15),"AUTO-HARVESTED, UNVERIFIED. GDELT recorded a military clash / attack (actors: Venezuela and Military), peak 754 mentions, 1725 total across sampled files. Joe must verify the source and code severity/surprise before approval.",3,3,low,http://hosted2.ap.org/CAANR/0260ea4c3e85456b80715585ba3c7b5b/Article_2018-01-15-LT-Venezuela-Political-Crisis/id-963c67ad9ccf4cf18a761ecee310b41b,country.venezuela:location;commodity.brent:affected_market,candidate,gdelt
gdelt_ukr_rus_20240115,2024-01-15,day,conflict_escalation,GDELT candidate: military clash / attack involving Russia (2024-01-15),"AUTO-HARVESTED, UNVERIFIED. GDELT recorded a military clash / attack (actors: Ukrainian and Russian), peak 509 mentions, 1701 total across sampled files. Joe must verify the source and code severity/surprise before approval.",3,3,low,https://www.local10.com/news/world/2024/01/15/ukraine-claims-it-shot-down-2-russian-command-and-control-aircraft-in-a-significant-blow-to-moscow/,country.russia:location;commodity.brent:affected_market,candidate,gdelt
gdelt_irn_kwt_20260715,2026-07-15,day,conflict_escalation,GDELT candidate: military clash / attack involving Iran / Kuwait (2026-07-15),"AUTO-HARVESTED, UNVERIFIED. GDELT recorded a military clash / attack (actors: Iran and Kuwait), peak 1101 mentions, 1674 total across sampled files. Joe must verify the source and code severity/surprise before approval.",3,3,low,https://www.odnako.org/iran-missiles-against-us-bases-in-kuwait-and-bahrain-tehran-claims-responsibility-for-the-attack/,country.iran:location;country.kuwait:location;commodity.brent:affected_market,candidate,gdelt
gdelt_lby_x_20160115,2016-01-15,day,conflict_escalation,GDELT candidate: military clash / attack involving Libya (2016-01-15),"AUTO-HARVESTED, UNVERIFIED. GDELT recorded a military clash / attack (actors: Libya), peak 1408 mentions, 1644 total across sampled files. Joe must verify the source and code severity/surprise before approval.",3,3,low,http://www.tyronetimes.co.uk/news/national/blair-refuses-to-appear-before-mps-probing-links-between-ira-and-libya-1-7163303,country.libya:location;commodity.brent:affected_market,candidate,gdelt
gdelt_rus_ukr_20220715,2022-07-15,day,conflict_escalation,GDELT candidate: military clash / attack involving Russia (2022-07-15),"AUTO-HARVESTED, UNVERIFIED. GDELT recorded a military clash / attack (actors: Russian and Kyiv), peak 243 mentions, 1609 total across sampled files. Joe must verify the source and code severity/surprise before approval.",3,3,low,https://inlandnewstoday.com/story.php?s=67974,country.russia:location;commodity.brent:affected_market,candidate,gdelt
gdelt_rus_x_20250715,2025-07-15,day,conflict_escalation,GDELT candidate: military clash / attack involving Russia (2025-07-15),"AUTO-HARVESTED, UNVERIFIED. GDELT recorded a military clash / attack (actors: Russia), peak 660 mentions, 1602 total across sampled files. Joe must verify the source and code severity/surprise before approval.",3,3,low,https://wcyb.com/news/nation-world/fact-check-team-ukraine-fights-back-with-drone-interceptor-program-kyiv-russian-strikes-pilot-golden-dome-pete-hegseth-city,country.russia:location;commodity.brent:affected_market,candidate,gdelt
gdelt_ven_x_20260115,2026-01-15,day,conflict_escalation,GDELT candidate: military clash / attack involving Venezuela (2026-01-15),"AUTO-HARVESTED, UNVERIFIED. GDELT recorded a military clash / attack (actors: Venezuelan), peak 867 mentions, 1596 total across sampled files. Joe must verify the source and code severity/surprise before approval.",3,3,low,https://www.wfmz.com/news/ap/senate-republicans-defeat-venezuela-war-powers-resolution-as-trump-pressures-2-gop-senators-to-flip/article_f5e088ca-ad5e-5f1b-a550-9cfc20b0a5ad.html,country.venezuela:location;commodity.brent:affected_market,candidate,gdelt
gdelt_irq_irn_20200115,2020-01-15,day,conflict_escalation,GDELT candidate: military clash / attack involving Iraq / Iran (2020-01-15),"AUTO-HARVESTED, UNVERIFIED. GDELT recorded a military clash / attack (actors: Iraqi and Iran), peak 282 mentions, 1586 total across sampled files. Joe must verify the source and code severity/surprise before approval.",3,3,low,https://www.haaretz.com/middle-east-news/syria/.premium-israel-strike-iran-base-syria-t4-three-dead-1.8402100,country.iraq:location;country.iran:location;commodity.brent:affected_market,candidate,gdelt
gdelt_sau_kwt_20260715,2026-07-15,day,conflict_escalation,GDELT candidate: military clash / attack involving Saudi Arabia / Kuwait (2026-07-15),"AUTO-HARVESTED, UNVERIFIED. GDELT recorded a military clash / attack (actors: Saudi Arabia and Kuwaiti), peak 992 mentions, 1528 total across sampled files. Joe must verify the source and code severity/surprise before approval.",3,3,low,http://www.brazilsun.com/news/279188316/us-completes-another-round-of-strikes-on-iranian-military-targets,country.saudi_arabia:location;country.kuwait:location;commodity.brent:affected_market,candidate,gdelt
gdelt_bhr_are_20170115,2017-01-15,day,conflict_escalation,GDELT candidate: military clash / attack involving Uae (2017-01-15),"AUTO-HARVESTED, UNVERIFIED. GDELT recorded a military clash / attack (actors: Bahraini and Emirati), peak 1065 mentions, 1493 total across sampled files. Joe must verify the source and code severity/surprise before approval.",3,3,low,http://www.mynews13.com/content/news/cfnews13/news/article.html/content/news/articles/ap/2017/01/15/Bahrain_executes_3_convicted_in_deadly_police_bombing.html,country.uae:location;commodity.brent:affected_market,candidate,gdelt
gdelt_x_irq_20140715,2014-07-15,day,conflict_escalation,GDELT candidate: military clash / attack involving Iraq (2014-07-15),"AUTO-HARVESTED, UNVERIFIED. GDELT recorded a military clash / attack (actors: Baghdad), peak 174 mentions, 1492 total across sampled files. Joe must verify the source and code severity/surprise before approval.",3,3,low,http://www.euronews.com/newswires/2597818-iraqi-army-launches-new-assault-on-tikrit-sources/,country.iraq:location;commodity.brent:affected_market,candidate,gdelt
gdelt_rus_ukr_20240115,2024-01-15,day,conflict_escalation,GDELT candidate: military clash / attack involving Russia (2024-01-15),"AUTO-HARVESTED, UNVERIFIED. GDELT recorded a military clash / attack (actors: Russia and Ukraine), peak 173 mentions, 1469 total across sampled files. Joe must verify the source and code severity/surprise before approval.",3,3,low,https://www.wtaj.com/news/national-news/ap-convicted-former-russian-mayor-cuts-jail-time-short-by-agreeing-to-fight-in-ukraine/,country.russia:location;commodity.brent:affected_market,candidate,gdelt
gdelt_rus_ukr_20230715,2023-07-15,day,conflict_escalation,GDELT candidate: military clash / attack involving Russia (2023-07-15),"AUTO-HARVESTED, UNVERIFIED. GDELT recorded a military clash / attack (actors: Russia and Ukraine), peak 353 mentions, 1419 total across sampled files. Joe must verify the source and code severity/surprise before approval.",3,3,low,https://www.chronicleonline.com/news/world/south-korean-president-yoon-suk-yeol-makes-surprise-visit-to-ukraine/article_9706c6c2-c8b5-50b5-862d-452eaa33e2e2.html,country.russia:location;commodity.brent:affected_market,candidate,gdelt
gdelt_are_isr_20240115,2024-01-15,day,conflict_escalation,GDELT candidate: military clash / attack involving Uae (2024-01-15),"AUTO-HARVESTED, UNVERIFIED. GDELT recorded a military clash / attack (actors: Dubai and Israel), peak 308 mentions, 1300 total across sampled files. Joe must verify the source and code severity/surprise before approval.",3,3,low,https://www.bostonherald.com/2024/01/14/yemen-houthi-rebels-fire-missile-at-us-warship-in-red-sea-in-first-attack-after-american-led-strikes/,country.uae:location;commodity.brent:affected_market,candidate,gdelt
gdelt_sau_qat_20170715,2017-07-15,day,conflict_escalation,GDELT candidate: military clash / attack involving Saudi Arabia (2017-07-15),"AUTO-HARVESTED, UNVERIFIED. GDELT recorded a military clash / attack (actors: Saudi Arabia and Qatar), peak 508 mentions, 1293 total across sampled files. Joe must verify the source and code severity/surprise before approval.",3,3,low,http://www.theolympian.com/news/business/article161553053.html,country.saudi_arabia:location;commodity.brent:affected_market,candidate,gdelt
gdelt_rus_wst_20180115,2018-01-15,day,conflict_escalation,GDELT candidate: military clash / attack involving Russia (2018-01-15),"AUTO-HARVESTED, UNVERIFIED. GDELT recorded a military clash / attack (actors: Russia and Nato), peak 1030 mentions, 1276 total across sampled files. Joe must verify the source and code severity/surprise before approval.",3,3,low,http://www.sfgate.com/news/world/article/Russian-military-conducts-massive-missile-drills-12498753.php,country.russia:location;commodity.brent:affected_market,candidate,gdelt
gdelt_irq_x_20150715,2015-07-15,day,conflict_escalation,GDELT candidate: military clash / attack involving Iraq (2015-07-15),"AUTO-HARVESTED, UNVERIFIED. GDELT recorded a military clash / attack (actors: Iraq), peak 240 mentions, 1271 total across sampled files. Joe must verify the source and code severity/surprise before approval.",3,3,low,https://en-maktoob.news.yahoo.com/u-delivers-iraqi-antiquities-seized-raid-islamic-state-093739932.html,country.iraq:location;commodity.brent:affected_market,candidate,gdelt
gdelt_x_irq_20160115,2016-01-15,day,conflict_escalation,GDELT candidate: military clash / attack involving Iraq (2016-01-15),"AUTO-HARVESTED, UNVERIFIED. GDELT recorded a military clash / attack (actors: Commander and Iraq), peak 336 mentions, 1268 total across sampled files. Joe must verify the source and code severity/surprise before approval.",3,3,low,http://news.yahoo.com/iraqs-top-shiite-cleric-condemns-diyala-violence-123738480.html,country.iraq:location;commodity.brent:affected_market,candidate,gdelt
gdelt_rus_ukr_20140715,2014-07-15,day,sanctions,GDELT candidate: sanctions action involving Russia (2014-07-15),"AUTO-HARVESTED, UNVERIFIED. GDELT recorded a sanctions action (actors: Russia and Ukraine), peak 230 mentions, 1267 total across sampled files. Joe must verify the source and code severity/surprise before approval.",3,3,low,http://www.durhamregion.com/news-story/4630488-rescue-workers-ukraine-airstrike-kills-civilians/,country.russia:location;commodity.brent:affected_market,candidate,gdelt
gdelt_x_sau_20160715,2016-07-15,day,conflict_escalation,GDELT candidate: military clash / attack involving Saudi Arabia (2016-07-15),"AUTO-HARVESTED, UNVERIFIED. GDELT recorded a military clash / attack (actors: Hospital and Riyadh), peak 400 mentions, 1217 total across sampled files. Joe must verify the source and code severity/surprise before approval.",3,3,low,http://aninews.in/ODJjd0ZleQ/allnews/world/middle-east-news/middle-east.html,country.saudi_arabia:location;commodity.brent:affected_market,candidate,gdelt
gdelt_x_rus_20230715,2023-07-15,day,conflict_escalation,GDELT candidate: military clash / attack involving Russia (2023-07-15),"AUTO-HARVESTED, UNVERIFIED. GDELT recorded a military clash / attack (actors: Belgorod), peak 417 mentions, 1197 total across sampled files. Joe must verify the source and code severity/surprise before approval.",3,3,low,https://www.register-herald.com/news/nation_world/putin-says-he-offered-wagner-mercenaries-the-option-to-stay-as-a-single-unit/article_e098b359-66ea-52fa-ad4c-b87ad4421585.html,country.russia:location;commodity.brent:affected_market,candidate,gdelt
gdelt_x_irq_20130715,2013-07-15,day,conflict_escalation,GDELT candidate: military clash / attack involving Iraq (2013-07-15),"AUTO-HARVESTED, UNVERIFIED. GDELT recorded a military clash / attack (actors: Iraq), peak 140 mentions, 1191 total across sampled files. Joe must verify the source and code severity/surprise before approval.",3,3,low,http://world.time.com/2013/07/14/attackers-kill-6-in-northern-iraq/,country.iraq:location;commodity.brent:affected_market,candidate,gdelt
gdelt_ukr_rus_20220715,2022-07-15,day,conflict_escalation,GDELT candidate: military clash / attack involving Russia (2022-07-15),"AUTO-HARVESTED, UNVERIFIED. GDELT recorded a military clash / attack (actors: Ukrainian and Russia), peak 370 mentions, 1183 total across sampled files. Joe must verify the source and code severity/surprise before approval.",3,3,low,https://www.jamaicaobserver.com/latest-news/russian-missiles-kill-at-least-23-in-ukraine-wound-over-100/,country.russia:location;commodity.brent:affected_market,candidate,gdelt
gdelt_irn_x_20260115,2026-01-15,day,conflict_escalation,GDELT candidate: military clash / attack involving Iran (2026-01-15),"AUTO-HARVESTED, UNVERIFIED. GDELT recorded a military clash / attack (actors: Iran), peak 108 mentions, 1171 total across sampled files. Joe must verify the source and code severity/surprise before approval.",3,3,low,https://www.kios.org/2026-01-15/irans-protests-appear-increasingly-smothered-after-a-deadly-crackdown,country.iran:location;commodity.brent:affected_market,candidate,gdelt
gdelt_irn_bhr_20260715,2026-07-15,day,conflict_escalation,GDELT candidate: military clash / attack involving Iran (2026-07-15),"AUTO-HARVESTED, UNVERIFIED. GDELT recorded a military clash / attack (actors: Iran and Bahrain), peak 1060 mentions, 1133 total across sampled files. Joe must verify the source and code severity/surprise before approval.",3,3,low,https://newsradio1170.iheart.com/content/2026-07-15-us-launches-daytime-strikes-against-iran/,country.iran:location;commodity.brent:affected_market,candidate,gdelt
gdelt_lby_x_20180115,2018-01-15,day,conflict_escalation,GDELT candidate: military clash / attack involving Libya (2018-01-15),"AUTO-HARVESTED, UNVERIFIED. GDELT recorded a military clash / attack (actors: Tripoli and Shia), peak 235 mentions, 1122 total across sampled files. Joe must verify the source and code severity/surprise before approval.",3,3,low,https://www.yahoo.com/news/clashes-kill-9-libyas-main-international-airport-000437867.html,country.libya:location;commodity.brent:affected_market,candidate,gdelt
gdelt_sau_irn_20150715,2015-07-15,day,conflict_escalation,GDELT candidate: military clash / attack involving Saudi Arabia / Iran (2015-07-15),"AUTO-HARVESTED, UNVERIFIED. GDELT recorded a military clash / attack (actors: Riyadh and Tehran), peak 421 mentions, 1108 total across sampled files. Joe must verify the source and code severity/surprise before approval.",3,3,low,http://www.trust.org/item/20150714234054-ze4sb,country.saudi_arabia:location;country.iran:location;commodity.brent:affected_market,candidate,gdelt
gdelt_rus_x_20240115,2024-01-15,day,conflict_escalation,GDELT candidate: military clash / attack involving Russia (2024-01-15),"AUTO-HARVESTED, UNVERIFIED. GDELT recorded a military clash / attack (actors: Russia), peak 469 mentions, 1044 total across sampled files. Joe must verify the source and code severity/surprise before approval.",3,3,low,https://www.criticalthreats.org/analysis/russian-offensive-campaign-assessment-january-14-2024,country.russia:location;commodity.brent:affected_market,candidate,gdelt
gdelt_x_lby_20140715,2014-07-15,day,conflict_escalation,GDELT candidate: military clash / attack involving Libya (2014-07-15),"AUTO-HARVESTED, UNVERIFIED. GDELT recorded a military clash / attack (actors: Libya), peak 290 mentions, 1037 total across sampled files. Joe must verify the source and code severity/surprise before approval.",3,3,low,http://euronews.com/2014/07/15/libya-warns-militias-over-tripoli-airport-attacks/,country.libya:location;commodity.brent:affected_market,candidate,gdelt
gdelt_eur_irn_20200115,2020-01-15,day,sanctions,GDELT candidate: sanctions action involving Iran (2020-01-15),"AUTO-HARVESTED, UNVERIFIED. GDELT recorded a sanctions action (actors: European and Iran), peak 970 mentions, 1030 total across sampled files. Joe must verify the source and code severity/surprise before approval.",3,3,low,https://www.voanews.com/middle-east/voa-news-iran/israel-warns-iran-closer-nuclear-bomb,country.iran:location;commodity.brent:affected_market,candidate,gdelt
gdelt_irq_x_20130715,2013-07-15,day,sanctions,GDELT candidate: sanctions action involving Iraq (2013-07-15),"AUTO-HARVESTED, UNVERIFIED. GDELT recorded a sanctions action (actors: Iraqi), peak 115 mentions, 1029 total across sampled files. Joe must verify the source and code severity/surprise before approval.",3,3,low,http://www.wdtn.com/dpp/news/international/Police-Attacks-around-Iraq-kill-7-people_56704674,country.iraq:location;commodity.brent:affected_market,candidate,gdelt
gdelt_irn_x_20251216,2025-12-16,day,sanctions,GDELT candidate: sanctions action involving Iran (2025-12-16),"AUTO-HARVESTED, UNVERIFIED. GDELT recorded a sanctions action (actors: Iranian), peak 1002 mentions, 1002 total across sampled files. Joe must verify the source and code severity/surprise before approval.",3,3,low,https://www.reflector.com/news/national/irans-nationwide-protests-appear-increasingly-smothered-after-crackdown-and-internet-outage/article_27b81b4e-27dd-54f9-90f5-09c21cc590d1.html,country.iran:location;commodity.brent:affected_market,candidate,gdelt
gdelt_irn_usa_20200115,2020-01-15,day,conflict_escalation,GDELT candidate: military clash / attack involving Iran (2020-01-15),"AUTO-HARVESTED, UNVERIFIED. GDELT recorded a military clash / attack (actors: Iran and United States), peak 149 mentions, 980 total across sampled files. Joe must verify the source and code severity/surprise before approval.",3,3,low,https://kuow.org/stories/opinion-the-danger-from-iran-didn-t-die-with-soleimani,country.iran:location;commodity.brent:affected_market,candidate,gdelt
gdelt_ukr_rus_20250115,2025-01-15,day,conflict_escalation,GDELT candidate: military clash / attack involving Russia (2025-01-15),"AUTO-HARVESTED, UNVERIFIED. GDELT recorded a military clash / attack (actors: Kyiv and Russian), peak 50 mentions, 975 total across sampled files. Joe must verify the source and code severity/surprise before approval.",3,3,low,https://pakistankakhudahafiz.com/kyiv-accuses-russia-of-the-biggest-ever-aerial-strike/,country.russia:location;commodity.brent:affected_market,candidate,gdelt
gdelt_rus_ukr_20250715,2025-07-15,day,conflict_escalation,GDELT candidate: military clash / attack involving Russia (2025-07-15),"AUTO-HARVESTED, UNVERIFIED. GDELT recorded a military clash / attack (actors: Russia and Ukraine), peak 313 mentions, 947 total across sampled files. Joe must verify the source and code severity/surprise before approval.",3,3,low,https://www.wmra.org/2025-07-15/increase-in-military-aid-to-ukraine-marks-a-shift-in-white-house-policy-toward-russia,country.russia:location;commodity.brent:affected_market,candidate,gdelt
gdelt_rus_x_20170115,2017-01-15,day,conflict_escalation,GDELT candidate: military clash / attack involving Russia (2017-01-15),"AUTO-HARVESTED, UNVERIFIED. GDELT recorded a military clash / attack (actors: Russia), peak 552 mentions, 941 total across sampled files. Joe must verify the source and code severity/surprise before approval.",3,3,low,http://www.navhindtimes.in/trump-hints-at-lifting-sanctions-against-russia-changing-one-china-policy/,country.russia:location;commodity.brent:affected_market,candidate,gdelt
gdelt_x_irn_20260115,2026-01-15,day,conflict_escalation,GDELT candidate: military clash / attack involving Iran (2026-01-15),"AUTO-HARVESTED, UNVERIFIED. GDELT recorded a military clash / attack (actors: Regime and Iranian), peak 91 mentions, 939 total across sampled files. Joe must verify the source and code severity/surprise before approval.",3,3,low,https://www.marketscreener.com/news/us-imposes-sanctions-on-iran-over-crackdown-on-protesters-ce7e58d9d08ff424,country.iran:location;commodity.brent:affected_market,candidate,gdelt
gdelt_are_bhr_20170115,2017-01-15,day,conflict_escalation,GDELT candidate: military clash / attack involving Uae (2017-01-15),"AUTO-HARVESTED, UNVERIFIED. GDELT recorded a military clash / attack (actors: Emirati and Bahraini), peak 639 mentions, 922 total across sampled files. Joe must verify the source and code severity/surprise before approval.",3,3,low,http://www.mynews13.com/content/news/cfnews13/news/article.html/content/news/articles/ap/2017/01/15/Bahrain_executes_3_convicted_in_deadly_police_bombing.html,country.uae:location;commodity.brent:affected_market,candidate,gdelt
gdelt_ukr_rus_20140715,2014-07-15,day,conflict_escalation,GDELT candidate: military clash / attack involving Russia (2014-07-15),"AUTO-HARVESTED, UNVERIFIED. GDELT recorded a military clash / attack (actors: Ukraine and Russia), peak 126 mentions, 905 total across sampled files. Joe must verify the source and code severity/surprise before approval.",3,3,low,http://www.iranherald.com/index.php/sid/223797033/scat/2411cd3571b4f088/ht/Russia-accused-of-shooting-down-Ukraine-military-plane,country.russia:location;commodity.brent:affected_market,candidate,gdelt
gdelt_irq_x_20180715,2018-07-15,day,conflict_escalation,GDELT candidate: military clash / attack involving Iraq (2018-07-15),"AUTO-HARVESTED, UNVERIFIED. GDELT recorded a military clash / attack (actors: Iraqi and Government), peak 380 mentions, 904 total across sampled files. Joe must verify the source and code severity/surprise before approval.",3,3,low,http://news.trust.org/item/20180715072511-ddo6p,country.iraq:location;commodity.brent:affected_market,candidate,gdelt
gdelt_irq_x_20160715,2016-07-15,day,conflict_escalation,GDELT candidate: military clash / attack involving Iraq (2016-07-15),"AUTO-HARVESTED, UNVERIFIED. GDELT recorded a military clash / attack (actors: Iraq), peak 79 mentions, 898 total across sampled files. Joe must verify the source and code severity/surprise before approval.",3,3,low,http://www.strathspey-herald.co.uk/News/Court-told-Highlands-soldier-who-saw-action-in-Iraq-was-let-down-by-his-country-14072016.htm,country.iraq:location;commodity.brent:affected_market,candidate,gdelt
gdelt_x_irn_20190115,2019-01-15,day,conflict_escalation,GDELT candidate: military clash / attack involving Iran (2019-01-15),"AUTO-HARVESTED, UNVERIFIED. GDELT recorded a military clash / attack (actors: Military and Iran), peak 400 mentions, 897 total across sampled files. Joe must verify the source and code severity/surprise before approval.",3,3,low,https://www.1065thearch.com/2019/01/15/iran-says-it-has-launched-satellite-that-didnt-reach-orbit/,country.iran:location;commodity.brent:affected_market,candidate,gdelt
gdelt_rus_x_20240715,2024-07-15,day,conflict_escalation,GDELT candidate: military clash / attack involving Russia (2024-07-15),"AUTO-HARVESTED, UNVERIFIED. GDELT recorded a military clash / attack (actors: Russian), peak 254 mentions, 895 total across sampled files. Joe must verify the source and code severity/surprise before approval.",3,3,low,https://www.clickorlando.com/news/world/2024/07/15/us-journalist-masha-gessen-is-convicted-in-absentia-in-russia-for-criticizing-the-military/,country.russia:location;commodity.brent:affected_market,candidate,gdelt
gdelt_ukr_rus_20250715,2025-07-15,day,conflict_escalation,GDELT candidate: military clash / attack involving Russia (2025-07-15),"AUTO-HARVESTED, UNVERIFIED. GDELT recorded a military clash / attack (actors: Ukrainian and Russian), peak 316 mentions, 894 total across sampled files. Joe must verify the source and code severity/surprise before approval.",3,3,low,https://www.wmra.org/2025-07-15/increase-in-military-aid-to-ukraine-marks-a-shift-in-white-house-policy-toward-russia,country.russia:location;commodity.brent:affected_market,candidate,gdelt
gdelt_kwt_x_20150716,2015-07-16,day,conflict_escalation,GDELT candidate: military clash / attack involving Kuwait (2015-07-16),"AUTO-HARVESTED, UNVERIFIED. GDELT recorded a military clash / attack (actors: Kuwait and Shiite), peak 616 mentions, 890 total across sampled files. Joe must verify the source and code severity/surprise before approval.",3,3,low,http://hosted.ap.org/dynamic/stories/E/EU_FRANCE_TRUCK_ATTACK_WORLD_REACTION?SITE=AP&SECTION=HOME&TEMPLATE=DEFAULT&CTIME=2016-07-15-02-37-51,country.kuwait:location;commodity.brent:affected_market,candidate,gdelt
gdelt_x_irq_20170115,2017-01-15,day,conflict_escalation,GDELT candidate: military clash / attack involving Iraq (2017-01-15),"AUTO-HARVESTED, UNVERIFIED. GDELT recorded a military clash / attack (actors: Suicide Bomber and Baghdad), peak 227 mentions, 887 total across sampled files. Joe must verify the source and code severity/surprise before approval.",3,3,low,http://www.sharenet.co.za/news/Iraqi_forces_advance_at_Mosul_University_take_areas_along_Tigris__officials/34458744aec15948f534dddae0bc94db,country.iraq:location;commodity.brent:affected_market,candidate,gdelt
gdelt_x_rus_20260715,2026-07-15,day,sanctions,GDELT candidate: sanctions action involving Russia (2026-07-15),"AUTO-HARVESTED, UNVERIFIED. GDELT recorded a sanctions action (actors: Russian), peak 436 mentions, 884 total across sampled files. Joe must verify the source and code severity/surprise before approval.",3,3,low,https://newsradio1170.iheart.com/content/2026-07-15-senators-unveil-sweeping-russia-sanctions-bill/,country.russia:location;commodity.brent:affected_market,candidate,gdelt
gdelt_x_rus_20160115,2016-01-15,day,conflict_escalation,GDELT candidate: military clash / attack involving Russia (2016-01-15),"AUTO-HARVESTED, UNVERIFIED. GDELT recorded a military clash / attack (actors: Fighter and Russian), peak 208 mentions, 881 total across sampled files. Joe must verify the source and code severity/surprise before approval.",3,3,low,http://en.apa.az/xeber_raqi_army_liberates_area_near_tikrit_cit_237827.html,country.russia:location;commodity.brent:affected_market,candidate,gdelt
gdelt_x_irq_20200115,2020-01-15,day,conflict_escalation,GDELT candidate: military clash / attack involving Iraq (2020-01-15),"AUTO-HARVESTED, UNVERIFIED. GDELT recorded a military clash / attack (actors: Major General and Iraq), peak 450 mentions, 880 total across sampled files. Joe must verify the source and code severity/surprise before approval.",3,3,low,https://www.cnn.com/2020/01/14/politics/joe-biden-debate-iraq-war-vote/,country.iraq:location;commodity.brent:affected_market,candidate,gdelt
gdelt_gbr_rus_20160115,2016-01-15,day,conflict_escalation,GDELT candidate: military clash / attack involving Russia (2016-01-15),"AUTO-HARVESTED, UNVERIFIED. GDELT recorded a military clash / attack (actors: United Kingdom and Russian), peak 408 mentions, 876 total across sampled files. Joe must verify the source and code severity/surprise before approval.",3,3,low,http://www.wmbfnews.com/story/30974520/britain-gets-1st-spacewalker-station-power-grid-needs-fixed,country.russia:location;commodity.brent:affected_market,candidate,gdelt
gdelt_rus_lby_20200115,2020-01-15,day,conflict_escalation,GDELT candidate: military clash / attack involving Russia / Libya (2020-01-15),"AUTO-HARVESTED, UNVERIFIED. GDELT recorded a military clash / attack (actors: Russia and Tripoli), peak 395 mentions, 866 total across sampled files. Joe must verify the source and code severity/surprise before approval.",3,3,low,https://www.latimes.com/world-nation/story/2020-01-15/russia-government-resignation-putin,country.russia:location;country.libya:location;commodity.brent:affected_market,candidate,gdelt
gdelt_x_rus_20140715,2014-07-15,day,conflict_escalation,GDELT candidate: military clash / attack involving Russia (2014-07-15),"AUTO-HARVESTED, UNVERIFIED. GDELT recorded a military clash / attack (actors: Russia), peak 260 mentions, 847 total across sampled files. Joe must verify the source and code severity/surprise before approval.",3,3,low,http://www.iranherald.com/index.php/sid/223797033/scat/2411cd3571b4f088/ht/Russia-accused-of-shooting-down-Ukraine-military-plane,country.russia:location;commodity.brent:affected_market,candidate,gdelt
gdelt_rus_x_20160715,2016-07-15,day,conflict_escalation,GDELT candidate: military clash / attack involving Russia (2016-07-15),"AUTO-HARVESTED, UNVERIFIED. GDELT recorded a military clash / attack (actors: Russian), peak 109 mentions, 846 total across sampled files. Joe must verify the source and code severity/surprise before approval.",3,3,low,http://www.japantoday.com/category/world/view/death-of-islamic-states-shishani-may-damage-foreign-recruitment,country.russia:location;commodity.brent:affected_market,candidate,gdelt
gdelt_irq_irq_20170715,2017-07-15,day,conflict_escalation,GDELT candidate: military clash / attack involving Iraq / Iraq (2017-07-15),"AUTO-HARVESTED, UNVERIFIED. GDELT recorded a military clash / attack (actors: Mosul and Iraqi), peak 178 mentions, 846 total across sampled files. Joe must verify the source and code severity/surprise before approval.",3,3,low,http://www.calgaryherald.com/liberation+from+militants+leaves+devastation+mosul/13711911/story.html,country.iraq:location;country.iraq:location;commodity.brent:affected_market,candidate,gdelt
gdelt_irn_sau_20150715,2015-07-15,day,conflict_escalation,GDELT candidate: military clash / attack involving Iran / Saudi Arabia (2015-07-15),"AUTO-HARVESTED, UNVERIFIED. GDELT recorded a military clash / attack (actors: Tehran and Riyadh), peak 440 mentions, 820 total across sampled files. Joe must verify the source and code severity/surprise before approval.",3,3,low,http://www.trust.org/item/20150714234054-ze4sb,country.iran:location;country.saudi_arabia:location;commodity.brent:affected_market,candidate,gdelt
gdelt_usa_irq_20200115,2020-01-15,day,conflict_escalation,GDELT candidate: military clash / attack involving Iraq (2020-01-15),"AUTO-HARVESTED, UNVERIFIED. GDELT recorded a military clash / attack (actors: American and Baghdad), peak 328 mentions, 818 total across sampled files. Joe must verify the source and code severity/surprise before approval.",3,3,low,https://www.wellsvilledaily.com/zz/news/20200114/top-moments-democratic-candidates-spar-in-iowa-debate,country.iraq:location;commodity.brent:affected_market,candidate,gdelt
gdelt_irq_x_20200115,2020-01-15,day,conflict_escalation,GDELT candidate: military clash / attack involving Iraq (2020-01-15),"AUTO-HARVESTED, UNVERIFIED. GDELT recorded a military clash / attack (actors: Iraqi), peak 117 mentions, 811 total across sampled files. Joe must verify the source and code severity/surprise before approval.",3,3,low,https://www.aninews.in/news/world/middle-east/rockets-target-iraqi-military-camp-hosting-us-troops20200115034745/,country.iraq:location;commodity.brent:affected_market,candidate,gdelt
gdelt_usa_rus_20170115,2017-01-15,day,sanctions,GDELT candidate: sanctions action involving Russia (2017-01-15),"AUTO-HARVESTED, UNVERIFIED. GDELT recorded a sanctions action (actors: Obama and Russian), peak 592 mentions, 799 total across sampled files. Joe must verify the source and code severity/surprise before approval.",3,3,low,https://www.yahoo.com/news/trump-suggests-us-sanctions-against-093645115.html,country.russia:location;commodity.brent:affected_market,candidate,gdelt
gdelt_irq_x_20150115,2015-01-15,day,conflict_escalation,GDELT candidate: military clash / attack involving Iraq (2015-01-15),"AUTO-HARVESTED, UNVERIFIED. GDELT recorded a military clash / attack (actors: Iraq), peak 104 mentions, 785 total across sampled files. Joe must verify the source and code severity/surprise before approval.",3,3,low,http://www.sfgate.com/news/politics/article/US-military-confirms-8-civilian-deaths-in-2014-6761227.php,country.iraq:location;commodity.brent:affected_market,candidate,gdelt
gdelt_x_irq_20150715,2015-07-15,day,conflict_escalation,GDELT candidate: military clash / attack involving Iraq (2015-07-15),"AUTO-HARVESTED, UNVERIFIED. GDELT recorded a military clash / attack (actors: University and Iraq), peak 182 mentions, 776 total across sampled files. Joe must verify the source and code severity/surprise before approval.",3,3,low,https://uk.news.yahoo.com/boko-haram-raids-damasak-another-village-nigerias-borno-123644592.html,country.iraq:location;commodity.brent:affected_market,candidate,gdelt
gdelt_bhr_kwt_20260715,2026-07-15,day,conflict_escalation,GDELT candidate: military clash / attack involving Kuwait (2026-07-15),"AUTO-HARVESTED, UNVERIFIED. GDELT recorded a military clash / attack (actors: Bahrain and Kuwait), peak 432 mentions, 754 total across sampled files. Joe must verify the source and code severity/surprise before approval.",3,3,low,https://whoradio.iheart.com/content/2026-07-15-us-launches-second-wave-of-strikes-on-iran-resumes-naval-blockade/,country.kuwait:location;commodity.brent:affected_market,candidate,gdelt
gdelt_irn_x_20170715,2017-07-15,day,conflict_escalation,GDELT candidate: military clash / attack involving Iran (2017-07-15),"AUTO-HARVESTED, UNVERIFIED. GDELT recorded a military clash / attack (actors: Tehran), peak 286 mentions, 753 total across sampled files. Joe must verify the source and code severity/surprise before approval.",3,3,low,http://www.scnow.com/news/headlines/article_896715be-b4de-5ee0-8aea-58e2d48776a9.html,country.iran:location;commodity.brent:affected_market,candidate,gdelt
gdelt_mys_irq_20160108,2016-01-08,day,conflict_escalation,GDELT candidate: military clash / attack involving Iraq (2016-01-08),"AUTO-HARVESTED, UNVERIFIED. GDELT recorded a military clash / attack (actors: Malaysia and Iraq), peak 424 mentions, 752 total across sampled files. Joe must verify the source and code severity/surprise before approval.",3,3,low,http://www.watoday.com.au/world/jakarta-terror-attacks-foreign-fighters-feared-as-the-cause-20160115-gm6psk.html,country.iraq:location;commodity.brent:affected_market,candidate,gdelt
gdelt_rus_ukr_20260715,2026-07-15,day,conflict_escalation,GDELT candidate: military clash / attack involving Russia (2026-07-15),"AUTO-HARVESTED, UNVERIFIED. GDELT recorded a military clash / attack (actors: Russia and Kyiv), peak 192 mentions, 744 total across sampled files. Joe must verify the source and code severity/surprise before approval.",3,3,low,https://www.newsday.com/news/nation/russia-ukraine-war-europe-leyen-vukic-support-i31077,country.russia:location;commodity.brent:affected_market,candidate,gdelt
gdelt_x_irn_20210115,2021-01-15,day,sanctions,GDELT candidate: sanctions action involving Iran (2021-01-15),"AUTO-HARVESTED, UNVERIFIED. GDELT recorded a sanctions action (actors: United Nations and Iran), peak 152 mentions, 743 total across sampled files. Joe must verify the source and code severity/surprise before approval.",3,3,low,https://abcnews.go.com/Politics/sending-carrier-back-middle-east-tensions-low-ahead/story?id=75267248,country.iran:location;commodity.brent:affected_market,candidate,gdelt
gdelt_irn_x_20160115,2016-01-15,day,conflict_escalation,GDELT candidate: military clash / attack involving Iran (2016-01-15),"AUTO-HARVESTED, UNVERIFIED. GDELT recorded a military clash / attack (actors: Kurdistan and Police Officer), peak 170 mentions, 742 total across sampled files. Joe must verify the source and code severity/surprise before approval.",3,3,low,http://www.ammoland.com/2016/01/us-iran-step-back-from-the-brink/,country.iran:location;commodity.brent:affected_market,candidate,gdelt
gdelt_irq_syr_20160715,2016-07-15,day,conflict_escalation,GDELT candidate: military clash / attack involving Iraq (2016-07-15),"AUTO-HARVESTED, UNVERIFIED. GDELT recorded a military clash / attack (actors: Iraqi and Syria), peak 187 mentions, 737 total across sampled files. Joe must verify the source and code severity/surprise before approval.",3,3,low,http://www.iraqsun.com/index.php/sid/245834165,country.iraq:location;commodity.brent:affected_market,candidate,gdelt
gdelt_rus_x_20140115,2014-01-15,day,sanctions,GDELT candidate: sanctions action involving Russia (2014-01-15),"AUTO-HARVESTED, UNVERIFIED. GDELT recorded a sanctions action (actors: Russian), peak 58 mentions, 708 total across sampled files. Joe must verify the source and code severity/surprise before approval.",3,3,low,http://www.tribtown.com/view/story/476c658c01504cdb805231fa0457395e/US-Travel-Dali-Museum-Warhol,country.russia:location;commodity.brent:affected_market,candidate,gdelt
gdelt_rus_ukr_20240715,2024-07-15,day,conflict_escalation,GDELT candidate: military clash / attack involving Russia (2024-07-15),"AUTO-HARVESTED, UNVERIFIED. GDELT recorded a military clash / attack (actors: Russia and Ukraine), peak 60 mentions, 706 total across sampled files. Joe must verify the source and code severity/surprise before approval.",3,3,low,https://www.clickondetroit.com/news/world/2024/07/15/russian-court-orders-house-arrest-for-a-general-in-custody-on-fraud-charges/,country.russia:location;commodity.brent:affected_market,candidate,gdelt
gdelt_rus_x_20150715,2015-07-15,day,conflict_escalation,GDELT candidate: military clash / attack involving Russia (2015-07-15),"AUTO-HARVESTED, UNVERIFIED. GDELT recorded a military clash / attack (actors: Russia and Civilian), peak 78 mentions, 700 total across sampled files. Joe must verify the source and code severity/surprise before approval.",3,3,low,http://www.sbs.com.au/news/article/2015/07/15/will-there-be-justice-mh17-families,country.russia:location;commodity.brent:affected_market,candidate,gdelt
gdelt_are_usa_20240115,2024-01-15,day,conflict_escalation,GDELT candidate: military clash / attack involving Uae (2024-01-15),"AUTO-HARVESTED, UNVERIFIED. GDELT recorded a military clash / attack (actors: Dubai and American), peak 124 mentions, 700 total across sampled files. Joe must verify the source and code severity/surprise before approval.",3,3,low,https://news.yahoo.com/yemen-houthi-rebels-fire-missile-024444470.html,country.uae:location;commodity.brent:affected_market,candidate,gdelt
gdelt_x_rus_20160715,2016-07-15,day,conflict_escalation,GDELT candidate: military clash / attack involving Russia (2016-07-15),"AUTO-HARVESTED, UNVERIFIED. GDELT recorded a military clash / attack (actors: Russia), peak 222 mentions, 683 total across sampled files. Joe must verify the source and code severity/surprise before approval.",3,3,low,http://www.wxlm.fm/news/us-russia-talk-syria-coordination-despite-pentagon-concerns/,country.russia:location;commodity.brent:affected_market,candidate,gdelt
gdelt_usa_irn_20190715,2019-07-15,day,sanctions,GDELT candidate: sanctions action involving Iran (2019-07-15),"AUTO-HARVESTED, UNVERIFIED. GDELT recorded a sanctions action (actors: United States and Iran), peak 426 mentions, 673 total across sampled files. Joe must verify the source and code severity/surprise before approval.",3,3,low,https://news.yahoo.com/iranian-foreign-minister-heading-york-145104770.html,country.iran:location;commodity.brent:affected_market,candidate,gdelt
gdelt_irn_usa_20150715,2015-07-15,day,conflict_escalation,GDELT candidate: military clash / attack involving Iran (2015-07-15),"AUTO-HARVESTED, UNVERIFIED. GDELT recorded a military clash / attack (actors: Iran and United States), peak 131 mentions, 667 total across sampled files. Joe must verify the source and code severity/surprise before approval.",3,3,low,http://www.local21news.com/template/inews_wire/wires.national/274a5bae-www.local21news.com.shtml,country.iran:location;commodity.brent:affected_market,candidate,gdelt
gdelt_usa_lby_20140115,2014-01-15,day,conflict_escalation,GDELT candidate: military clash / attack involving Libya (2014-01-15),"AUTO-HARVESTED, UNVERIFIED. GDELT recorded a military clash / attack (actors: Washington and Libya), peak 278 mentions, 665 total across sampled files. Joe must verify the source and code severity/surprise before approval.",3,3,low,http://wtaq.com/news/articles/2014/jan/15/senate-panel-says-attack-on-us-post-in-benghazi-was-preventable/,country.libya:location;commodity.brent:affected_market,candidate,gdelt
gdelt_ukr_irn_20200115,2020-01-15,day,conflict_escalation,GDELT candidate: military clash / attack involving Iran (2020-01-15),"AUTO-HARVESTED, UNVERIFIED. GDELT recorded a military clash / attack (actors: Ukraine and Iran), peak 458 mentions, 664 total across sampled files. Joe must verify the source and code severity/surprise before approval.",3,3,low,https://www.weyburnreview.com/universities-across-canada-plan-moment-of-silence-for-plane-crash-victims-1.24053012,country.iran:location;commodity.brent:affected_market,candidate,gdelt
gdelt_rus_x_20210115,2021-01-15,day,conflict_escalation,GDELT candidate: military clash / attack involving Russia (2021-01-15),"AUTO-HARVESTED, UNVERIFIED. GDELT recorded a military clash / attack (actors: Vladimir Putin), peak 540 mentions, 654 total across sampled files. Joe must verify the source and code severity/surprise before approval.",3,3,low,https://level.medium.com/now-is-the-perfect-time-to-ruin-donald-trumps-life-7dc34315ef82?source=extreme_main_feed---------3-73--------------------ec2a7ce5_7ccb_4647_bb0e_63e678f3a640-------&gi=sd,country.russia:location;commodity.brent:affected_market,candidate,gdelt
gdelt_rus_x_20160115,2016-01-15,day,conflict_escalation,GDELT candidate: military clash / attack involving Russia (2016-01-15),"AUTO-HARVESTED, UNVERIFIED. GDELT recorded a military clash / attack (actors: Russian and Village), peak 42 mentions, 653 total across sampled files. Joe must verify the source and code severity/surprise before approval.",3,3,low,http://www.gulf-times.com/story/475053/More-aid-reaches-trapped-Syrians-doubts-cast-on-pe,country.russia:location;commodity.brent:affected_market,candidate,gdelt
gdelt_yem_irn_20260715,2026-07-15,day,conflict_escalation,GDELT candidate: military clash / attack involving Iran (2026-07-15),"AUTO-HARVESTED, UNVERIFIED. GDELT recorded a military clash / attack (actors: Sanaa and Iran), peak 314 mentions, 652 total across sampled files. Joe must verify the source and code severity/surprise before approval.",3,3,low,https://www.wknofm.org/news-from-npr/2026-07-15/u-s-and-iran-standoff-over-the-strait-of-hormuz-intensifies,country.iran:location;commodity.brent:affected_market,candidate,gdelt
gdelt_x_irq_20150115,2015-01-15,day,conflict_escalation,GDELT candidate: military clash / attack involving Iraq (2015-01-15),"AUTO-HARVESTED, UNVERIFIED. GDELT recorded a military clash / attack (actors: Iraq), peak 174 mentions, 648 total across sampled files. Joe must verify the source and code severity/surprise before approval.",3,3,low,http://www.jamaicaobserver.com/latestnews/Five-Canadians-killed-in-Syria-fighting-with-IS,country.iraq:location;commodity.brent:affected_market,candidate,gdelt
gdelt_x_irq_20160715,2016-07-15,day,conflict_escalation,GDELT candidate: military clash / attack involving Iraq (2016-07-15),"AUTO-HARVESTED, UNVERIFIED. GDELT recorded a military clash / attack (actors: News Agency and Iraqi), peak 115 mentions, 646 total across sampled files. Joe must verify the source and code severity/surprise before approval.",3,3,low,http://www.iraqsun.com/index.php/sid/245834165,country.iraq:location;commodity.brent:affected_market,candidate,gdelt
gdelt_x_rus_20250715,2025-07-15,day,sanctions,GDELT candidate: sanctions action involving Russia (2025-07-15),"AUTO-HARVESTED, UNVERIFIED. GDELT recorded a sanctions action (actors: Russia), peak 282 mentions, 646 total across sampled files. Joe must verify the source and code severity/surprise before approval.",3,3,low,https://www.gdnonline.com:443/Details/1358308/Trump-threatens-severe-sanctions-against-Russia,country.russia:location;commodity.brent:affected_market,candidate,gdelt
gdelt_irq_x_20210115,2021-01-15,day,conflict_escalation,GDELT candidate: military clash / attack involving Iraq (2021-01-15),"AUTO-HARVESTED, UNVERIFIED. GDELT recorded a military clash / attack (actors: Iraq), peak 314 mentions, 643 total across sampled files. Joe must verify the source and code severity/surprise before approval.",3,3,low,https://www.sfgate.com/news/article/Amid-cacophony-since-Capitol-siege-key-officer-15872836.php,country.iraq:location;commodity.brent:affected_market,candidate,gdelt
gdelt_x_irn_20180115,2018-01-15,day,sanctions,GDELT candidate: sanctions action involving Iran (2018-01-15),"AUTO-HARVESTED, UNVERIFIED. GDELT recorded a sanctions action (actors: Iran), peak 266 mentions, 642 total across sampled files. Joe must verify the source and code severity/surprise before approval.",3,3,low,https://www.nbcnews.com/news/world/iran-rejects-trump-s-demand-change-nuclear-deal-n837441?cid=public-rss_20180115,country.iran:location;commodity.brent:affected_market,candidate,gdelt
gdelt_irn_gbr_20200115,2020-01-15,day,conflict_escalation,GDELT candidate: military clash / attack involving Iran (2020-01-15),"AUTO-HARVESTED, UNVERIFIED. GDELT recorded a military clash / attack (actors: Iran and Britain), peak 252 mentions, 634 total across sampled files. Joe must verify the source and code severity/surprise before approval.",3,3,low,https://www.surreycomet.co.uk/news/national/18160977.british-ambassador-iran-returns-uk-talks/,country.iran:location;commodity.brent:affected_market,candidate,gdelt
gdelt_irq_x_20170715,2017-07-15,day,conflict_escalation,GDELT candidate: military clash / attack involving Iraq (2017-07-15),"AUTO-HARVESTED, UNVERIFIED. GDELT recorded a military clash / attack (actors: Iraq and Village), peak 102 mentions, 632 total across sampled files. Joe must verify the source and code severity/surprise before approval.",3,3,low,http://my.tvguide.co.uk/channellisting.asp?ch=910&cTime=7/15/2017%202:00:00%20AM&thisTime=&thisDay=,country.iraq:location;commodity.brent:affected_market,candidate,gdelt
gdelt_irn_x_20140115,2014-01-15,day,sanctions,GDELT candidate: sanctions action involving Iran (2014-01-15),"AUTO-HARVESTED, UNVERIFIED. GDELT recorded a sanctions action (actors: Iran), peak 168 mentions, 625 total across sampled files. Joe must verify the source and code severity/surprise before approval.",3,3,low,http://www.thepublicopinion.com/news/associated_press/national/middle-east/article_3b5e53ac-4338-59de-8653-d3f875cc651b.html,country.iran:location;commodity.brent:affected_market,candidate,gdelt
gdelt_x_sau_20160115,2016-01-15,day,conflict_escalation,GDELT candidate: military clash / attack involving Saudi Arabia (2016-01-15),"AUTO-HARVESTED, UNVERIFIED. GDELT recorded a military clash / attack (actors: Medina), peak 132 mentions, 625 total across sampled files. Joe must verify the source and code severity/surprise before approval.",3,3,low,http://www.proactiveinvestors.com.au/companies/news/66591/war-between-saudi-arabia-and-iran-could-send-oil-prices-to-250--66591.html,country.saudi_arabia:location;commodity.brent:affected_market,candidate,gdelt
gdelt_pak_sau_20260715,2026-07-15,day,conflict_escalation,GDELT candidate: military clash / attack involving Saudi Arabia (2026-07-15),"AUTO-HARVESTED, UNVERIFIED. GDELT recorded a military clash / attack (actors: Pakistan and Saudi Arabia), peak 496 mentions, 620 total across sampled files. Joe must verify the source and code severity/surprise before approval.",3,3,low,http://www.shanghainews.net/news/279188726/us-military-launches-new-wave-of-iran-strikes,country.saudi_arabia:location;commodity.brent:affected_market,candidate,gdelt
gdelt_x_irn_20170715,2017-07-15,day,conflict_escalation,GDELT candidate: military clash / attack involving Iran (2017-07-15),"AUTO-HARVESTED, UNVERIFIED. GDELT recorded a military clash / attack (actors: Iranian), peak 290 mentions, 608 total across sampled files. Joe must verify the source and code severity/surprise before approval.",3,3,low,http://www.scnow.com/news/headlines/article_896715be-b4de-5ee0-8aea-58e2d48776a9.html,country.iran:location;commodity.brent:affected_market,candidate,gdelt
gdelt_x_irq_20180715,2018-07-15,day,sanctions,GDELT candidate: sanctions action involving Iraq (2018-07-15),"AUTO-HARVESTED, UNVERIFIED. GDELT recorded a sanctions action (actors: Opposition Parties and Iraq), peak 380 mentions, 608 total across sampled files. Joe must verify the source and code severity/surprise before approval.",3,3,low,http://news.trust.org/item/20180715072511-ddo6p,country.iraq:location;commodity.brent:affected_market,candidate,gdelt
gdelt_rus_x_20190115,2019-01-15,day,sanctions,GDELT candidate: sanctions action involving Russia (2019-01-15),"AUTO-HARVESTED, UNVERIFIED. GDELT recorded a sanctions action (actors: Russia), peak 81 mentions, 600 total across sampled files. Joe must verify the source and code severity/surprise before approval.",3,3,low,https://www.npr.org/2019/01/14/685192372/activists-say-40-detained-and-2-dead-in-gay-purge-in-chechnya,country.russia:location;commodity.brent:affected_market,candidate,gdelt
gdelt_x_irn_20200715,2020-07-15,day,conflict_escalation,GDELT candidate: military clash / attack involving Iran (2020-07-15),"AUTO-HARVESTED, UNVERIFIED. GDELT recorded a military clash / attack (actors: Military and Iranian), peak 159 mentions, 597 total across sampled files. Joe must verify the source and code severity/surprise before approval.",3,3,low,https://www.israelnationalnews.com/News/News.aspx/283617,country.iran:location;commodity.brent:affected_market,candidate,gdelt
gdelt_x_irn_20190715,2019-07-15,day,sanctions,GDELT candidate: sanctions action involving Iran (2019-07-15),"AUTO-HARVESTED, UNVERIFIED. GDELT recorded a sanctions action (actors: Iranian), peak 389 mentions, 594 total across sampled files. Joe must verify the source and code severity/surprise before approval.",3,3,low,https://www.aa.com.tr/en/americas/turkish-leader-blasts-us-senator-over-cyprus-proposal/1531578,country.iran:location;commodity.brent:affected_market,candidate,gdelt
gdelt_irq_irq_20140715,2014-07-15,day,conflict_escalation,GDELT candidate: military clash / attack involving Iraq / Iraq (2014-07-15),"AUTO-HARVESTED, UNVERIFIED. GDELT recorded a military clash / attack (actors: Iraq and Iraq), peak 128 mentions, 592 total across sampled files. Joe must verify the source and code severity/surprise before approval.",3,3,low,http://www.iraqsun.com/index.php/sid/223813427/scat/c31d0aaa23b24a75,country.iraq:location;country.iraq:location;commodity.brent:affected_market,candidate,gdelt
gdelt_x_rus_20150115,2015-01-15,day,sanctions,GDELT candidate: sanctions action involving Russia (2015-01-15),"AUTO-HARVESTED, UNVERIFIED. GDELT recorded a sanctions action (actors: Russia), peak 100 mentions, 588 total across sampled files. Joe must verify the source and code severity/surprise before approval.",3,3,low,http://www.newstalkzb.co.nz/news/world/battle-for-airport-in-east-ukraine/,country.russia:location;commodity.brent:affected_market,candidate,gdelt
gdelt_sau_x_20190115,2019-01-15,day,conflict_escalation,GDELT candidate: military clash / attack involving Saudi Arabia (2019-01-15),"AUTO-HARVESTED, UNVERIFIED. GDELT recorded a military clash / attack (actors: Saudi Arabia), peak 102 mentions, 587 total across sampled files. Joe must verify the source and code severity/surprise before approval.",3,3,low,https://www.yahoo.com/news/un-says-yemens-warring-parties-refuse-meet-together-223130929.html,country.saudi_arabia:location;commodity.brent:affected_market,candidate,gdelt
gdelt_x_sau_20150715,2015-07-15,day,conflict_escalation,GDELT candidate: military clash / attack involving Saudi Arabia (2015-07-15),"AUTO-HARVESTED, UNVERIFIED. GDELT recorded a military clash / attack (actors: Business and Saudi), peak 150 mentions, 574 total across sampled files. Joe must verify the source and code severity/surprise before approval.",3,3,low,http://www.ngrguardiannews.com/2015/07/loyalists-advance-in-yemens-aden/,country.saudi_arabia:location;commodity.brent:affected_market,candidate,gdelt
gdelt_usa_irn_20190115,2019-01-15,day,sanctions,GDELT candidate: sanctions action involving Iran (2019-01-15),"AUTO-HARVESTED, UNVERIFIED. GDELT recorded a sanctions action (actors: United States and Iran), peak 220 mentions, 570 total across sampled files. Joe must verify the source and code severity/surprise before approval.",3,3,low,https://news.yahoo.com/oil-prices-edge-supply-cuts-weakening-economic-outlook-005722331--finance.html,country.iran:location;commodity.brent:affected_market,candidate,gdelt
gdelt_irn_x_20250115,2025-01-15,day,conflict_escalation,GDELT candidate: military clash / attack involving Iran (2025-01-15),"AUTO-HARVESTED, UNVERIFIED. GDELT recorded a military clash / attack (actors: Iran), peak 164 mentions, 563 total across sampled files. Joe must verify the source and code severity/surprise before approval.",3,3,low,https://www.nbcdfw.com/news/national-international/iran-never-plotted-to-kill-trump-during-campaign-irans-president-tells-nbc-news/3741190/,country.iran:location;commodity.brent:affected_market,candidate,gdelt
gdelt_rus_tjk_20140715,2014-07-15,day,conflict_escalation,GDELT candidate: military clash / attack involving Russia (2014-07-15),"AUTO-HARVESTED, UNVERIFIED. GDELT recorded a military clash / attack (actors: Russian and Tajikistan), peak 502 mentions, 561 total across sampled files. Joe must verify the source and code severity/surprise before approval.",3,3,low,http://www.japantoday.com/category/world/view/rush-hour-moscow-subway-derails-21-dead-136-hurt,country.russia:location;commodity.brent:affected_market,candidate,gdelt
gdelt_sau_x_20220715,2022-07-15,day,conflict_escalation,GDELT candidate: military clash / attack involving Saudi Arabia (2022-07-15),"AUTO-HARVESTED, UNVERIFIED. GDELT recorded a military clash / attack (actors: Saudi), peak 73 mentions, 553 total across sampled files. Joe must verify the source and code severity/surprise before approval.",3,3,low,https://www.timesofisrael.com/full-text-yair-lapid-and-joe-biden-deliver-remarks-answer-questions-in-jerusalem/,country.saudi_arabia:location;commodity.brent:affected_market,candidate,gdelt
gdelt_rus_x_20180115,2018-01-15,day,conflict_escalation,GDELT candidate: military clash / attack involving Russia (2018-01-15),"AUTO-HARVESTED, UNVERIFIED. GDELT recorded a military clash / attack (actors: Russia), peak 126 mentions, 550 total across sampled files. Joe must verify the source and code severity/surprise before approval.",3,3,low,http://www.news.com.au/world/europe/serial-killer-the-werewolf-on-trial-for-59-new-murders/news-story/32c92aa809dee28b66ffd724cd6d7c97,country.russia:location;commodity.brent:affected_market,candidate,gdelt
gdelt_x_rus_20170115,2017-01-15,day,conflict_escalation,GDELT candidate: military clash / attack involving Russia (2017-01-15),"AUTO-HARVESTED, UNVERIFIED. GDELT recorded a military clash / attack (actors: Village and Russian Federation), peak 148 mentions, 547 total across sampled files. Joe must verify the source and code severity/surprise before approval.",3,3,low,http://www.whaleoil.co.nz/tag/unimaginable-suffering-and-extreme-deprivation/,country.russia:location;commodity.brent:affected_market,candidate,gdelt
gdelt_usa_irq_20260715,2026-07-15,day,conflict_escalation,GDELT candidate: military clash / attack involving Iraq (2026-07-15),"AUTO-HARVESTED, UNVERIFIED. GDELT recorded a military clash / attack (actors: United States and Iraq), peak 408 mentions, 539 total across sampled files. Joe must verify the source and code severity/surprise before approval.",3,3,low,https://www.winnipegfreepress.com/world/2026/07/14/us-military-will-be-out-of-iraq-by-end-of-september-iraqi-prime-minister-and-pentagon-say,country.iraq:location;commodity.brent:affected_market,candidate,gdelt
gdelt_x_lby_20220715,2022-07-15,day,conflict_escalation,GDELT candidate: military clash / attack involving Libya (2022-07-15),"AUTO-HARVESTED, UNVERIFIED. GDELT recorded a military clash / attack (actors: Armed Men and Libya), peak 324 mentions, 538 total across sampled files. Joe must verify the source and code severity/surprise before approval.",3,3,low,https://www.sthelensstar.co.uk/news/20283484.lockerbie-bombers-family-deeply-disappointed-supreme-court-decision/,country.libya:location;commodity.brent:affected_market,candidate,gdelt
gdelt_irn_irn_20200115,2020-01-15,day,conflict_escalation,GDELT candidate: military clash / attack involving Iran / Iran (2020-01-15),"AUTO-HARVESTED, UNVERIFIED. GDELT recorded a military clash / attack (actors: Iran and Iran), peak 48 mentions, 529 total across sampled files. Joe must verify the source and code severity/surprise before approval.",3,3,low,https://www.rferl.org/a/iran-s-new-quds-force-leader-has-a-long-history-with-afghanistan/30379354.html,country.iran:location;country.iran:location;commodity.brent:affected_market,candidate,gdelt
gdelt_rus_x_20150115,2015-01-15,day,sanctions,GDELT candidate: sanctions action involving Russia (2015-01-15),"AUTO-HARVESTED, UNVERIFIED. GDELT recorded a sanctions action (actors: Russia), peak 42 mentions, 527 total across sampled files. Joe must verify the source and code severity/surprise before approval.",3,3,low,http://news.yahoo.com/ukrainians-describe-chance-survival-rocket-attack-211225728.html,country.russia:location;commodity.brent:affected_market,candidate,gdelt
gdelt_irq_x_20160708,2016-07-08,day,conflict_escalation,GDELT candidate: military clash / attack involving Iraq (2016-07-08),"AUTO-HARVESTED, UNVERIFIED. GDELT recorded a military clash / attack (actors: Iraqi and Islamic), peak 480 mentions, 525 total across sampled files. Joe must verify the source and code severity/surprise before approval.",3,3,low,http://news.trust.org/item/20160715034831-pshmt,country.iraq:location;commodity.brent:affected_market,candidate,gdelt
gdelt_ukr_rus_20260715,2026-07-15,day,conflict_escalation,GDELT candidate: military clash / attack involving Russia (2026-07-15),"AUTO-HARVESTED, UNVERIFIED. GDELT recorded a military clash / attack (actors: Ukraine and Russia), peak 50 mentions, 524 total across sampled files. Joe must verify the source and code severity/surprise before approval.",3,3,low,https://www.politico.eu/article/russia-attacks-odesa-ursula-von-der-leyen-ukraine-trip/,country.russia:location;commodity.brent:affected_market,candidate,gdelt
gdelt_irn_irn_20170715,2017-07-15,day,conflict_escalation,GDELT candidate: military clash / attack involving Iran / Iran (2017-07-15),"AUTO-HARVESTED, UNVERIFIED. GDELT recorded a military clash / attack (actors: Iran and Iranian), peak 156 mentions, 519 total across sampled files. Joe must verify the source and code severity/surprise before approval.",3,3,low,http://www.dnaindia.com/world/report-iran-police-fatally-shoot-knife-attacker-in-tehran-metro-tv-2502969,country.iran:location;country.iran:location;commodity.brent:affected_market,candidate,gdelt
gdelt_irq_syr_20150115,2015-01-15,day,conflict_escalation,GDELT candidate: military clash / attack involving Iraq (2015-01-15),"AUTO-HARVESTED, UNVERIFIED. GDELT recorded a military clash / attack (actors: Iraq and Syria), peak 222 mentions, 514 total across sampled files. Joe must verify the source and code severity/surprise before approval.",3,3,low,http://www.presstelegram.com/general-news/20150114/ohio-man-accused-of-plotting-to-attack-us-capitol-arrested,country.iraq:location;commodity.brent:affected_market,candidate,gdelt
gdelt_sau_x_20150715,2015-07-15,day,conflict_escalation,GDELT candidate: military clash / attack involving Saudi Arabia (2015-07-15),"AUTO-HARVESTED, UNVERIFIED. GDELT recorded a military clash / attack (actors: Riyadh and Militant), peak 50 mentions, 509 total across sampled files. Joe must verify the source and code severity/surprise before approval.",3,3,low,http://www.almanar.com.lb/english/adetails.php?eid=221329&frid=23&seccatid=31&cid=23&fromval=1,country.saudi_arabia:location;commodity.brent:affected_market,candidate,gdelt
gdelt_rus_rus_20190115,2019-01-15,day,sanctions,GDELT candidate: sanctions action involving Russia / Russia (2019-01-15),"AUTO-HARVESTED, UNVERIFIED. GDELT recorded a sanctions action (actors: Russia and Russian), peak 270 mentions, 504 total across sampled files. Joe must verify the source and code severity/surprise before approval.",3,3,low,https://www.npr.org/2019/01/14/685192372/activists-say-40-detained-and-2-dead-in-gay-purge-in-chechnya,country.russia:location;country.russia:location;commodity.brent:affected_market,candidate,gdelt
gdelt_rus_ukr_20190115,2019-01-15,day,conflict_escalation,GDELT candidate: military clash / attack involving Russia (2019-01-15),"AUTO-HARVESTED, UNVERIFIED. GDELT recorded a military clash / attack (actors: Russian and Ukrainian), peak 246 mentions, 503 total across sampled files. Joe must verify the source and code severity/surprise before approval.",3,3,low,http://www.startribune.com/moscow-courts-extends-arrest-for-ukrainian-seamen/504368192/,country.russia:location;commodity.brent:affected_market,candidate,gdelt
gdelt_sau_x_20170715,2017-07-15,day,sanctions,GDELT candidate: sanctions action involving Saudi Arabia (2017-07-15),"AUTO-HARVESTED, UNVERIFIED. GDELT recorded a sanctions action (actors: Saudi Arabia), peak 93 mentions, 502 total across sampled files. Joe must verify the source and code severity/surprise before approval.",3,3,low,http://www.dailymail.co.uk/wires/afp/article-4698954/Terrorist-suspect-killed-eastern-Saudi-media.html,country.saudi_arabia:location;commodity.brent:affected_market,candidate,gdelt
gdelt_x_irn_20140115,2014-01-15,day,sanctions,GDELT candidate: sanctions action involving Iran (2014-01-15),"AUTO-HARVESTED, UNVERIFIED. GDELT recorded a sanctions action (actors: Iran), peak 150 mentions, 501 total across sampled files. Joe must verify the source and code severity/surprise before approval.",3,3,low,http://www.thepublicopinion.com/news/associated_press/national/middle-east/article_3b5e53ac-4338-59de-8653-d3f875cc651b.html,country.iran:location;commodity.brent:affected_market,candidate,gdelt
gdelt_x_rus_20180115,2018-01-15,day,conflict_escalation,GDELT candidate: military clash / attack involving Russia (2018-01-15),"AUTO-HARVESTED, UNVERIFIED. GDELT recorded a military clash / attack (actors: The International Community and Russia), peak 120 mentions, 494 total across sampled files. Joe must verify the source and code severity/surprise before approval.",3,3,low,http://www.mysanantonio.com/news/crime/article/Gang-raped-at-17-Therapy-at-65-12498284.php,country.russia:location;commodity.brent:affected_market,candidate,gdelt
gdelt_rus_ukr_20150115,2015-01-15,day,sanctions,GDELT candidate: sanctions action involving Russia (2015-01-15),"AUTO-HARVESTED, UNVERIFIED. GDELT recorded a sanctions action (actors: Russia and Ukraine), peak 166 mentions, 493 total across sampled files. Joe must verify the source and code severity/surprise before approval.",3,3,low,http://www.mcdowellnews.com/news/world/ap/ukraine-separatists-claim-victory-in-battle-for-airport/article_f852a65b-59a3-5e95-a8fc-370d3a1e841b.html,country.russia:location;commodity.brent:affected_market,candidate,gdelt
gdelt_fra_irq_20200115,2020-01-15,day,conflict_escalation,GDELT candidate: military clash / attack involving Iraq (2020-01-15),"AUTO-HARVESTED, UNVERIFIED. GDELT recorded a military clash / attack (actors: France and Iraq), peak 208 mentions, 490 total across sampled files. Joe must verify the source and code severity/surprise before approval.",3,3,low,https://www.sandiegouniontribune.com/news/nation-world/story/2020-01-15/a-look-at-europes-mideast-presence-after-irans-warning,country.iraq:location;commodity.brent:affected_market,candidate,gdelt
gdelt_gbr_irn_20200115,2020-01-15,day,conflict_escalation,GDELT candidate: military clash / attack involving Iran (2020-01-15),"AUTO-HARVESTED, UNVERIFIED. GDELT recorded a military clash / attack (actors: United Kingdom and Iranian), peak 90 mentions, 465 total across sampled files. Joe must verify the source and code severity/surprise before approval.",3,3,low,https://www.timesnownews.com/international/article/suspected-israel-strike-kills-3-iran-backed-fighters-in-syria-monitor/540466,country.iran:location;commodity.brent:affected_market,candidate,gdelt
gdelt_ukr_rus_20150715,2015-07-15,day,conflict_escalation,GDELT candidate: military clash / attack involving Russia (2015-07-15),"AUTO-HARVESTED, UNVERIFIED. GDELT recorded a military clash / attack (actors: Ukraine and Russian), peak 84 mentions, 463 total across sampled files. Joe must verify the source and code severity/surprise before approval.",3,3,low,http://www.dailymail.co.uk/wires/reuters/article-3162207/Ukraine-rebels-report-deadliest-fighting-month.html,country.russia:location;commodity.brent:affected_market,candidate,gdelt
gdelt_x_rus_20250115,2025-01-15,day,sanctions,GDELT candidate: sanctions action involving Russia (2025-01-15),"AUTO-HARVESTED, UNVERIFIED. GDELT recorded a sanctions action (actors: Russia), peak 105 mentions, 463 total across sampled files. Joe must verify the source and code severity/surprise before approval.",3,3,low,https://www.spokanepublicradio.org/2025-01-14/the-u-s-has-tried-to-weaken-russias-wartime-economy-are-sanctions-working,country.russia:location;commodity.brent:affected_market,candidate,gdelt
gdelt_usa_irn_20160115,2016-01-15,day,sanctions,GDELT candidate: sanctions action involving Iran (2016-01-15),"AUTO-HARVESTED, UNVERIFIED. GDELT recorded a sanctions action (actors: The Us and Iranian), peak 198 mentions, 459 total across sampled files. Joe must verify the source and code severity/surprise before approval.",3,3,low,http://www.wapt.com/politics/republican-debate-cnns-reality-check-team-inspects-the-claims/37445426,country.iran:location;commodity.brent:affected_market,candidate,gdelt
gdelt_rus_x_20130715,2013-07-15,day,sanctions,GDELT candidate: sanctions action involving Russia (2013-07-15),"AUTO-HARVESTED, UNVERIFIED. GDELT recorded a sanctions action (actors: Russia), peak 29 mentions, 457 total across sampled files. Joe must verify the source and code severity/surprise before approval.",3,3,low,http://www.thanhniennews.com/index/pages/20130713-vietnam-migrants-seized-in-russia-unrelated-to-extremism-embassy.aspx,country.russia:location;commodity.brent:affected_market,candidate,gdelt
gdelt_sau_yem_20150715,2015-07-15,day,conflict_escalation,GDELT candidate: military clash / attack involving Saudi Arabia (2015-07-15),"AUTO-HARVESTED, UNVERIFIED. GDELT recorded a military clash / attack (actors: Saudi Arabia and Yemen), peak 82 mentions, 453 total across sampled files. Joe must verify the source and code severity/surprise before approval.",3,3,low,http://www.todayszaman.com/anasayfa_saudi-backed-forces-seize-aden-airport-in-sudden-advance_393742.html,country.saudi_arabia:location;commodity.brent:affected_market,candidate,gdelt
gdelt_rus_x_20180715,2018-07-15,day,conflict_escalation,GDELT candidate: military clash / attack involving Russia (2018-07-15),"AUTO-HARVESTED, UNVERIFIED. GDELT recorded a military clash / attack (actors: Russia), peak 75 mentions, 452 total across sampled files. Joe must verify the source and code severity/surprise before approval.",3,3,low,http://news.trust.org/item/20180715081915-033tg,country.russia:location;commodity.brent:affected_market,candidate,gdelt
gdelt_ukr_rus_20240715,2024-07-15,day,conflict_escalation,GDELT candidate: military clash / attack involving Russia (2024-07-15),"AUTO-HARVESTED, UNVERIFIED. GDELT recorded a military clash / attack (actors: Ukraine and Russia), peak 32 mentions, 451 total across sampled files. Joe must verify the source and code severity/surprise before approval.",3,3,low,https://www.lockhaven.com/news/local-news/2024/07/shelling-kills-4-in-ukraine-as-a-drone-attack-sparks-fire-at-an-oil-depot-in-russia/,country.russia:location;commodity.brent:affected_market,candidate,gdelt
gdelt_x_irq_20180115,2018-01-15,day,conflict_escalation,GDELT candidate: military clash / attack involving Iraq (2018-01-15),"AUTO-HARVESTED, UNVERIFIED. GDELT recorded a military clash / attack (actors: King and Iraq), peak 80 mentions, 446 total across sampled files. Joe must verify the source and code severity/surprise before approval.",3,3,low,http://my.tvguide.co.uk/channellisting.asp?ch=157&cTime=1/15/2018&thisTime=&thisDay=,country.iraq:location;commodity.brent:affected_market,candidate,gdelt
gdelt_x_irn_20140715,2014-07-15,day,conflict_escalation,GDELT candidate: military clash / attack involving Iran (2014-07-15),"AUTO-HARVESTED, UNVERIFIED. GDELT recorded a military clash / attack (actors: Iran), peak 159 mentions, 445 total across sampled files. Joe must verify the source and code severity/surprise before approval.",3,3,low,http://www.kolotv.com/news/internationalnews/headlines/Two-Killed-in-Fighter-Crash-267263471.html,country.iran:location;commodity.brent:affected_market,candidate,gdelt
gdelt_eur_irn_20160115,2016-01-15,day,sanctions,GDELT candidate: sanctions action involving Iran (2016-01-15),"AUTO-HARVESTED, UNVERIFIED. GDELT recorded a sanctions action (actors: The European Union and Iran), peak 198 mentions, 441 total across sampled files. Joe must verify the source and code severity/surprise before approval.",3,3,low,http://www.wapt.com/politics/republican-debate-cnns-reality-check-team-inspects-the-claims/37445426,country.iran:location;commodity.brent:affected_market,candidate,gdelt
gdelt_lby_x_20200715,2020-07-15,day,conflict_escalation,GDELT candidate: military clash / attack involving Libya (2020-07-15),"AUTO-HARVESTED, UNVERIFIED. GDELT recorded a military clash / attack (actors: Libyan and Army), peak 174 mentions, 437 total across sampled files. Joe must verify the source and code severity/surprise before approval.",3,3,low,https://www.chron.com/news/article/US-military-Russian-mercenaries-planted-land-15409600.php,country.libya:location;commodity.brent:affected_market,candidate,gdelt
gdelt_irn_x_20240115,2024-01-15,day,conflict_escalation,GDELT candidate: military clash / attack involving Iran (2024-01-15),"AUTO-HARVESTED, UNVERIFIED. GDELT recorded a military clash / attack (actors: Iran), peak 50 mentions, 436 total across sampled files. Joe must verify the source and code severity/surprise before approval.",3,3,low,https://gcaptain.com/eagle-bulk-gibraltar-eagle-hit-by-missile-in-gulf-of-aden/,country.iran:location;commodity.brent:affected_market,candidate,gdelt
gdelt_sau_x_20160115,2016-01-15,day,conflict_escalation,GDELT candidate: military clash / attack involving Saudi Arabia (2016-01-15),"AUTO-HARVESTED, UNVERIFIED. GDELT recorded a military clash / attack (actors: Medina), peak 231 mentions, 424 total across sampled files. Joe must verify the source and code severity/surprise before approval.",3,3,low,http://www.wkbw.com/news/us-news-world/power-rangers-actor-arrested-in-stabbing-death-last-year,country.saudi_arabia:location;commodity.brent:affected_market,candidate,gdelt
gdelt_rus_chn_20250715,2025-07-15,day,conflict_escalation,GDELT candidate: military clash / attack involving Russia (2025-07-15),"AUTO-HARVESTED, UNVERIFIED. GDELT recorded a military clash / attack (actors: Russia and China), peak 259 mentions, 424 total across sampled files. Joe must verify the source and code severity/surprise before approval.",3,3,low,https://www.kasu.org/politics/2025-07-15/action-must-follow-trumps-remarkable-shift-on-russia-says-sen-richard-blumenthal,country.russia:location;commodity.brent:affected_market,candidate,gdelt
gdelt_x_lby_20140115,2014-01-15,day,conflict_escalation,GDELT candidate: military clash / attack involving Libya (2014-01-15),"AUTO-HARVESTED, UNVERIFIED. GDELT recorded a military clash / attack (actors: Libya), peak 85 mentions, 423 total across sampled files. Joe must verify the source and code severity/surprise before approval.",3,3,low,http://wtaq.com/news/articles/2014/jan/15/senate-panel-says-attack-on-us-post-in-benghazi-was-preventable/,country.libya:location;commodity.brent:affected_market,candidate,gdelt
gdelt_irn_x_20170115,2017-01-15,day,conflict_escalation,GDELT candidate: military clash / attack involving Iran (2017-01-15),"AUTO-HARVESTED, UNVERIFIED. GDELT recorded a military clash / attack (actors: Iran), peak 246 mentions, 423 total across sampled files. Joe must verify the source and code severity/surprise before approval.",3,3,low,https://financialtribune.com/articles/national/57427/us-envoy-wise-for-trump-to-uphold-jcpoa,country.iran:location;commodity.brent:affected_market,candidate,gdelt
gdelt_ven_x_20170715,2017-07-15,day,conflict_escalation,GDELT candidate: military clash / attack involving Venezuela (2017-07-15),"AUTO-HARVESTED, UNVERIFIED. GDELT recorded a military clash / attack (actors: Venezuela), peak 207 mentions, 423 total across sampled files. Joe must verify the source and code severity/surprise before approval.",3,3,low,http://www.beaumontenterprise.com/news/crime/article/Venezuelan-prosecutor-seeks-conditional-release-11290383.php,country.venezuela:location;commodity.brent:affected_market,candidate,gdelt
gdelt_rus_x_20220115,2022-01-15,day,conflict_escalation,GDELT candidate: military clash / attack involving Russia (2022-01-15),"AUTO-HARVESTED, UNVERIFIED. GDELT recorded a military clash / attack (actors: Russia), peak 73 mentions, 423 total across sampled files. Joe must verify the source and code severity/surprise before approval.",3,3,low,https://keyt.com/news/2022/01/14/us-officials-believe-russia-arrested-hacker-responsible-for-colonial-pipeline-attack/,country.russia:location;commodity.brent:affected_market,candidate,gdelt
gdelt_rus_ukr_20260115,2026-01-15,day,sanctions,GDELT candidate: sanctions action involving Russia (2026-01-15),"AUTO-HARVESTED, UNVERIFIED. GDELT recorded a sanctions action (actors: Russia and Ukraine), peak 91 mentions, 422 total across sampled files. Joe must verify the source and code severity/surprise before approval.",3,3,low,https://www.winnipegfreepress.com/world/2026/01/15/moscow-agrees-with-trump-that-ukraine-is-holding-up-a-peace-deal-the-kremlin-says,country.russia:location;commodity.brent:affected_market,candidate,gdelt
gdelt_usa_irq_20150115,2015-01-15,day,conflict_escalation,GDELT candidate: military clash / attack involving Iraq (2015-01-15),"AUTO-HARVESTED, UNVERIFIED. GDELT recorded a military clash / attack (actors: United States and Iraq), peak 110 mentions, 417 total across sampled files. Joe must verify the source and code severity/surprise before approval.",3,3,low,http://reliefweb.int/report/syrian-arab-republic/eight-more-civilians-killed-2015-anti-strikes-us,country.iraq:location;commodity.brent:affected_market,candidate,gdelt
gdelt_ukr_rus_20150115,2015-01-15,day,sanctions,GDELT candidate: sanctions action involving Russia (2015-01-15),"AUTO-HARVESTED, UNVERIFIED. GDELT recorded a sanctions action (actors: Ukraine and Moscow), peak 166 mentions, 409 total across sampled files. Joe must verify the source and code severity/surprise before approval.",3,3,low,http://www.mcdowellnews.com/news/world/ap/ukraine-separatists-claim-victory-in-battle-for-airport/article_f852a65b-59a3-5e95-a8fc-370d3a1e841b.html,country.russia:location;commodity.brent:affected_market,candidate,gdelt
gdelt_rus_usa_20160715,2016-07-15,day,conflict_escalation,GDELT candidate: military clash / attack involving Russia (2016-07-15),"AUTO-HARVESTED, UNVERIFIED. GDELT recorded a military clash / attack (actors: Russia and American), peak 287 mentions, 406 total across sampled files. Joe must verify the source and code severity/surprise before approval.",3,3,low,http://www.news-sentinel.com/news/us-and-world/Unable-to-stop-Syria-s-war--US-offers-Russia-new-partnership,country.russia:location;commodity.brent:affected_market,candidate,gdelt
gdelt_gbr_rus_20180115,2018-01-15,day,conflict_escalation,GDELT candidate: military clash / attack involving Russia (2018-01-15),"AUTO-HARVESTED, UNVERIFIED. GDELT recorded a military clash / attack (actors: United Kingdom and Russia), peak 167 mentions, 406 total across sampled files. Joe must verify the source and code severity/surprise before approval.",3,3,low,http://www.fox34.com/story/37265802/uk-air-force-scrambles-2-fighters-to-intercept-russian-jets,country.russia:location;commodity.brent:affected_market,candidate,gdelt
gdelt_lby_lby_20150715,2015-07-15,day,conflict_escalation,GDELT candidate: military clash / attack involving Libya / Libya (2015-07-15),"AUTO-HARVESTED, UNVERIFIED. GDELT recorded a military clash / attack (actors: Libyan and Libya), peak 216 mentions, 396 total across sampled files. Joe must verify the source and code severity/surprise before approval.",3,3,low,http://www.kansascity.com/news/nation-world/article27316402.html,country.libya:location;country.libya:location;commodity.brent:affected_market,candidate,gdelt
gdelt_irn_irn_20260715,2026-07-15,day,conflict_escalation,GDELT candidate: military clash / attack involving Iran / Iran (2026-07-15),"AUTO-HARVESTED, UNVERIFIED. GDELT recorded a military clash / attack (actors: Iran and Iranian), peak 89 mentions, 395 total across sampled files. Joe must verify the source and code severity/surprise before approval.",3,3,low,https://www.dailyliberal.com.au/story/9310825/iran-threatens-seaways-as-trump-orders-new-blockade/,country.iran:location;country.iran:location;commodity.brent:affected_market,candidate,gdelt
gdelt_rus_x_20190715,2019-07-15,day,conflict_escalation,GDELT candidate: military clash / attack involving Russia (2019-07-15),"AUTO-HARVESTED, UNVERIFIED. GDELT recorded a military clash / attack (actors: Russia), peak 188 mentions, 392 total across sampled files. Joe must verify the source and code severity/surprise before approval.",3,3,low,https://www.reuters.com/article/us-italy-neonazi-arms-idUSKCN1UA1T0,country.russia:location;commodity.brent:affected_market,candidate,gdelt
gdelt_are_are_20260715,2026-07-15,day,conflict_escalation,GDELT candidate: military clash / attack involving Uae / Uae (2026-07-15),"AUTO-HARVESTED, UNVERIFIED. GDELT recorded a military clash / attack (actors: United Arab Emirates and Emirati), peak 122 mentions, 390 total across sampled files. Joe must verify the source and code severity/surprise before approval.",3,3,low,https://www.bendigoadvertiser.com.au/story/9310825/trump-resumes-iran-blockade-threatens-energy-targets/,country.uae:location;country.uae:location;commodity.brent:affected_market,candidate,gdelt
gdelt_kwt_x_20260715,2026-07-15,day,conflict_escalation,GDELT candidate: military clash / attack involving Kuwait (2026-07-15),"AUTO-HARVESTED, UNVERIFIED. GDELT recorded a military clash / attack (actors: Kuwait), peak 191 mentions, 388 total across sampled files. Joe must verify the source and code severity/surprise before approval.",3,3,low,http://www.newzealandstar.com/news/279187835/iran-irgc-attacks-on-us-military-assets-in-bahrain-kuwait-in-operation-nasr-2,country.kuwait:location;commodity.brent:affected_market,candidate,gdelt
gdelt_x_rus_20230115,2023-01-15,day,conflict_escalation,GDELT candidate: military clash / attack involving Russia (2023-01-15),"AUTO-HARVESTED, UNVERIFIED. GDELT recorded a military clash / attack (actors: Russian), peak 112 mentions, 387 total across sampled files. Joe must verify the source and code severity/surprise before approval.",3,3,low,https://www.fredericknewspost.com/public/ap/uk-to-supply-tanks-russian-missiles-hit-across-ukraine/article_de300ee8-c848-597a-8806-e4cff7220702.html,country.russia:location;commodity.brent:affected_market,candidate,gdelt
gdelt_x_lby_20180115,2018-01-15,day,conflict_escalation,GDELT candidate: military clash / attack involving Libya (2018-01-15),"AUTO-HARVESTED, UNVERIFIED. GDELT recorded a military clash / attack (actors: Libya), peak 125 mentions, 384 total across sampled files. Joe must verify the source and code severity/surprise before approval.",3,3,low,https://www.yahoo.com/news/clashes-kill-9-libyas-main-international-airport-000437867.html,country.libya:location;commodity.brent:affected_market,candidate,gdelt
gdelt_x_lby_20200115,2020-01-15,day,conflict_escalation,GDELT candidate: military clash / attack involving Libya (2020-01-15),"AUTO-HARVESTED, UNVERIFIED. GDELT recorded a military clash / attack (actors: Tripoli), peak 90 mentions, 383 total across sampled files. Joe must verify the source and code severity/surprise before approval.",3,3,low,https://www.chinanationalnews.com/news/263715404/libya-reckless-fighting-endangers-civilians,country.libya:location;commodity.brent:affected_market,candidate,gdelt
gdelt_x_rus_20190715,2019-07-15,day,conflict_escalation,GDELT candidate: military clash / attack involving Russia (2019-07-15),"AUTO-HARVESTED, UNVERIFIED. GDELT recorded a military clash / attack (actors: Media and Russian), peak 116 mentions, 378 total across sampled files. Joe must verify the source and code severity/surprise before approval.",3,3,low,https://www.coldlakesun.com/news/politics/foreign-actors-could-use-artificial-intelligence-to-undermine-democracy-canadian-officials-warn-in-internal-reports/wcm/722f4575-4793-4e2c-9d8e-5198c1edfcfc,country.russia:location;commodity.brent:affected_market,candidate,gdelt
gdelt_irq_usa_20200115,2020-01-15,day,conflict_escalation,GDELT candidate: military clash / attack involving Iraq (2020-01-15),"AUTO-HARVESTED, UNVERIFIED. GDELT recorded a military clash / attack (actors: Iraq and United States), peak 63 mentions, 375 total across sampled files. Joe must verify the source and code severity/surprise before approval.",3,3,low,https://ca.news.yahoo.com/iran-says-made-arrests-over-090935974.html,country.iraq:location;commodity.brent:affected_market,candidate,gdelt
gdelt_irq_syr_20150715,2015-07-15,day,conflict_escalation,GDELT candidate: military clash / attack involving Iraq (2015-07-15),"AUTO-HARVESTED, UNVERIFIED. GDELT recorded a military clash / attack (actors: Iraq and Syria), peak 182 mentions, 373 total across sampled files. Joe must verify the source and code severity/surprise before approval.",3,3,low,https://uk.news.yahoo.com/boko-haram-raids-damasak-another-village-nigerias-borno-123644592.html,country.iraq:location;commodity.brent:affected_market,candidate,gdelt
gdelt_x_rus_20240115,2024-01-15,day,conflict_escalation,GDELT candidate: military clash / attack involving Russia (2024-01-15),"AUTO-HARVESTED, UNVERIFIED. GDELT recorded a military clash / attack (actors: Military and Kursk), peak 60 mentions, 365 total across sampled files. Joe must verify the source and code severity/surprise before approval.",3,3,low,https://www.newzealandstar.com/news/274095479/amid-migrant-influx-finland-seals-russian-border-for-another-month,country.russia:location;commodity.brent:affected_market,candidate,gdelt
gdelt_x_sau_20260715,2026-07-15,day,conflict_escalation,GDELT candidate: military clash / attack involving Saudi Arabia (2026-07-15),"AUTO-HARVESTED, UNVERIFIED. GDELT recorded a military clash / attack (actors: Civilian and Saudi), peak 248 mentions, 365 total across sampled files. Joe must verify the source and code severity/surprise before approval.",3,3,low,http://www.shanghainews.net/news/279188726/us-military-launches-new-wave-of-iran-strikes,country.saudi_arabia:location;commodity.brent:affected_market,candidate,gdelt
gdelt_usa_rus_20250715,2025-07-15,day,conflict_escalation,GDELT candidate: military clash / attack involving Russia (2025-07-15),"AUTO-HARVESTED, UNVERIFIED. GDELT recorded a military clash / attack (actors: The Us and Russian), peak 66 mentions, 360 total across sampled files. Joe must verify the source and code severity/surprise before approval.",3,3,low,http://www.shanghainews.net/news/278445427/russia-doesnt-respond-to-pressure-how-moscow-sees-trumps-ultimatum,country.russia:location;commodity.brent:affected_market,candidate,gdelt
gdelt_isr_irn_20190115,2019-01-15,day,conflict_escalation,GDELT candidate: military clash / attack involving Iran (2019-01-15),"AUTO-HARVESTED, UNVERIFIED. GDELT recorded a military clash / attack (actors: Israeli and Iranian), peak 128 mentions, 358 total across sampled files. Joe must verify the source and code severity/surprise before approval.",3,3,low,https://www.sfgate.com/news/world/article/Israel-s-new-military-chief-takes-office-at-13534218.php,country.iran:location;commodity.brent:affected_market,candidate,gdelt
gdelt_cub_ven_20260115,2026-01-15,day,conflict_escalation,GDELT candidate: military clash / attack involving Venezuela (2026-01-15),"AUTO-HARVESTED, UNVERIFIED. GDELT recorded a military clash / attack (actors: Cuba and Venezuela), peak 180 mentions, 356 total across sampled files. Joe must verify the source and code severity/surprise before approval.",3,3,low,https://www.yahoo.com/news/articles/bodies-32-cuban-officers-killed-132539415.html,country.venezuela:location;commodity.brent:affected_market,candidate,gdelt
gdelt_usa_irn_20260115,2026-01-15,day,conflict_escalation,GDELT candidate: military clash / attack involving Iran (2026-01-15),"AUTO-HARVESTED, UNVERIFIED. GDELT recorded a military clash / attack (actors: United States and Iran), peak 33 mentions, 353 total across sampled files. Joe must verify the source and code severity/surprise before approval.",3,3,low,https://www.ksat.com/news/politics/2026/01/14/trump-claims-killing-of-iran-protesters-has-stopped-even-as-tehran-signals-executions-ahead/,country.iran:location;commodity.brent:affected_market,candidate,gdelt
gdelt_rus_x_20170715,2017-07-15,day,conflict_escalation,GDELT candidate: military clash / attack involving Russia (2017-07-15),"AUTO-HARVESTED, UNVERIFIED. GDELT recorded a military clash / attack (actors: Russian and Business), peak 57 mentions, 348 total across sampled files. Joe must verify the source and code severity/surprise before approval.",3,3,low,http://www.businessinsider.com/trump-jr-email-russian-lawyer-meeting-2016-2017-7,country.russia:location;commodity.brent:affected_market,candidate,gdelt
gdelt_sau_x_20180115,2018-01-15,day,conflict_escalation,GDELT candidate: military clash / attack involving Saudi Arabia (2018-01-15),"AUTO-HARVESTED, UNVERIFIED. GDELT recorded a military clash / attack (actors: Saudi and Rebel), peak 100 mentions, 347 total across sampled files. Joe must verify the source and code severity/surprise before approval.",3,3,low,http://www.deccanchronicle.com/nation/current-affairs/150118/india-equally-involved-in-pakistans-tragedies-says-farooq-abdullah.html,country.saudi_arabia:location;commodity.brent:affected_market,candidate,gdelt
gdelt_usa_sau_20160115,2016-01-15,day,conflict_escalation,GDELT candidate: military clash / attack involving Saudi Arabia (2016-01-15),"AUTO-HARVESTED, UNVERIFIED. GDELT recorded a military clash / attack (actors: Los Angeles and Medina), peak 325 mentions, 346 total across sampled files. Joe must verify the source and code severity/surprise before approval.",3,3,low,http://www.kkoh.com/news/former-power-rangers-actor-charged-with-murder/,country.saudi_arabia:location;commodity.brent:affected_market,candidate,gdelt
gdelt_rus_syr_20160115,2016-01-15,day,conflict_escalation,GDELT candidate: military clash / attack involving Russia (2016-01-15),"AUTO-HARVESTED, UNVERIFIED. GDELT recorded a military clash / attack (actors: Moscow and Syria), peak 42 mentions, 344 total across sampled files. Joe must verify the source and code severity/surprise before approval.",3,3,low,http://www.klfm967.co.uk/news/world-news/1853582/russia-to-focus-on-humanitarian-ops-in-syria/,country.russia:location;commodity.brent:affected_market,candidate,gdelt
gdelt_irn_sau_20260715,2026-07-15,day,conflict_escalation,GDELT candidate: military clash / attack involving Iran / Saudi Arabia (2026-07-15),"AUTO-HARVESTED, UNVERIFIED. GDELT recorded a military clash / attack (actors: Iran and Saudi Arabia), peak 248 mentions, 343 total across sampled files. Joe must verify the source and code severity/surprise before approval.",3,3,low,http://www.shanghainews.net/news/279188726/us-military-launches-new-wave-of-iran-strikes,country.iran:location;country.saudi_arabia:location;commodity.brent:affected_market,candidate,gdelt
gdelt_irq_irq_20180115,2018-01-15,day,conflict_escalation,GDELT candidate: military clash / attack involving Iraq / Iraq (2018-01-15),"AUTO-HARVESTED, UNVERIFIED. GDELT recorded a military clash / attack (actors: Baghdad and Iraq), peak 122 mentions, 340 total across sampled files. Joe must verify the source and code severity/surprise before approval.",3,3,low,http://www.fredericksburg.com/news/news-wire/iraq-s-interior-ministry-back-to-back-suicide-attacks-in/article_4443cff4-6210-59fb-addc-e0b6271926f3.html,country.iraq:location;country.iraq:location;commodity.brent:affected_market,candidate,gdelt
gdelt_aus_irn_20260115,2026-01-15,day,conflict_escalation,GDELT candidate: military clash / attack involving Iran (2026-01-15),"AUTO-HARVESTED, UNVERIFIED. GDELT recorded a military clash / attack (actors: Australia and Iran), peak 272 mentions, 340 total across sampled files. Joe must verify the source and code severity/surprise before approval.",3,3,low,https://www.illawarramercury.com.au/story/9153477/hundreds-outside-iranian-embassy-in-canberra-demand-regime-change/,country.iran:location;commodity.brent:affected_market,candidate,gdelt
gdelt_x_lby_20150715,2015-07-15,day,conflict_escalation,GDELT candidate: military clash / attack involving Libya (2015-07-15),"AUTO-HARVESTED, UNVERIFIED. GDELT recorded a military clash / attack (actors: International Criminal Court and Libya), peak 130 mentions, 339 total across sampled files. Joe must verify the source and code severity/surprise before approval.",3,3,low,http://hosted2.ap.org/CAANR/0260ea4c3e85456b80715585ba3c7b5b/Article_2015-07-15-ML-Libya/id-4cde933fc3b54b9a967781b9f5b6e450,country.libya:location;commodity.brent:affected_market,candidate,gdelt
gdelt_x_rus_20210715,2021-07-15,day,conflict_escalation,GDELT candidate: military clash / attack involving Russia (2021-07-15),"AUTO-HARVESTED, UNVERIFIED. GDELT recorded a military clash / attack (actors: Russia), peak 104 mentions, 338 total across sampled files. Joe must verify the source and code severity/surprise before approval.",3,3,low,https://www.wwno.org/npr-news/2021-07-15/the-u-s-climate-envoy-went-to-moscow-and-talked-about-more-than-climate,country.russia:location;commodity.brent:affected_market,candidate,gdelt
gdelt_irn_usa_20260715,2026-07-15,day,conflict_escalation,GDELT candidate: military clash / attack involving Iran (2026-07-15),"AUTO-HARVESTED, UNVERIFIED. GDELT recorded a military clash / attack (actors: Iranian and American), peak 52 mentions, 337 total across sampled files. Joe must verify the source and code severity/surprise before approval.",3,3,low,https://arynews.tv/iran-guards-say-hormuz-to-remain-closed-till-end-of-us-aggression,country.iran:location;commodity.brent:affected_market,candidate,gdelt
gdelt_gtm_irq_20180715,2018-07-15,day,conflict_escalation,GDELT candidate: military clash / attack involving Iraq (2018-07-15),"AUTO-HARVESTED, UNVERIFIED. GDELT recorded a military clash / attack (actors: Guatemalan and Iraq), peak 148 mentions, 336 total across sampled files. Joe must verify the source and code severity/surprise before approval.",3,3,low,https://www.stamfordadvocate.com/news/politics/article/AP-Explains-Immigrants-in-US-military-throughout-13076736.php,country.iraq:location;commodity.brent:affected_market,candidate,gdelt
gdelt_eur_irn_20150715,2015-07-15,day,sanctions,GDELT candidate: sanctions action involving Iran (2015-07-15),"AUTO-HARVESTED, UNVERIFIED. GDELT recorded a sanctions action (actors: European Union and Iran), peak 225 mentions, 335 total across sampled files. Joe must verify the source and code severity/surprise before approval.",3,3,low,http://www.thecourier.com.au/story/3211901/iran-nuclear-deal-what-is-it-about/,country.iran:location;commodity.brent:affected_market,candidate,gdelt
gdelt_x_rus_20190115,2019-01-15,day,conflict_escalation,GDELT candidate: military clash / attack involving Russia (2019-01-15),"AUTO-HARVESTED, UNVERIFIED. GDELT recorded a military clash / attack (actors: Russia), peak 120 mentions, 335 total across sampled files. Joe must verify the source and code severity/surprise before approval.",3,3,low,https://uk.reuters.com/article/uk-usa-russia-sanctions/u-s-senate-to-take-up-russia-sanctions-measure-tuesday-idUKKCN1P82KU,country.russia:location;commodity.brent:affected_market,candidate,gdelt
gdelt_ven_x_20170115,2017-01-15,day,conflict_escalation,GDELT candidate: military clash / attack involving Venezuela (2017-01-15),"AUTO-HARVESTED, UNVERIFIED. GDELT recorded a military clash / attack (actors: Venezuela and Police), peak 146 mentions, 334 total across sampled files. Joe must verify the source and code severity/surprise before approval.",3,3,low,https://www.msn.com/en-us/news/world/venezuela-forces-take-down-fugitive-group-in-deadly-shootout/ar-AAuJClE,country.venezuela:location;commodity.brent:affected_market,candidate,gdelt
gdelt_ven_x_20200115,2020-01-15,day,conflict_escalation,GDELT candidate: military clash / attack involving Venezuela (2020-01-15),"AUTO-HARVESTED, UNVERIFIED. GDELT recorded a military clash / attack (actors: Venezuela and Parliament), peak 244 mentions, 333 total across sampled files. Joe must verify the source and code severity/surprise before approval.",3,3,low,https://www.thestar.com/news/world/americas/2020/01/15/ap-explains-fight-for-venezuelas-national-assembly-deepens.html,country.venezuela:location;commodity.brent:affected_market,candidate,gdelt
gdelt_are_x_20170115,2017-01-15,day,conflict_escalation,GDELT candidate: military clash / attack involving Uae (2017-01-15),"AUTO-HARVESTED, UNVERIFIED. GDELT recorded a military clash / attack (actors: United Arab Emirates and High Court), peak 90 mentions, 332 total across sampled files. Joe must verify the source and code severity/surprise before approval.",3,3,low,http://www.cnn.com/2017/01/15/world/bahrain-execution/,country.uae:location;commodity.brent:affected_market,candidate,gdelt
gdelt_irq_irq_20180715,2018-07-15,day,conflict_escalation,GDELT candidate: military clash / attack involving Iraq / Iraq (2018-07-15),"AUTO-HARVESTED, UNVERIFIED. GDELT recorded a military clash / attack (actors: Iraq and Basra), peak 80 mentions, 330 total across sampled files. Joe must verify the source and code severity/surprise before approval.",3,3,low,https://af.reuters.com/article/energyOilNews/idAFL8N1UB04X,country.iraq:location;country.iraq:location;commodity.brent:affected_market,candidate,gdelt
gdelt_rus_x_20200715,2020-07-15,day,conflict_escalation,GDELT candidate: military clash / attack involving Russia (2020-07-15),"AUTO-HARVESTED, UNVERIFIED. GDELT recorded a military clash / attack (actors: Russia), peak 70 mentions, 329 total across sampled files. Joe must verify the source and code severity/surprise before approval.",3,3,low,https://www.greekherald.com/news/265777428/dashboard-coronavirus-in-eurasia,country.russia:location;commodity.brent:affected_market,candidate,gdelt
gdelt_usa_rus_20220715,2022-07-15,day,sanctions,GDELT candidate: sanctions action involving Russia (2022-07-15),"AUTO-HARVESTED, UNVERIFIED. GDELT recorded a sanctions action (actors: The Us and Russian), peak 148 mentions, 329 total across sampled files. Joe must verify the source and code severity/surprise before approval.",3,3,low,https://theparisnews.com/ap/national/image_536834fd-966d-5d0f-8f5c-47466ce775f8.html,country.russia:location;commodity.brent:affected_market,candidate,gdelt
gdelt_irn_x_20180115,2018-01-15,day,conflict_escalation,GDELT candidate: military clash / attack involving Iran (2018-01-15),"AUTO-HARVESTED, UNVERIFIED. GDELT recorded a military clash / attack (actors: Iranian and Civilian), peak 74 mentions, 327 total across sampled files. Joe must verify the source and code severity/surprise before approval.",3,3,low,http://www.middle-east-online.com/english/?id=86778,country.iran:location;commodity.brent:affected_market,candidate,gdelt
gdelt_ven_ven_20170615,2017-06-15,day,conflict_escalation,GDELT candidate: military clash / attack involving Venezuela / Venezuela (2017-06-15),"AUTO-HARVESTED, UNVERIFIED. GDELT recorded a military clash / attack (actors: Venezuelan and Venezuela), peak 326 mentions, 326 total across sampled files. Joe must verify the source and code severity/surprise before approval.",3,3,low,http://www.beaumontenterprise.com/news/crime/article/Venezuelan-prosecutor-seeks-conditional-release-11290383.php,country.venezuela:location;country.venezuela:location;commodity.brent:affected_market,candidate,gdelt
gdelt_lby_lby_20220715,2022-07-15,day,conflict_escalation,GDELT candidate: military clash / attack involving Libya / Libya (2022-07-15),"AUTO-HARVESTED, UNVERIFIED. GDELT recorded a military clash / attack (actors: Libyan and Libya), peak 314 mentions, 325 total across sampled files. Joe must verify the source and code severity/surprise before approval.",3,3,low,https://www.sthelensstar.co.uk/news/20283484.lockerbie-bombers-family-deeply-disappointed-supreme-court-decision/,country.libya:location;country.libya:location;commodity.brent:affected_market,candidate,gdelt
gdelt_sau_x_20200115,2020-01-15,day,conflict_escalation,GDELT candidate: military clash / attack involving Saudi Arabia (2020-01-15),"AUTO-HARVESTED, UNVERIFIED. GDELT recorded a military clash / attack (actors: Saudi), peak 99 mentions, 319 total across sampled files. Joe must verify the source and code severity/surprise before approval.",3,3,low,https://www.bbc.co.uk/news/business-51115645,country.saudi_arabia:location;commodity.brent:affected_market,candidate,gdelt
gdelt_x_are_20170115,2017-01-15,day,conflict_escalation,GDELT candidate: military clash / attack involving Uae (2017-01-15),"AUTO-HARVESTED, UNVERIFIED. GDELT recorded a military clash / attack (actors: Terrorist and Emirati), peak 90 mentions, 313 total across sampled files. Joe must verify the source and code severity/surprise before approval.",3,3,low,http://www.cnn.com/2017/01/15/world/bahrain-execution/,country.uae:location;commodity.brent:affected_market,candidate,gdelt
gdelt_irq_afg_20190715,2019-07-15,day,conflict_escalation,GDELT candidate: military clash / attack involving Iraq (2019-07-15),"AUTO-HARVESTED, UNVERIFIED. GDELT recorded a military clash / attack (actors: Iraq and Afghanistan), peak 310 mentions, 312 total across sampled files. Joe must verify the source and code severity/surprise before approval.",3,3,low,http://www.wftw.com/news/green-beret-who-served-in-iraq-and-afghanistan-dies-in-combat-in-afghanistan/,country.iraq:location;commodity.brent:affected_market,candidate,gdelt
gdelt_lby_x_20140115,2014-01-15,day,conflict_escalation,GDELT candidate: military clash / attack involving Libya (2014-01-15),"AUTO-HARVESTED, UNVERIFIED. GDELT recorded a military clash / attack (actors: Benghazi), peak 30 mentions, 308 total across sampled files. Joe must verify the source and code severity/surprise before approval.",3,3,low,http://www.airforcetimes.com/article/20140115/NEWS05/301150016,country.libya:location;commodity.brent:affected_market,candidate,gdelt
gdelt_x_lby_20210115,2021-01-15,day,conflict_escalation,GDELT candidate: military clash / attack involving Libya (2021-01-15),"AUTO-HARVESTED, UNVERIFIED. GDELT recorded a military clash / attack (actors: Libyan), peak 264 mentions, 306 total across sampled files. Joe must verify the source and code severity/surprise before approval.",3,3,low,https://www.messengernewspapers.co.uk/news/national/19014269.appeal-lockerbie-bombers-conviction-fails/,country.libya:location;commodity.brent:affected_market,candidate,gdelt
gdelt_rus_usa_20170115,2017-01-15,day,conflict_escalation,GDELT candidate: military clash / attack involving Russia (2017-01-15),"AUTO-HARVESTED, UNVERIFIED. GDELT recorded a military clash / attack (actors: Russian and United States), peak 130 mentions, 303 total across sampled files. Joe must verify the source and code severity/surprise before approval.",3,3,low,http://www.news.com.au/world/north-america/donald-trump-wont-commit-to-one-china-policy/news-story/c12720c3003a88c6becc1e91f5314cd7,country.russia:location;commodity.brent:affected_market,candidate,gdelt
gdelt_irn_x_20200715,2020-07-15,day,conflict_escalation,GDELT candidate: military clash / attack involving Iran (2020-07-15),"AUTO-HARVESTED, UNVERIFIED. GDELT recorded a military clash / attack (actors: Iranian and Civilian), peak 54 mentions, 300 total across sampled files. Joe must verify the source and code severity/surprise before approval.",3,3,low,https://www.dw.com/en/iran-death-penalty-verdict-for-protesters-sparks-social-media-outrage/a-54186926,country.iran:location;commodity.brent:affected_market,candidate,gdelt
gdelt_irn_x_20230115,2023-01-15,day,conflict_escalation,GDELT candidate: military clash / attack involving Iran (2023-01-15),"AUTO-HARVESTED, UNVERIFIED. GDELT recorded a military clash / attack (actors: Iran and Defense Force), peak 82 mentions, 297 total across sampled files. Joe must verify the source and code severity/surprise before approval.",3,3,low,https://www.cbsnews.com/news/iran-execution-ali-reza-akbari/,country.iran:location;commodity.brent:affected_market,candidate,gdelt
gdelt_x_lby_20150115,2015-01-15,day,conflict_escalation,GDELT candidate: military clash / attack involving Libya (2015-01-15),"AUTO-HARVESTED, UNVERIFIED. GDELT recorded a military clash / attack (actors: Libya), peak 112 mentions, 294 total across sampled files. Joe must verify the source and code severity/surprise before approval.",3,3,low,http://jordantimes.com/libya-warplane-attacked-trawler-carrying-gasoline-to-benghazi,country.libya:location;commodity.brent:affected_market,candidate,gdelt
gdelt_lby_lby_20140715,2014-07-15,day,conflict_escalation,GDELT candidate: military clash / attack involving Libya / Libya (2014-07-15),"AUTO-HARVESTED, UNVERIFIED. GDELT recorded a military clash / attack (actors: Tripoli and Libya), peak 56 mentions, 291 total across sampled files. Joe must verify the source and code severity/surprise before approval.",3,3,low,http://www.zawya.com/story/UPDATE_2Libyan_militia_tighten_control_of_Tripoli_airport_after_battle-TR20140715nL6N0PQ2RFX4/,country.libya:location;country.libya:location;commodity.brent:affected_market,candidate,gdelt
gdelt_irn_x_20190115,2019-01-15,day,sanctions,GDELT candidate: sanctions action involving Iran (2019-01-15),"AUTO-HARVESTED, UNVERIFIED. GDELT recorded a sanctions action (actors: Iran), peak 74 mentions, 289 total across sampled files. Joe must verify the source and code severity/surprise before approval.",3,3,low,https://www.ncnewsonline.com/news/national/iran-tv-killed-in-stampede-at-funeral-for-slain-general/article_ec910269-00d8-5800-a706-0ff577b8fad8.html,country.iran:location;commodity.brent:affected_market,candidate,gdelt
gdelt_irn_are_20260715,2026-07-15,day,conflict_escalation,GDELT candidate: military clash / attack involving Iran / Uae (2026-07-15),"AUTO-HARVESTED, UNVERIFIED. GDELT recorded a military clash / attack (actors: Iran and Dubai), peak 87 mentions, 288 total across sampled files. Joe must verify the source and code severity/surprise before approval.",3,3,low,https://www.orlandosentinel.com/2026/07/15/iran-us-blockade-strikes/,country.iran:location;country.uae:location;commodity.brent:affected_market,candidate,gdelt
gdelt_usa_irn_20140115,2014-01-15,day,sanctions,GDELT candidate: sanctions action involving Iran (2014-01-15),"AUTO-HARVESTED, UNVERIFIED. GDELT recorded a sanctions action (actors: The Us and Iran), peak 71 mentions, 287 total across sampled files. Joe must verify the source and code severity/surprise before approval.",3,3,low,http://www.smh.com.au/world/nsa-uses-radio-waves-to-make-cyber-attacks-20140116-hv8mw.html,country.iran:location;commodity.brent:affected_market,candidate,gdelt
gdelt_rus_syr_20160715,2016-07-15,day,conflict_escalation,GDELT candidate: military clash / attack involving Russia (2016-07-15),"AUTO-HARVESTED, UNVERIFIED. GDELT recorded a military clash / attack (actors: Russia and Syria), peak 51 mentions, 287 total across sampled files. Joe must verify the source and code severity/surprise before approval.",3,3,low,http://hosted.ap.org/dynamic/stories/E/EU_SYRIA_DIPLOMACY?SITE=AP&SECTION=HOME&TEMPLATE=DEFAULT&CTIME=2016-07-15-18-10-59,country.russia:location;commodity.brent:affected_market,candidate,gdelt
gdelt_syr_irq_20160715,2016-07-15,day,conflict_escalation,GDELT candidate: military clash / attack involving Iraq (2016-07-15),"AUTO-HARVESTED, UNVERIFIED. GDELT recorded a military clash / attack (actors: Syria and Iraqi), peak 153 mentions, 285 total across sampled files. Joe must verify the source and code severity/surprise before approval.",3,3,low,http://www.iraqsun.com/index.php/sid/245834165,country.iraq:location;commodity.brent:affected_market,candidate,gdelt
gdelt_irn_usa_20260115,2026-01-15,day,conflict_escalation,GDELT candidate: military clash / attack involving Iran (2026-01-15),"AUTO-HARVESTED, UNVERIFIED. GDELT recorded a military clash / attack (actors: Iran and Pennsylvania), peak 91 mentions, 285 total across sampled files. Joe must verify the source and code severity/surprise before approval.",3,3,low,https://fox17.com/news/nation-world/iran-taunts-president-donald-trump-with-assassination-threat-shares-chilling-image-from-butler-pennsylvania-rally-protester-unrest-death-toll-economy-government-qatar-base-evacuation,country.iran:location;commodity.brent:affected_market,candidate,gdelt
gdelt_sau_x_20170115,2017-01-15,day,conflict_escalation,GDELT candidate: military clash / attack involving Saudi Arabia (2017-01-15),"AUTO-HARVESTED, UNVERIFIED. GDELT recorded a military clash / attack (actors: Riyadh and Shiite), peak 114 mentions, 284 total across sampled files. Joe must verify the source and code severity/surprise before approval.",3,3,low,https://www.euractiv.com/section/global-europe/news/rights-groups-denounce-spains-plan-to-sell-warships-to-saudi-arabia/,country.saudi_arabia:location;commodity.brent:affected_market,candidate,gdelt
gdelt_x_irq_20170715,2017-07-15,day,conflict_escalation,GDELT candidate: military clash / attack involving Iraq (2017-07-15),"AUTO-HARVESTED, UNVERIFIED. GDELT recorded a military clash / attack (actors: Iraq), peak 30 mentions, 283 total across sampled files. Joe must verify the source and code severity/surprise before approval.",3,3,low,http://news.xinhuanet.com/english/2017-07/15/c_136445977.htm,country.iraq:location;commodity.brent:affected_market,candidate,gdelt
gdelt_x_irn_20200108,2020-01-08,day,sanctions,GDELT candidate: sanctions action involving Iran (2020-01-08),"AUTO-HARVESTED, UNVERIFIED. GDELT recorded a sanctions action (actors: Administration and Iran), peak 98 mentions, 281 total across sampled files. Joe must verify the source and code severity/surprise before approval.",3,3,low,https://www.wdrb.com/news/national/the-latest-lebanon-leader-hopes-tensions-won-t-spread-there/article_46ebdff5-65df-5b52-a029-4a791684c3c4.html,country.iran:location;commodity.brent:affected_market,candidate,gdelt
gdelt_sau_x_20200715,2020-07-15,day,conflict_escalation,GDELT candidate: military clash / attack involving Saudi Arabia (2020-07-15),"AUTO-HARVESTED, UNVERIFIED. GDELT recorded a military clash / attack (actors: Riyadh and Civilian), peak 120 mentions, 279 total across sampled files. Joe must verify the source and code severity/surprise before approval.",3,3,low,https://www.swissinfo.ch/eng/air-strikes-kill-civilians-in-yemen-s-al-jawf-province---residents/45905250,country.saudi_arabia:location;commodity.brent:affected_market,candidate,gdelt
gdelt_ven_x_20170615,2017-06-15,day,conflict_escalation,GDELT candidate: military clash / attack involving Venezuela (2017-06-15),"AUTO-HARVESTED, UNVERIFIED. GDELT recorded a military clash / attack (actors: Venezuelan), peak 249 mentions, 276 total across sampled files. Joe must verify the source and code severity/surprise before approval.",3,3,low,http://www.therepublic.com/2017/07/14/lt-venezuela-jailed-american/,country.venezuela:location;commodity.brent:affected_market,candidate,gdelt
gdelt_irn_x_20150115,2015-01-15,day,sanctions,GDELT candidate: sanctions action involving Iran (2015-01-15),"AUTO-HARVESTED, UNVERIFIED. GDELT recorded a sanctions action (actors: Iran), peak 130 mentions, 275 total across sampled files. Joe must verify the source and code severity/surprise before approval.",3,3,low,http://nation.com.pk/snippets/16-Jan-2015/iran-moves-to-combat-online-dating-sites,country.iran:location;commodity.brent:affected_market,candidate,gdelt
gdelt_irn_x_20190715,2019-07-15,day,conflict_escalation,GDELT candidate: military clash / attack involving Iran (2019-07-15),"AUTO-HARVESTED, UNVERIFIED. GDELT recorded a military clash / attack (actors: Iran and Oil Tanker), peak 42 mentions, 265 total across sampled files. Joe must verify the source and code severity/surprise before approval.",3,3,low,http://www.swissinfo.ch/eng/britain-sees--small-window--to-save-nuclear-deal--iran-presses-europe-to-act-/45096734,country.iran:location;commodity.brent:affected_market,candidate,gdelt
gdelt_rus_ukr_20170115,2017-01-15,day,conflict_escalation,GDELT candidate: military clash / attack involving Russia (2017-01-15),"AUTO-HARVESTED, UNVERIFIED. GDELT recorded a military clash / attack (actors: Russia and Crimea), peak 128 mentions, 263 total across sampled files. Joe must verify the source and code severity/surprise before approval.",3,3,low,http://www.dailymail.co.uk/wires/ap/article-4122080/Russia-US-ties-hard-mend-interests-differ-sharply.html,country.russia:location;commodity.brent:affected_market,candidate,gdelt
gdelt_usa_rus_20140715,2014-07-15,day,sanctions,GDELT candidate: sanctions action involving Russia (2014-07-15),"AUTO-HARVESTED, UNVERIFIED. GDELT recorded a sanctions action (actors: Boston and Russia), peak 46 mentions, 261 total across sampled files. Joe must verify the source and code severity/surprise before approval.",3,3,low,http://www.ndtv.com/article/world/eu-may-impose-new-ukraine-sanctions-will-fall-short-of-us-wishes-559305,country.russia:location;commodity.brent:affected_market,candidate,gdelt
gdelt_syr_irq_20160115,2016-01-15,day,conflict_escalation,GDELT candidate: military clash / attack involving Iraq (2016-01-15),"AUTO-HARVESTED, UNVERIFIED. GDELT recorded a military clash / attack (actors: Syria and Iraq), peak 32 mentions, 261 total across sampled files. Joe must verify the source and code severity/surprise before approval.",3,3,low,http://humanitariannews.org/20160115/syrian-arab-republic-eight-more-civilians-killed-2015-anti-strikes-us,country.iraq:location;commodity.brent:affected_market,candidate,gdelt
gdelt_x_rus_20220715,2022-07-15,day,conflict_escalation,GDELT candidate: military clash / attack involving Russia (2022-07-15),"AUTO-HARVESTED, UNVERIFIED. GDELT recorded a military clash / attack (actors: Chechen and Russian), peak 35 mentions, 261 total across sampled files. Joe must verify the source and code severity/surprise before approval.",3,3,low,https://www.rferl.org/a/russia-activist-artwork-women-bodies-pornography/31944991.html,country.russia:location;commodity.brent:affected_market,candidate,gdelt
gdelt_x_kwt_20170115,2017-01-15,day,conflict_escalation,GDELT candidate: military clash / attack involving Kuwait (2017-01-15),"AUTO-HARVESTED, UNVERIFIED. GDELT recorded a military clash / attack (actors: United Nations and Kuwaiti), peak 240 mentions, 260 total across sampled files. Joe must verify the source and code severity/surprise before approval.",3,3,low,http://www.pe.com/articles/died-823209-army-serving.html,country.kuwait:location;commodity.brent:affected_market,candidate,gdelt
gdelt_rus_x_20210715,2021-07-15,day,conflict_escalation,GDELT candidate: military clash / attack involving Russia (2021-07-15),"AUTO-HARVESTED, UNVERIFIED. GDELT recorded a military clash / attack (actors: Russia and Company), peak 40 mentions, 259 total across sampled files. Joe must verify the source and code severity/surprise before approval.",3,3,low,https://www.rbth.com/history/334006-executioners-russia,country.russia:location;commodity.brent:affected_market,candidate,gdelt
gdelt_usa_irq_20200715,2020-07-15,day,conflict_escalation,GDELT candidate: military clash / attack involving Iraq (2020-07-15),"AUTO-HARVESTED, UNVERIFIED. GDELT recorded a military clash / attack (actors: United States and Iraq), peak 116 mentions, 258 total across sampled files. Joe must verify the source and code severity/surprise before approval.",3,3,low,https://www.wmra.org/post/senator-lifts-hold-military-promotions-after-assurances-impeachment-witness,country.iraq:location;commodity.brent:affected_market,candidate,gdelt
gdelt_x_irn_20220115,2022-01-15,day,sanctions,GDELT candidate: sanctions action involving Iran (2022-01-15),"AUTO-HARVESTED, UNVERIFIED. GDELT recorded a sanctions action (actors: United Nations and Iran), peak 60 mentions, 258 total across sampled files. Joe must verify the source and code severity/surprise before approval.",3,3,low,https://www.jpost.com/middle-east/iran-news/article-728560,country.iran:location;commodity.brent:affected_market,candidate,gdelt
gdelt_lby_x_20150715,2015-07-15,day,conflict_escalation,GDELT candidate: military clash / attack involving Libya (2015-07-15),"AUTO-HARVESTED, UNVERIFIED. GDELT recorded a military clash / attack (actors: Libya), peak 102 mentions, 257 total across sampled files. Joe must verify the source and code severity/surprise before approval.",3,3,low,https://uk.news.yahoo.com/libya-blames-u-n-council-hampering-bid-fight-161632791.html,country.libya:location;commodity.brent:affected_market,candidate,gdelt
gdelt_irq_usa_20150115,2015-01-15,day,conflict_escalation,GDELT candidate: military clash / attack involving Iraq (2015-01-15),"AUTO-HARVESTED, UNVERIFIED. GDELT recorded a military clash / attack (actors: Iraq and United States), peak 80 mentions, 255 total across sampled files. Joe must verify the source and code severity/surprise before approval.",3,3,low,http://www.almanar.com.lb/english/adetails.php?fromval=1&cid=23&frid=23&eid=190683&c=kU826Iz9I_5nfcgnyTFutJOaaRhnYFxxZG0MnNIwyDg&mkt=en-us,country.iraq:location;commodity.brent:affected_market,candidate,gdelt
gdelt_lby_x_20160715,2016-07-15,day,conflict_escalation,GDELT candidate: military clash / attack involving Libya (2016-07-15),"AUTO-HARVESTED, UNVERIFIED. GDELT recorded a military clash / attack (actors: Libyan and Presidential Palace), peak 62 mentions, 255 total across sampled files. Joe must verify the source and code severity/surprise before approval.",3,3,low,http://news.iafrica.com/worldnews/1031705.html,country.libya:location;commodity.brent:affected_market,candidate,gdelt
gdelt_ukr_rus_20170115,2017-01-15,day,sanctions,GDELT candidate: sanctions action involving Russia (2017-01-15),"AUTO-HARVESTED, UNVERIFIED. GDELT recorded a sanctions action (actors: Crimea and Russia), peak 128 mentions, 254 total across sampled files. Joe must verify the source and code severity/surprise before approval.",3,3,low,http://www.dailymail.co.uk/wires/ap/article-4122080/Russia-US-ties-hard-mend-interests-differ-sharply.html,country.russia:location;commodity.brent:affected_market,candidate,gdelt
gdelt_x_rus_20170715,2017-07-15,day,sanctions,GDELT candidate: sanctions action involving Russia (2017-07-15),"AUTO-HARVESTED, UNVERIFIED. GDELT recorded a sanctions action (actors: Russia), peak 52 mentions, 252 total across sampled files. Joe must verify the source and code severity/surprise before approval.",3,3,low,http://www.leaderpost.com/news/world/russian+american+lobbyist+present+trump+meeting+with+kremlin/13716309/story.html,country.russia:location;commodity.brent:affected_market,candidate,gdelt
gdelt_jpn_irn_20150715,2015-07-15,day,sanctions,GDELT candidate: sanctions action involving Iran (2015-07-15),"AUTO-HARVESTED, UNVERIFIED. GDELT recorded a sanctions action (actors: Japan and Iran), peak 178 mentions, 250 total across sampled files. Joe must verify the source and code severity/surprise before approval.",3,3,low,http://www.business-standard.com/article/pti-stories/india-japan-paid-economic-price-for-sanctions-on-iran-rice-115071500442_1.html,country.iran:location;commodity.brent:affected_market,candidate,gdelt
gdelt_ven_usa_20260115,2026-01-15,day,conflict_escalation,GDELT candidate: military clash / attack involving Venezuela (2026-01-15),"AUTO-HARVESTED, UNVERIFIED. GDELT recorded a military clash / attack (actors: Venezuela and United States), peak 34 mentions, 248 total across sampled files. Joe must verify the source and code severity/surprise before approval.",3,3,low,https://timesofindia.indiatimes.com/world/us/illegal-alien-another-immigration-shooting-in-minneapolis-ice-agent-shoots-venezuelan-man/articleshow/126539006.cms,country.venezuela:location;commodity.brent:affected_market,candidate,gdelt
gdelt_sau_x_20150115,2015-01-15,day,conflict_escalation,GDELT candidate: military clash / attack involving Saudi Arabia (2015-01-15),"AUTO-HARVESTED, UNVERIFIED. GDELT recorded a military clash / attack (actors: Saudi Arabia), peak 60 mentions, 246 total across sampled files. Joe must verify the source and code severity/surprise before approval.",3,3,low,http://theweek.com/speedreads/533890/isis-starting-tv-channel,country.saudi_arabia:location;commodity.brent:affected_market,candidate,gdelt
gdelt_x_rus_20130715,2013-07-15,day,conflict_escalation,GDELT candidate: military clash / attack involving Russia (2013-07-15),"AUTO-HARVESTED, UNVERIFIED. GDELT recorded a military clash / attack (actors: Moscow), peak 30 mentions, 245 total across sampled files. Joe must verify the source and code severity/surprise before approval.",3,3,low,http://english.ruvr.ru/news/2013_07_15/228037521/,country.russia:location;commodity.brent:affected_market,candidate,gdelt
gdelt_isr_irn_20200115,2020-01-15,day,conflict_escalation,GDELT candidate: military clash / attack involving Iran (2020-01-15),"AUTO-HARVESTED, UNVERIFIED. GDELT recorded a military clash / attack (actors: Israel and Iranian), peak 92 mentions, 245 total across sampled files. Joe must verify the source and code severity/surprise before approval.",3,3,low,http://www.jordantimes.com/opinion/osama-al-sharif/us-lack-strategy-has-been-boon-putin-region,country.iran:location;commodity.brent:affected_market,candidate,gdelt
gdelt_usa_rus_20180715,2018-07-15,day,conflict_escalation,GDELT candidate: military clash / attack involving Russia (2018-07-15),"AUTO-HARVESTED, UNVERIFIED. GDELT recorded a military clash / attack (actors: United States and Russia), peak 158 mentions, 243 total across sampled files. Joe must verify the source and code severity/surprise before approval.",3,3,low,http://www.wmac-am.com/news/12-russians-indicted-in-mueller-investigation-8/,country.russia:location;commodity.brent:affected_market,candidate,gdelt
gdelt_usa_irn_20260708,2026-07-08,day,conflict_escalation,GDELT candidate: military clash / attack involving Iran (2026-07-08),"AUTO-HARVESTED, UNVERIFIED. GDELT recorded a military clash / attack (actors: United States and Iran), peak 180 mentions, 242 total across sampled files. Joe must verify the source and code severity/surprise before approval.",3,3,low,https://www.dailyadvertiser.com.au/story/9311609/us-launches-strikes-as-iran-warns-of-existential-war/,country.iran:location;commodity.brent:affected_market,candidate,gdelt
gdelt_x_irn_20150115,2015-01-15,day,sanctions,GDELT candidate: sanctions action involving Iran (2015-01-15),"AUTO-HARVESTED, UNVERIFIED. GDELT recorded a sanctions action (actors: Iran), peak 60 mentions, 241 total across sampled files. Joe must verify the source and code severity/surprise before approval.",3,3,low,http://www.msn.com/en-us/money/markets/america-is-open-for-business-in-iraq-psst-wanna-buy-an-m1-tank/ar-AA8cr6s,country.iran:location;commodity.brent:affected_market,candidate,gdelt
gdelt_x_irn_20160715,2016-07-15,day,sanctions,GDELT candidate: sanctions action involving Iran (2016-07-15),"AUTO-HARVESTED, UNVERIFIED. GDELT recorded a sanctions action (actors: Iran), peak 175 mentions, 238 total across sampled files. Joe must verify the source and code severity/surprise before approval.",3,3,low,http://www.newcanaannewsonline.com/news/politics/article/Congress-leaves-Washington-its-dysfunction-on-8378588.php,country.iran:location;commodity.brent:affected_market,candidate,gdelt
gdelt_usa_rus_20180115,2018-01-15,day,conflict_escalation,GDELT candidate: military clash / attack involving Russia (2018-01-15),"AUTO-HARVESTED, UNVERIFIED. GDELT recorded a military clash / attack (actors: United States and Russia), peak 26 mentions, 238 total across sampled files. Joe must verify the source and code severity/surprise before approval.",3,3,low,http://www.kyma.com/news/politics/flake-expected-to-deliver-floor-speech-condemning-trumps-attacks-on-media/685728365,country.russia:location;commodity.brent:affected_market,candidate,gdelt
gdelt_irq_x_20230715,2023-07-15,day,conflict_escalation,GDELT candidate: military clash / attack involving Iraq (2023-07-15),"AUTO-HARVESTED, UNVERIFIED. GDELT recorded a military clash / attack (actors: Iraq), peak 208 mentions, 233 total across sampled files. Joe must verify the source and code severity/surprise before approval.",3,3,low,https://www.voanews.com/a/is-recruiter-sentenced-in-new-york-court-to-life-in-prison-/7181916.html,country.iraq:location;commodity.brent:affected_market,candidate,gdelt
gdelt_irq_gtm_20180715,2018-07-15,day,conflict_escalation,GDELT candidate: military clash / attack involving Iraq (2018-07-15),"AUTO-HARVESTED, UNVERIFIED. GDELT recorded a military clash / attack (actors: Iraq and Guatemalan), peak 174 mentions, 232 total across sampled files. Joe must verify the source and code severity/surprise before approval.",3,3,low,https://www.stamfordadvocate.com/news/politics/article/AP-Explains-Immigrants-in-US-military-throughout-13076736.php,country.iraq:location;commodity.brent:affected_market,candidate,gdelt
gdelt_lby_x_20150115,2015-01-15,day,conflict_escalation,GDELT candidate: military clash / attack involving Libya (2015-01-15),"AUTO-HARVESTED, UNVERIFIED. GDELT recorded a military clash / attack (actors: Libya), peak 100 mentions, 231 total across sampled files. Joe must verify the source and code severity/surprise before approval.",3,3,low,http://www.worldbulletin.net/world/153045/libya-warplane-attacked-trawler-carrying-gasoline-to-benghazi,country.libya:location;commodity.brent:affected_market,candidate,gdelt
gdelt_x_lby_20160115,2016-01-15,day,conflict_escalation,GDELT candidate: military clash / attack involving Libya (2016-01-15),"AUTO-HARVESTED, UNVERIFIED. GDELT recorded a military clash / attack (actors: Libya), peak 48 mentions, 229 total across sampled files. Joe must verify the source and code severity/surprise before approval.",3,3,low,http://marblehead.wickedlocal.com/article/20160115/NEWS/160117121,country.libya:location;commodity.brent:affected_market,candidate,gdelt
gdelt_rus_rus_20140715,2014-07-15,day,conflict_escalation,GDELT candidate: military clash / attack involving Russia / Russia (2014-07-15),"AUTO-HARVESTED, UNVERIFIED. GDELT recorded a military clash / attack (actors: Russian and Russia), peak 84 mentions, 228 total across sampled files. Joe must verify the source and code severity/surprise before approval.",3,3,low,http://tbo.com/ap/world/airstrike-in-eastern-ukraine-kills--civilians-ap_world82419be2cd534d4383aa63ef67c66d0b,country.russia:location;country.russia:location;commodity.brent:affected_market,candidate,gdelt
gdelt_x_irn_20180715,2018-07-15,day,conflict_escalation,GDELT candidate: military clash / attack involving Iran (2018-07-15),"AUTO-HARVESTED, UNVERIFIED. GDELT recorded a military clash / attack (actors: Terrorist and Iran), peak 120 mentions, 227 total across sampled files. Joe must verify the source and code severity/surprise before approval.",3,3,low,http://www.dailymail.co.uk/wires/afp/article-5955797/Dozens-wounded-south-Iraq-protesters-clash-police.html,country.iran:location;commodity.brent:affected_market,candidate,gdelt
gdelt_rus_egy_20160115,2016-01-15,day,conflict_escalation,GDELT candidate: military clash / attack involving Russia (2016-01-15),"AUTO-HARVESTED, UNVERIFIED. GDELT recorded a military clash / attack (actors: Russian and Egypt), peak 155 mentions, 226 total across sampled files. Joe must verify the source and code severity/surprise before approval.",3,3,low,http://www.sandiegouniontribune.com/news/2016/jan/14/egypt-unveils-rare-whale-fossil-museum-to-boost/,country.russia:location;commodity.brent:affected_market,candidate,gdelt
gdelt_irq_irq_20160115,2016-01-15,day,conflict_escalation,GDELT candidate: military clash / attack involving Iraq / Iraq (2016-01-15),"AUTO-HARVESTED, UNVERIFIED. GDELT recorded a military clash / attack (actors: Iraq and Iraq), peak 112 mentions, 226 total across sampled files. Joe must verify the source and code severity/surprise before approval.",3,3,low,http://news.yahoo.com/iraqs-top-shiite-cleric-condemns-diyala-violence-123738480.html,country.iraq:location;country.iraq:location;commodity.brent:affected_market,candidate,gdelt
gdelt_x_sau_20170715,2017-07-15,day,sanctions,GDELT candidate: sanctions action involving Saudi Arabia (2017-07-15),"AUTO-HARVESTED, UNVERIFIED. GDELT recorded a sanctions action (actors: Senate and Saudi Arabia), peak 30 mentions, 225 total across sampled files. Joe must verify the source and code severity/surprise before approval.",3,3,low,http://presstv.ir/Detail/2017/07/15/528526/US-UK-Saudi-Reprieve-execution,country.saudi_arabia:location;commodity.brent:affected_market,candidate,gdelt
gdelt_rus_syr_20200115,2020-01-15,day,conflict_escalation,GDELT candidate: military clash / attack involving Russia (2020-01-15),"AUTO-HARVESTED, UNVERIFIED. GDELT recorded a military clash / attack (actors: Russian and Syria), peak 72 mentions, 225 total across sampled files. Joe must verify the source and code severity/surprise before approval.",3,3,low,https://www.msn.com/en-us/news/world/how-putin-was-thrown-off-course-by-a-furious-libyan-general/ar-BBYXQ3W,country.russia:location;commodity.brent:affected_market,candidate,gdelt
gdelt_syr_irq_20150115,2015-01-15,day,conflict_escalation,GDELT candidate: military clash / attack involving Iraq (2015-01-15),"AUTO-HARVESTED, UNVERIFIED. GDELT recorded a military clash / attack (actors: Syria and Iraq), peak 40 mentions, 224 total across sampled files. Joe must verify the source and code severity/surprise before approval.",3,3,low,http://in.reuters.com/article/2015/01/15/mideast-crisis-airstrikes-idINKBN0KO1B520150115,country.iraq:location;commodity.brent:affected_market,candidate,gdelt
gdelt_x_rus_20180715,2018-07-15,day,conflict_escalation,GDELT candidate: military clash / attack involving Russia (2018-07-15),"AUTO-HARVESTED, UNVERIFIED. GDELT recorded a military clash / attack (actors: Top Executive and Russian), peak 107 mentions, 224 total across sampled files. Joe must verify the source and code severity/surprise before approval.",3,3,low,https://www.upi.com/British-police-find-small-bottle-of-Novichok-in-victims-home/7201531589771/,country.russia:location;commodity.brent:affected_market,candidate,gdelt
gdelt_irn_x_20210115,2021-01-15,day,sanctions,GDELT candidate: sanctions action involving Iran (2021-01-15),"AUTO-HARVESTED, UNVERIFIED. GDELT recorded a sanctions action (actors: Iran), peak 65 mentions, 224 total across sampled files. Joe must verify the source and code severity/surprise before approval.",3,3,low,https://www.liberationnews.org/pompeos-iran-al-qaeda-delusion/,country.iran:location;commodity.brent:affected_market,candidate,gdelt
gdelt_irq_irq_20200115,2020-01-15,day,conflict_escalation,GDELT candidate: military clash / attack involving Iraq / Iraq (2020-01-15),"AUTO-HARVESTED, UNVERIFIED. GDELT recorded a military clash / attack (actors: Iraq and Baghdad), peak 30 mentions, 222 total across sampled files. Joe must verify the source and code severity/surprise before approval.",3,3,low,https://www.newsnation.in/world/news/iraq-rockets-hit-iraq-airbase-hosting-us-forces-250867.html,country.iraq:location;country.iraq:location;commodity.brent:affected_market,candidate,gdelt
gdelt_x_rus_20200715,2020-07-15,day,conflict_escalation,GDELT candidate: military clash / attack involving Russia (2020-07-15),"AUTO-HARVESTED, UNVERIFIED. GDELT recorded a military clash / attack (actors: Government and Russia), peak 37 mentions, 222 total across sampled files. Joe must verify the source and code severity/surprise before approval.",3,3,low,https://www.msn.com/en-us/news/world/challenging-germany-us-opens-way-for-sanctions-on-russia-pipeline/ar-BB16MY4e,country.russia:location;commodity.brent:affected_market,candidate,gdelt
gdelt_gbr_irn_20150715,2015-07-15,day,sanctions,GDELT candidate: sanctions action involving Iran (2015-07-15),"AUTO-HARVESTED, UNVERIFIED. GDELT recorded a sanctions action (actors: United Kingdom and Tehran), peak 84 mentions, 220 total across sampled files. Joe must verify the source and code severity/surprise before approval.",3,3,low,http://www.i24news.tv/en/news/international/78500-150715-uk-s-hammond-says-israel-wants-permanent-stand-off-with-iran,country.iran:location;commodity.brent:affected_market,candidate,gdelt
gdelt_rus_ukr_20250108,2025-01-08,day,sanctions,GDELT candidate: sanctions action involving Russia (2025-01-08),"AUTO-HARVESTED, UNVERIFIED. GDELT recorded a sanctions action (actors: Russian and Ukraine), peak 176 mentions, 220 total across sampled files. Joe must verify the source and code severity/surprise before approval.",3,3,low,https://www.yahoo.com/news/us-steps-russia-sanctions-placing-153059536.html,country.russia:location;commodity.brent:affected_market,candidate,gdelt
gdelt_irq_irq_20140115,2014-01-15,day,conflict_escalation,GDELT candidate: military clash / attack involving Iraq / Iraq (2014-01-15),"AUTO-HARVESTED, UNVERIFIED. GDELT recorded a military clash / attack (actors: Baghdad and Iraqi), peak 72 mentions, 219 total across sampled files. Joe must verify the source and code severity/surprise before approval.",3,3,low,http://kdvr.com/2014/01/15/49-killed-in-latest-wave-of-iraq-attacks/,country.iraq:location;country.iraq:location;commodity.brent:affected_market,candidate,gdelt
gdelt_sau_usa_20180115,2018-01-15,day,conflict_escalation,GDELT candidate: military clash / attack involving Saudi Arabia (2018-01-15),"AUTO-HARVESTED, UNVERIFIED. GDELT recorded a military clash / attack (actors: Medina and Ohio), peak 216 mentions, 216 total across sampled files. Joe must verify the source and code severity/surprise before approval.",3,3,low,https://www.khits.com/news/national/bride-to-be-claims-medina-photographer-fat-shamed-her-and-fiance,country.saudi_arabia:location;commodity.brent:affected_market,candidate,gdelt
gdelt_irn_isr_20250715,2025-07-15,day,conflict_escalation,GDELT candidate: military clash / attack involving Iran (2025-07-15),"AUTO-HARVESTED, UNVERIFIED. GDELT recorded a military clash / attack (actors: Iran and Israel), peak 48 mentions, 216 total across sampled files. Joe must verify the source and code severity/surprise before approval.",3,3,low,http://www.bignewsnetwork.com/news/278445239/iran-says-open-to-negotiations-provided-us-respects-its-red-lines,country.iran:location;commodity.brent:affected_market,candidate,gdelt
gdelt_sau_yem_20170115,2017-01-15,day,conflict_escalation,GDELT candidate: military clash / attack involving Saudi Arabia (2017-01-15),"AUTO-HARVESTED, UNVERIFIED. GDELT recorded a military clash / attack (actors: Saudi and Yemeni), peak 38 mentions, 215 total across sampled files. Joe must verify the source and code severity/surprise before approval.",3,3,low,http://presstv.com/Detail/2017/01/15/506272/Yemen-Saudi-Arabia-Jawf-Army-Ansarullah-Najran,country.saudi_arabia:location;commodity.brent:affected_market,candidate,gdelt
gdelt_irn_x_20250715,2025-07-15,day,conflict_escalation,GDELT candidate: military clash / attack involving Iran (2025-07-15),"AUTO-HARVESTED, UNVERIFIED. GDELT recorded a military clash / attack (actors: Iran and Military), peak 54 mentions, 215 total across sampled files. Joe must verify the source and code severity/surprise before approval.",3,3,low,https://www.arabnews.com/node/2608139/middle-east,country.iran:location;commodity.brent:affected_market,candidate,gdelt
gdelt_x_irn_20250715,2025-07-15,day,conflict_escalation,GDELT candidate: military clash / attack involving Iran (2025-07-15),"AUTO-HARVESTED, UNVERIFIED. GDELT recorded a military clash / attack (actors: Iranian), peak 30 mentions, 213 total across sampled files. Joe must verify the source and code severity/surprise before approval.",3,3,low,https://santamariatimes.com/opinion/editorial/now-is-the-moment-to-capitalize-for-a-safer-middle-east-guest-editorial/article_d4ab539d-6ef2-4b13-921a-87f0f61634f2.html,country.iran:location;commodity.brent:affected_market,candidate,gdelt
gdelt_irn_x_20220115,2022-01-15,day,conflict_escalation,GDELT candidate: military clash / attack involving Iran (2022-01-15),"AUTO-HARVESTED, UNVERIFIED. GDELT recorded a military clash / attack (actors: Iran), peak 50 mentions, 211 total across sampled files. Joe must verify the source and code severity/surprise before approval.",3,3,low,https://www.jpost.com/middle-east/iran-news/article-692595,country.iran:location;commodity.brent:affected_market,candidate,gdelt
gdelt_irn_usa_20200108,2020-01-08,day,conflict_escalation,GDELT candidate: military clash / attack involving Iran (2020-01-08),"AUTO-HARVESTED, UNVERIFIED. GDELT recorded a military clash / attack (actors: Iranian and United States), peak 198 mentions, 210 total across sampled files. Joe must verify the source and code severity/surprise before approval.",3,3,low,https://www.ibtimes.com/irans-rouhani-urges-unity-after-plane-protests-2902926,country.iran:location;commodity.brent:affected_market,candidate,gdelt
gdelt_irn_x_20210715,2021-07-15,day,sanctions,GDELT candidate: sanctions action involving Iran (2021-07-15),"AUTO-HARVESTED, UNVERIFIED. GDELT recorded a sanctions action (actors: Iran), peak 70 mentions, 210 total across sampled files. Joe must verify the source and code severity/surprise before approval.",3,3,low,http://www.xinhuanet.com/english/2021-07/15/c_1310063312.htm,country.iran:location;commodity.brent:affected_market,candidate,gdelt
gdelt_isr_irn_20150715,2015-07-15,day,conflict_escalation,GDELT candidate: military clash / attack involving Iran (2015-07-15),"AUTO-HARVESTED, UNVERIFIED. GDELT recorded a military clash / attack (actors: Israel and Iran), peak 36 mentions, 209 total across sampled files. Joe must verify the source and code severity/surprise before approval.",3,3,low,http://www.aol.com/article/2015/07/14/embattled-israeli-leader-faces-tough-task-fighting-nuke-deal/21209325/,country.iran:location;commodity.brent:affected_market,candidate,gdelt
gdelt_yem_irn_20150715,2015-07-15,day,conflict_escalation,GDELT candidate: military clash / attack involving Iran (2015-07-15),"AUTO-HARVESTED, UNVERIFIED. GDELT recorded a military clash / attack (actors: Yemen and Iran), peak 63 mentions, 209 total across sampled files. Joe must verify the source and code severity/surprise before approval.",3,3,low,http://www.ngrguardiannews.com/2015/07/loyalists-advance-in-yemens-aden/,country.iran:location;commodity.brent:affected_market,candidate,gdelt
gdelt_x_rus_20240715,2024-07-15,day,conflict_escalation,GDELT candidate: military clash / attack involving Russia (2024-07-15),"AUTO-HARVESTED, UNVERIFIED. GDELT recorded a military clash / attack (actors: Infantry and Russian), peak 28 mentions, 209 total across sampled files. Joe must verify the source and code severity/surprise before approval.",3,3,low,https://dailytrust.com/tinubu-other-world-leaders-react-to-trump-rally-shooting/,country.russia:location;commodity.brent:affected_market,candidate,gdelt
gdelt_x_lby_20200715,2020-07-15,day,conflict_escalation,GDELT candidate: military clash / attack involving Libya (2020-07-15),"AUTO-HARVESTED, UNVERIFIED. GDELT recorded a military clash / attack (actors: Libya), peak 121 mentions, 208 total across sampled files. Joe must verify the source and code severity/surprise before approval.",3,3,low,http://www.gdnonline.com/Details/837708,country.libya:location;commodity.brent:affected_market,candidate,gdelt
gdelt_irq_x_20220115,2022-01-15,day,conflict_escalation,GDELT candidate: military clash / attack involving Iraq (2022-01-15),"AUTO-HARVESTED, UNVERIFIED. GDELT recorded a military clash / attack (actors: Iraqi), peak 80 mentions, 208 total across sampled files. Joe must verify the source and code severity/surprise before approval.",3,3,low,http://www.china.org.cn/world/Off_the_Wire/2022-01/15/content_77991482.htm,country.iraq:location;commodity.brent:affected_market,candidate,gdelt
gdelt_tur_rus_20160115,2016-01-15,day,conflict_escalation,GDELT candidate: military clash / attack involving Russia (2016-01-15),"AUTO-HARVESTED, UNVERIFIED. GDELT recorded a military clash / attack (actors: Turkish and Russian), peak 36 mentions, 207 total across sampled files. Joe must verify the source and code severity/surprise before approval.",3,3,low,http://www.themoscowtimes.com/article/555871.html,country.russia:location;commodity.brent:affected_market,candidate,gdelt
