recommendation,rec_reason,salience_mentions,event_id,event_date,date_precision,type,title,description,severity,surprise,confidence,source_url,entities,status,candidate_source,joe_decision
keep,hand-sourced seed; in price window; producer iraq,seed,desert_storm_air_campaign_1991,1991-01-17,day,conflict_escalation,Operation Desert Storm air campaign begins,"US-led coalition begins the air war on Iraq after the Jan 15 UN withdrawal deadline; puts Iraqi and Kuwaiti crude and the wider Gulf risk premium in play. DRAFT coding, awaiting Joe's review.",5,2,high,https://www.presidency.ucsb.edu/documents/address-the-nation-announcing-allied-military-action-the-persian-gulf,country.usa:actor;country.iraq:target;country.kuwait:location;commodity.brent:affected_market;commodity.wti:affected_market,candidate,manual,
keep,hand-sourced seed; in price window; producer iraq,seed,operation_desert_fox_1998,1998-12-16,day,conflict_escalation,Operation Desert Fox airstrikes on Iraq,"Four days of US/UK airstrikes on Iraqi military and WMD targets during the UNSCOM inspections crisis; Iraqi exports were sanction-limited then, so expected supply disruption was moderate. DRAFT coding.",3,3,high,https://www.presidency.ucsb.edu/documents/address-the-nation-announcing-military-strikes-iraq,country.usa:actor;country.iraq:target;commodity.brent:affected_market;commodity.wti:affected_market,candidate,manual,
keep,hand-sourced seed; in price window; no major-producer actor (macro/risk channel),seed,september_11_attacks_2001,2001-09-11,day,conflict_escalation,September 11 terrorist attacks,"Coordinated attacks on the US; the oil channel is mainly a demand and risk shock (aviation collapse, recession fear) rather than a producer supply loss. Joe may reclassify type as demand_shock. DRAFT coding.",4,5,high,https://www.govinfo.gov/content/pkg/GPO-911REPORT/pdf/GPO-911REPORT.pdf,country.usa:target;commodity.brent:affected_market;commodity.wti:affected_market,candidate,manual,
keep,hand-sourced seed; in price window; no major-producer actor (macro/risk channel),seed,israel_hezbollah_war_2006,2006-07-12,day,conflict_escalation,Israel-Hezbollah (Second Lebanon) war begins,"Hezbollah cross-border raid triggers a 34-day war; neither party is an oil producer, so the channel is a regional risk premium and fear of wider Iran involvement. Sourced to the UN resolution that ended the war. DRAFT coding.",2,4,high,https://press.un.org/en/2006/sc8808.doc.htm,country.israel:actor;country.lebanon:location;commodity.brent:affected_market,candidate,manual,
keep,hand-sourced seed; in price window; producer russia,seed,russia_georgia_war_2008,2008-08-08,day,conflict_escalation,Russia-Georgia war,"Russia (a top-three crude producer) invades Georgia, the transit state for the BTC pipeline carrying Caspian crude to market; pipeline and transit risk is the oil channel. DRAFT coding.",3,4,high,https://apps.dtic.mil/sti/html/tr/ADA496306/index.html,country.russia:actor;country.georgia:target;commodity.brent:affected_market,candidate,manual,
keep,hand-sourced seed; in price window; producer saudi_arabia,seed,saudi_intervention_yemen_2015,2015-03-26,day,conflict_escalation,Saudi-led intervention in Yemen (Operation Decisive Storm),"Saudi Arabia, the world's largest crude exporter, leads a coalition air campaign in Yemen; the channel is Saudi involvement plus Bab-el-Mandeb transit risk near the Red Sea. DRAFT coding.",3,4,high,https://www.aljazeera.com/news/2015/3/26/saudi-and-arab-allies-bomb-houthi-positions-in-yemen,country.saudi_arabia:actor;country.yemen:target;commodity.brent:affected_market,candidate,manual,
keep,hand-sourced seed; in price window; producer iran,seed,gulf_of_oman_tanker_attacks_2019,2019-06-13,day,infrastructure_attack,Gulf of Oman tanker attacks,Two oil/product tankers struck near the Strait of Hormuz amid US-Iran tensions; attribution to Iran was asserted but contested (hence medium confidence). Channel is chokepoint and shipping risk. DRAFT coding.,3,3,medium,https://www.globalsecurity.org/military/library/news/2019/06/mil-190613-isna01.htm,country.iran:actor;chokepoint.hormuz:location;commodity.brent:affected_market,candidate,manual,
keep,hand-sourced seed; in price window; producer iran,seed,iran_strikes_israel_apr_2024,2024-04-13,day,conflict_escalation,Iran's first direct missile and drone strike on Israel,"Iran launches 300+ drones and missiles at Israel in retaliation for the April 1 Damascus consulate strike; largely telegraphed for about two weeks, so surprise is low despite the scale. DRAFT coding.",3,2,high,https://www.globalsecurity.org/military/world/war/operation-true-promise-20240413.htm,country.iran:actor;country.israel:target;commodity.brent:affected_market,candidate,manual,
keep,hand-sourced seed; in price window; producer iran,seed,iran_strikes_israel_oct_2024,2024-10-01,day,conflict_escalation,Iran's October ballistic-missile strike on Israel,Iran fires about 180 ballistic missiles at Israel after the killing of Hezbollah's leader; the direct Iran-Israel exchange lifts the Middle East war premium and Hormuz risk. DRAFT coding.,3,3,high,https://www.aljazeera.com/news/2024/10/1/irans-missile-attack-against-israel-what-we-know-and-what-comes-next,country.iran:actor;country.israel:target;commodity.brent:affected_market,candidate,manual,
keep,hand-sourced seed; in price window; producer iran,seed,israel_iran_war_2025,2025-06-13,day,conflict_escalation,Israel-Iran war onset (Operation Rising Lion),"Israel launches a wide air campaign against Iran's nuclear and military sites, opening a 12-day war; a direct attack on a major OPEC producer with acute Strait of Hormuz risk. DRAFT coding.",4,4,high,https://www.timesofisrael.com/liveblog-june-13-2025/,country.israel:actor;country.iran:target;commodity.brent:affected_market;commodity.wti:affected_market,candidate,manual,
keep,in price window; salience 21455 mentions; producer russia,21455,gdelt_rus_ukr_20220415,2022-04-15,day,conflict_escalation,GDELT candidate: military clash / attack involving Russia (2022-04-15),"AUTO-HARVESTED, UNVERIFIED. GDELT recorded a military clash / attack (actors: Russia and Ukraine), peak 2383 mentions, 21455 total across sampled files. Joe must verify the source and code severity/surprise before approval.",3,3,low,https://financialpost.com/pmn/business-pmn/russian-warship-sinks-ukraine-says-its-missile-is-responsible-2,country.russia:location;commodity.brent:affected_market,candidate,gdelt,
keep,in price window; salience 8197 mentions; producer russia,8197,gdelt_rus_ukr_20230115,2023-01-15,day,conflict_escalation,GDELT candidate: military clash / attack involving Russia (2023-01-15),"AUTO-HARVESTED, UNVERIFIED. GDELT recorded a military clash / attack (actors: Russia and Ukrainian), peak 2608 mentions, 8197 total across sampled files. Joe must verify the source and code severity/surprise before approval.",3,3,low,https://mynorthwest.com/3780580/ukraine-races-to-rescue-people-from-russian-strike-on-dnipro/,country.russia:location;commodity.brent:affected_market,candidate,gdelt,
keep,in price window; salience 7785 mentions; producer iraq,7785,gdelt_irq_x_20140115,2014-01-15,day,conflict_escalation,GDELT candidate: military clash / attack involving Iraq (2014-01-15),"AUTO-HARVESTED, UNVERIFIED. GDELT recorded a military clash / attack (actors: Iraqi), peak 1078 mentions, 7785 total across sampled files. Joe must verify the source and code severity/surprise before approval.",3,3,low,http://world.time.com/2014/01/15/bombings-kill-12-people-around-iraqi-capital/,country.iraq:location;commodity.brent:affected_market,candidate,gdelt,
keep,in price window; salience 7014 mentions; producer saudi_arabia,7014,gdelt_usa_sau_20181015,2018-10-15,day,sanctions,GDELT candidate: sanctions action involving Saudi Arabia (2018-10-15),"AUTO-HARVESTED, UNVERIFIED. GDELT recorded a sanctions action (actors: Washington and Riyadh), peak 1890 mentions, 7014 total across sampled files. Joe must verify the source and code severity/surprise before approval.",3,3,low,https://whyy.org/articles/saudis-reject-threats-as-stocks-plunge-after-trump-comments/,country.saudi_arabia:location;commodity.brent:affected_market,candidate,gdelt,
keep,in price window; salience 6084 mentions; producer iran,6084,gdelt_irn_x_20150715,2015-07-15,day,sanctions,GDELT candidate: sanctions action involving Iran (2015-07-15),"AUTO-HARVESTED, UNVERIFIED. GDELT recorded a sanctions action (actors: Iran), peak 3562 mentions, 6084 total across sampled files. Joe must verify the source and code severity/surprise before approval.",3,3,low,http://www.local21news.com/template/inews_wire/wires.national/274a5bae-www.local21news.com.shtml,country.iran:location;commodity.brent:affected_market,candidate,gdelt,
keep,in price window; salience 5849 mentions; producer iraq,5849,gdelt_x_irq_20161015,2016-10-15,day,conflict_escalation,GDELT candidate: military clash / attack involving Iraq (2016-10-15),"AUTO-HARVESTED, UNVERIFIED. GDELT recorded a military clash / attack (actors: Mosul), peak 2550 mentions, 5849 total across sampled files. Joe must verify the source and code severity/surprise before approval.",3,3,low,http://www.thenewage.co.za/suicide-bomber-kills-17-at-baghdad-shiite-gathering-police/,country.iraq:location;commodity.brent:affected_market,candidate,gdelt,
keep,in price window; salience 5152 mentions; producer iraq,5152,gdelt_irq_x_20141015,2014-10-15,day,conflict_escalation,GDELT candidate: military clash / attack involving Iraq (2014-10-15),"AUTO-HARVESTED, UNVERIFIED. GDELT recorded a military clash / attack (actors: Assur), peak 2014 mentions, 5152 total across sampled files. Joe must verify the source and code severity/surprise before approval.",3,3,low,http://ww.abc6.com/story/30266229/obama-extends-us-military-mission-in-afghanistan-into-2017,country.iraq:location;commodity.brent:affected_market,candidate,gdelt,
keep,in price window; salience 4926 mentions; producer russia,4926,gdelt_rus_x_20151015,2015-10-15,day,sanctions,GDELT candidate: sanctions action involving Russia (2015-10-15),"AUTO-HARVESTED, UNVERIFIED. GDELT recorded a sanctions action (actors: Russia), peak 1005 mentions, 4926 total across sampled files. Joe must verify the source and code severity/surprise before approval.",3,3,low,http://www.newstribune.com/news/2015/oct/14/iran-sends-fighters-syria-escalating-its-involveme/,country.russia:location;commodity.brent:affected_market,candidate,gdelt,
keep,in price window; salience 3958 mentions; producer russia,3958,gdelt_rus_x_20220715,2022-07-15,day,conflict_escalation,GDELT candidate: military clash / attack involving Russia (2022-07-15),"AUTO-HARVESTED, UNVERIFIED. GDELT recorded a military clash / attack (actors: Russia), peak 800 mentions, 3958 total across sampled files. Joe must verify the source and code severity/surprise before approval.",3,3,low,https://www.tivysideadvertiser.co.uk/news/20281594.rescue-teams-search-survivors-deadly-russian-missile-strike/,country.russia:location;commodity.brent:affected_market,candidate,gdelt,
keep,in price window; salience 3589 mentions; producer venezuela,3589,gdelt_x_ven_20260115,2026-01-15,day,conflict_escalation,GDELT candidate: military clash / attack involving Venezuela (2026-01-15),"AUTO-HARVESTED, UNVERIFIED. GDELT recorded a military clash / attack (actors: Lawyer and Venezuela), peak 1212 mentions, 3589 total across sampled files. Joe must verify the source and code severity/surprise before approval.",3,3,low,https://www.cbsnews.com/news/minneapolis-shooting-federal-law-enforcement-operation-metro-surge/,country.venezuela:location;commodity.brent:affected_market,candidate,gdelt,
keep,in price window; salience 3400 mentions; producer libya,3400,gdelt_lby_usa_20160115,2016-01-15,day,conflict_escalation,GDELT candidate: military clash / attack involving Libya (2016-01-15),"AUTO-HARVESTED, UNVERIFIED. GDELT recorded a military clash / attack (actors: Benghazi and United States), peak 1854 mentions, 3400 total across sampled files. Joe must verify the source and code severity/surprise before approval.",3,3,low,http://www.kitsapsun.com/news/national/365419931.xhtml,country.libya:location;commodity.brent:affected_market,candidate,gdelt,
keep,in price window; salience 3310 mentions; producer russia,3310,gdelt_rus_x_20230715,2023-07-15,day,conflict_escalation,GDELT candidate: military clash / attack involving Russia (2023-07-15),"AUTO-HARVESTED, UNVERIFIED. GDELT recorded a military clash / attack (actors: Russia), peak 1138 mentions, 3310 total across sampled files. Joe must verify the source and code severity/surprise before approval.",3,3,low,https://www.chronicleonline.com/news/world/south-korean-president-yoon-suk-yeol-makes-surprise-visit-to-ukraine/article_9706c6c2-c8b5-50b5-862d-452eaa33e2e2.html,country.russia:location;commodity.brent:affected_market,candidate,gdelt,
keep,in price window; salience 2948 mentions; producer russia,2948,gdelt_rus_x_20250115,2025-01-15,day,conflict_escalation,GDELT candidate: military clash / attack involving Russia (2025-01-15),"AUTO-HARVESTED, UNVERIFIED. GDELT recorded a military clash / attack (actors: Russian), peak 1356 mentions, 2948 total across sampled files. Joe must verify the source and code severity/surprise before approval.",3,3,low,https://www.edenmagnet.com.au/story/8866778/grave-concerns-for-australian-teacher-captured-by-russian-troops/?cs=14264,country.russia:location;commodity.brent:affected_market,candidate,gdelt,
keep,in price window; salience 2110 mentions; producer russia,2110,gdelt_x_rus_20201015,2020-10-15,day,conflict_escalation,GDELT candidate: military clash / attack involving Russia (2020-10-15),"AUTO-HARVESTED, UNVERIFIED. GDELT recorded a military clash / attack (actors: Parliament and Russia), peak 1785 mentions, 2110 total across sampled files. Joe must verify the source and code severity/surprise before approval.",3,3,low,https://www.thetelegraph.com/news/article/EU-imposes-sanctions-on-6-Russians-over-Navalny-15649413.php,country.russia:location;commodity.brent:affected_market,candidate,gdelt,
keep,in price window; salience 2020 mentions; producer libya,2020,gdelt_lby_x_20140715,2014-07-15,day,conflict_escalation,GDELT candidate: military clash / attack involving Libya (2014-07-15),"AUTO-HARVESTED, UNVERIFIED. GDELT recorded a military clash / attack (actors: Benghazi), peak 924 mentions, 2020 total across sampled files. Joe must verify the source and code severity/surprise before approval.",3,3,low,http://uk.reuters.com/article/2014/07/16/uk-libya-violence-idUKKBN0FK04V20140716?feedType=RSS&feedName=topNews,country.libya:location;commodity.brent:affected_market,candidate,gdelt,
keep,in price window; salience 1967 mentions; producer iraq,1967,gdelt_irq_x_20170115,2017-01-15,day,conflict_escalation,GDELT candidate: military clash / attack involving Iraq (2017-01-15),"AUTO-HARVESTED, UNVERIFIED. GDELT recorded a military clash / attack (actors: Iraq), peak 364 mentions, 1967 total across sampled files. Joe must verify the source and code severity/surprise before approval.",3,3,low,https://www.yahoo.com/news/military-mosul-university-fully-liberated-100219674.html,country.iraq:location;commodity.brent:affected_market,candidate,gdelt,
keep,in price window; salience 1888 mentions; producer iraq,1888,gdelt_irq_x_20180115,2018-01-15,day,conflict_escalation,GDELT candidate: military clash / attack involving Iraq (2018-01-15),"AUTO-HARVESTED, UNVERIFIED. GDELT recorded a military clash / attack (actors: Iraqi and Civilian), peak 1001 mentions, 1888 total across sampled files. Joe must verify the source and code severity/surprise before approval.",3,3,low,http://www.fredericksburg.com/news/news-wire/iraq-s-interior-ministry-back-to-back-suicide-attacks-in/article_4443cff4-6210-59fb-addc-e0b6271926f3.html,country.iraq:location;commodity.brent:affected_market,candidate,gdelt,
keep,in price window; salience 1795 mentions; producer libya,1795,gdelt_x_lby_20140415,2014-04-15,day,conflict_escalation,GDELT candidate: military clash / attack involving Libya (2014-04-15),"AUTO-HARVESTED, UNVERIFIED. GDELT recorded a military clash / attack (actors: Libyan), peak 596 mentions, 1795 total across sampled files. Joe must verify the source and code severity/surprise before approval.",3,3,low,http://online.wsj.com/news/articles/SB10001424052702303663604579503034235589764?mod=fox_australian&mg=reno64-wsj&url=http%3A%2F%2Fonline.wsj.com%2Farticle%2FSB10001424052702303663604579503034235589764.html%3Fmod%3Dfox_australian,country.libya:location;commodity.brent:affected_market,candidate,gdelt,
keep,in price window; salience 1701 mentions; producer russia,1701,gdelt_ukr_rus_20240115,2024-01-15,day,conflict_escalation,GDELT candidate: military clash / attack involving Russia (2024-01-15),"AUTO-HARVESTED, UNVERIFIED. GDELT recorded a military clash / attack (actors: Ukrainian and Russian), peak 509 mentions, 1701 total across sampled files. Joe must verify the source and code severity/surprise before approval.",3,3,low,https://www.local10.com/news/world/2024/01/15/ukraine-claims-it-shot-down-2-russian-command-and-control-aircraft-in-a-significant-blow-to-moscow/,country.russia:location;commodity.brent:affected_market,candidate,gdelt,
keep,in price window; salience 1697 mentions; producer iran,1697,gdelt_irn_x_20171015,2017-10-15,day,conflict_escalation,GDELT candidate: military clash / attack involving Iran (2017-10-15),"AUTO-HARVESTED, UNVERIFIED. GDELT recorded a military clash / attack (actors: Iran), peak 460 mentions, 1697 total across sampled files. Joe must verify the source and code severity/surprise before approval.",3,3,low,http://am1590theanswer.com/news/politics/coup-revolution-and-mistrust-moments-in-iran-us-relations,country.iran:location;commodity.brent:affected_market,candidate,gdelt,
keep,in price window; salience 1590 mentions; producer iran,1590,gdelt_usa_irn_20260415,2026-04-15,day,conflict_escalation,GDELT candidate: military clash / attack involving Iran (2026-04-15),"AUTO-HARVESTED, UNVERIFIED. GDELT recorded a military clash / attack (actors: The Us and Iran), peak 414 mentions, 1590 total across sampled files. Joe must verify the source and code severity/surprise before approval.",3,3,low,https://dominicanrepublicpost.com/us-iran-talks-whats-the-latest-on-mediation-efforts/,country.iran:location;commodity.brent:affected_market,candidate,gdelt,
keep,in price window; salience 1523 mentions; producer libya,1523,gdelt_lby_x_20190415,2019-04-15,day,conflict_escalation,GDELT candidate: military clash / attack involving Libya (2019-04-15),"AUTO-HARVESTED, UNVERIFIED. GDELT recorded a military clash / attack (actors: Tripoli), peak 847 mentions, 1523 total across sampled files. Joe must verify the source and code severity/surprise before approval.",3,3,low,https://www.japantimes.co.jp/?post_type=news&p=1882889,country.libya:location;commodity.brent:affected_market,candidate,gdelt,
keep,in price window; salience 1293 mentions; producer saudi_arabia,1293,gdelt_sau_qat_20170715,2017-07-15,day,conflict_escalation,GDELT candidate: military clash / attack involving Saudi Arabia (2017-07-15),"AUTO-HARVESTED, UNVERIFIED. GDELT recorded a military clash / attack (actors: Saudi Arabia and Qatar), peak 508 mentions, 1293 total across sampled files. Joe must verify the source and code severity/surprise before approval.",3,3,low,http://www.theolympian.com/news/business/article161553053.html,country.saudi_arabia:location;commodity.brent:affected_market,candidate,gdelt,
keep,in price window; salience 1217 mentions; producer saudi_arabia,1217,gdelt_x_sau_20160715,2016-07-15,day,conflict_escalation,GDELT candidate: military clash / attack involving Saudi Arabia (2016-07-15),"AUTO-HARVESTED, UNVERIFIED. GDELT recorded a military clash / attack (actors: Hospital and Riyadh), peak 400 mentions, 1217 total across sampled files. Joe must verify the source and code severity/surprise before approval.",3,3,low,http://aninews.in/ODJjd0ZleQ/allnews/world/middle-east-news/middle-east.html,country.saudi_arabia:location;commodity.brent:affected_market,candidate,gdelt,
keep,in price window; salience 1191 mentions; producer iraq,1191,gdelt_x_irq_20130715,2013-07-15,day,conflict_escalation,GDELT candidate: military clash / attack involving Iraq (2013-07-15),"AUTO-HARVESTED, UNVERIFIED. GDELT recorded a military clash / attack (actors: Iraq), peak 140 mentions, 1191 total across sampled files. Joe must verify the source and code severity/surprise before approval.",3,3,low,http://world.time.com/2013/07/14/attackers-kill-6-in-northern-iraq/,country.iraq:location;commodity.brent:affected_market,candidate,gdelt,
keep,in price window; salience 1151 mentions; producer russia,1151,gdelt_rus_ukr_20250415,2025-04-15,day,conflict_escalation,GDELT candidate: military clash / attack involving Russia (2025-04-15),"AUTO-HARVESTED, UNVERIFIED. GDELT recorded a military clash / attack (actors: Russian and Ukrainian), peak 76 mentions, 1151 total across sampled files. Joe must verify the source and code severity/surprise before approval.",3,3,low,https://www.thelocal.de/20250415/today-in-germany-a-roundup-of-the-latest-news-on-tuesday-72,country.russia:location;commodity.brent:affected_market,candidate,gdelt,
keep,in price window; salience 1112 mentions; producer russia,1112,gdelt_rus_syr_20160415,2016-04-15,day,conflict_escalation,GDELT candidate: military clash / attack involving Russia (2016-04-15),"AUTO-HARVESTED, UNVERIFIED. GDELT recorded a military clash / attack (actors: Russian and Syria), peak 282 mentions, 1112 total across sampled files. Joe must verify the source and code severity/surprise before approval.",3,3,low,http://www.dailymail.co.uk/wires/ap/article-3541061/US-Russia-talking-daily-Syria-military-actions.html,country.russia:location;commodity.brent:affected_market,candidate,gdelt,
keep,in price window; salience 1056 mentions; producer libya,1056,gdelt_x_lby_20131015,2013-10-15,day,conflict_escalation,GDELT candidate: military clash / attack involving Libya (2013-10-15),"AUTO-HARVESTED, UNVERIFIED. GDELT recorded a military clash / attack (actors: Tripoli), peak 610 mentions, 1056 total across sampled files. Joe must verify the source and code severity/surprise before approval.",3,3,low,http://www.mynews3.com/content/news/story/US-courts-convict-terrorists-Gitmo-trials-drag-on/JIyX4UMfQEuI6w_WbeciSg.cspx,country.libya:location;commodity.brent:affected_market,candidate,gdelt,
keep,in price window; salience 904 mentions; producer iraq,904,gdelt_irq_x_20180715,2018-07-15,day,conflict_escalation,GDELT candidate: military clash / attack involving Iraq (2018-07-15),"AUTO-HARVESTED, UNVERIFIED. GDELT recorded a military clash / attack (actors: Iraqi and Government), peak 380 mentions, 904 total across sampled files. Joe must verify the source and code severity/surprise before approval.",3,3,low,http://news.trust.org/item/20180715072511-ddo6p,country.iraq:location;commodity.brent:affected_market,candidate,gdelt,
keep,in price window; salience 895 mentions; producer russia,895,gdelt_rus_x_20240715,2024-07-15,day,conflict_escalation,GDELT candidate: military clash / attack involving Russia (2024-07-15),"AUTO-HARVESTED, UNVERIFIED. GDELT recorded a military clash / attack (actors: Russian), peak 254 mentions, 895 total across sampled files. Joe must verify the source and code severity/surprise before approval.",3,3,low,https://www.clickorlando.com/news/world/2024/07/15/us-journalist-masha-gessen-is-convicted-in-absentia-in-russia-for-criticizing-the-military/,country.russia:location;commodity.brent:affected_market,candidate,gdelt,
keep,in price window; salience 820 mentions; producer iran,820,gdelt_ukr_irn_20251015,2025-10-15,day,conflict_escalation,GDELT candidate: military clash / attack involving Iran (2025-10-15),"AUTO-HARVESTED, UNVERIFIED. GDELT recorded a military clash / attack (actors: Ukrainian and Iranian), peak 492 mentions, 820 total across sampled files. Joe must verify the source and code severity/surprise before approval.",3,3,low,https://www.basingstokegazette.co.uk/news/national/25544414.nato-will-meet-russian-escalation-strength-healey-says-meeting/,country.iran:location;commodity.brent:affected_market,candidate,gdelt,
keep,in price window; salience 818 mentions; producer iraq,818,gdelt_irq_x_20130415,2013-04-15,day,conflict_escalation,GDELT candidate: military clash / attack involving Iraq (2013-04-15),"AUTO-HARVESTED, UNVERIFIED. GDELT recorded a military clash / attack (actors: Baghdad), peak 130 mentions, 818 total across sampled files. Joe must verify the source and code severity/surprise before approval.",3,3,low,http://timesofindia.indiatimes.com/world/middle-east/String-of-attacks-across-Iraq-kills-31/articleshow/19558099.cms,country.iraq:location;commodity.brent:affected_market,candidate,gdelt,
keep,in price window; salience 785 mentions; producer iraq,785,gdelt_irq_x_20150115,2015-01-15,day,conflict_escalation,GDELT candidate: military clash / attack involving Iraq (2015-01-15),"AUTO-HARVESTED, UNVERIFIED. GDELT recorded a military clash / attack (actors: Iraq), peak 104 mentions, 785 total across sampled files. Joe must verify the source and code severity/surprise before approval.",3,3,low,http://www.sfgate.com/news/politics/article/US-military-confirms-8-civilian-deaths-in-2014-6761227.php,country.iraq:location;commodity.brent:affected_market,candidate,gdelt,
keep,in price window; salience 743 mentions; producer iran,743,gdelt_x_irn_20210115,2021-01-15,day,sanctions,GDELT candidate: sanctions action involving Iran (2021-01-15),"AUTO-HARVESTED, UNVERIFIED. GDELT recorded a sanctions action (actors: United Nations and Iran), peak 152 mentions, 743 total across sampled files. Joe must verify the source and code severity/surprise before approval.",3,3,low,https://abcnews.go.com/Politics/sending-carrier-back-middle-east-tensions-low-ahead/story?id=75267248,country.iran:location;commodity.brent:affected_market,candidate,gdelt,
keep,in price window; salience 597 mentions; producer iran,597,gdelt_x_irn_20200715,2020-07-15,day,conflict_escalation,GDELT candidate: military clash / attack involving Iran (2020-07-15),"AUTO-HARVESTED, UNVERIFIED. GDELT recorded a military clash / attack (actors: Military and Iranian), peak 159 mentions, 597 total across sampled files. Joe must verify the source and code severity/surprise before approval.",3,3,low,https://www.israelnationalnews.com/News/News.aspx/283617,country.iran:location;commodity.brent:affected_market,candidate,gdelt,
keep,in price window; salience 440 mentions; producer iraq,440,gdelt_irq_x_20170415,2017-04-15,day,conflict_escalation,GDELT candidate: military clash / attack involving Iraq (2017-04-15),"AUTO-HARVESTED, UNVERIFIED. GDELT recorded a military clash / attack (actors: Iraq and Retired), peak 30 mentions, 440 total across sampled files. Joe must verify the source and code severity/surprise before approval.",3,3,low,http://kval.com/features/on-the-bright-side/on-the-bright-side-veterans-find-release-in-aquarium-tank,country.iraq:location;commodity.brent:affected_market,candidate,gdelt,
keep,in price window; salience 432 mentions; producer russia,432,gdelt_rus_x_20211015,2021-10-15,day,conflict_escalation,GDELT candidate: military clash / attack involving Russia (2021-10-15),"AUTO-HARVESTED, UNVERIFIED. GDELT recorded a military clash / attack (actors: Russian), peak 180 mentions, 432 total across sampled files. Joe must verify the source and code severity/surprise before approval.",3,3,low,https://www.milfordmirror.com/business/article/The-Latest-Hungary-reports-5-month-high-in-new-16531991.php,country.russia:location;commodity.brent:affected_market,candidate,gdelt,
keep,in price window; salience 423 mentions; producer russia,423,gdelt_rus_x_20220115,2022-01-15,day,conflict_escalation,GDELT candidate: military clash / attack involving Russia (2022-01-15),"AUTO-HARVESTED, UNVERIFIED. GDELT recorded a military clash / attack (actors: Russia), peak 73 mentions, 423 total across sampled files. Joe must verify the source and code severity/surprise before approval.",3,3,low,https://keyt.com/news/2022/01/14/us-officials-believe-russia-arrested-hacker-responsible-for-colonial-pipeline-attack/,country.russia:location;commodity.brent:affected_market,candidate,gdelt,
keep,in price window; salience 338 mentions; producer russia,338,gdelt_x_rus_20210715,2021-07-15,day,conflict_escalation,GDELT candidate: military clash / attack involving Russia (2021-07-15),"AUTO-HARVESTED, UNVERIFIED. GDELT recorded a military clash / attack (actors: Russia), peak 104 mentions, 338 total across sampled files. Joe must verify the source and code severity/surprise before approval.",3,3,low,https://www.wwno.org/npr-news/2021-07-15/the-u-s-climate-envoy-went-to-moscow-and-talked-about-more-than-climate,country.russia:location;commodity.brent:affected_market,candidate,gdelt,
reject,duplicate episode: within 35d of stronger candidate gdelt_rus_ukr_20220415 (21455 mentions),10215,gdelt_ukr_rus_20220415,2022-04-15,day,conflict_escalation,GDELT candidate: military clash / attack involving Russia (2022-04-15),"AUTO-HARVESTED, UNVERIFIED. GDELT recorded a military clash / attack (actors: Ukrainian and Russia), peak 2211 mentions, 10215 total across sampled files. Joe must verify the source and code severity/surprise before approval.",3,3,low,https://www.stroudnewsandjournal.co.uk/news/national/20071044.blow-russian-military-damaged-black-sea-flagship-sinks/,country.russia:location;commodity.brent:affected_market,candidate,gdelt,
reject,duplicate episode: within 35d of stronger candidate saudi_intervention_yemen_2015 (seed),9512,gdelt_irq_x_20150415,2015-04-15,day,conflict_escalation,GDELT candidate: military clash / attack involving Iraq (2015-04-15),"AUTO-HARVESTED, UNVERIFIED. GDELT recorded a military clash / attack (actors: Baghdad), peak 1400 mentions, 9512 total across sampled files. Joe must verify the source and code severity/surprise before approval.",3,3,low,http://news.yahoo.com/fierce-clashes-iraq-seizes-villages-near-ramadi-085410660.html,country.iraq:location;commodity.brent:affected_market,candidate,gdelt,
reject,duplicate episode: within 35d of stronger candidate gdelt_rus_ukr_20220415 (21455 mentions),7903,gdelt_rus_x_20220415,2022-04-15,day,conflict_escalation,GDELT candidate: military clash / attack involving Russia (2022-04-15),"AUTO-HARVESTED, UNVERIFIED. GDELT recorded a military clash / attack (actors: Russian), peak 1229 mentions, 7903 total across sampled files. Joe must verify the source and code severity/surprise before approval.",3,3,low,https://www.nytimes.com/2022/04/14/us/politics/putin-nuclear-weapons.html,country.russia:location;commodity.brent:affected_market,candidate,gdelt,
reject,within 35d of existing event soleimani_strike_2020 (2020-01-03) - same episode,6954,gdelt_irn_x_20200115,2020-01-15,day,conflict_escalation,GDELT candidate: military clash / attack involving Iran (2020-01-15),"AUTO-HARVESTED, UNVERIFIED. GDELT recorded a military clash / attack (actors: Iran), peak 1456 mentions, 6954 total across sampled files. Joe must verify the source and code severity/surprise before approval.",3,3,low,https://www.nhregister.com/news/world/article/Iran-foreign-minister-says-plane-crash-protests-14976422.php,country.iran:location;commodity.brent:affected_market,candidate,gdelt,
reject,"outside usable price window (need 130d before & 20d after; have 9932 before, 0 on/after)",6120,gdelt_irn_x_20260715,2026-07-15,day,conflict_escalation,GDELT candidate: military clash / attack involving Iran (2026-07-15),"AUTO-HARVESTED, UNVERIFIED. GDELT recorded a military clash / attack (actors: Iran), peak 1070 mentions, 6120 total across sampled files. Joe must verify the source and code severity/surprise before approval.",3,3,low,https://wccfradio.iheart.com/content/2026-07-14-trump-strikes-on-iran-to-continue-until-he-decides-its-enoyugh/,country.iran:location;commodity.brent:affected_market,candidate,gdelt,
reject,duplicate episode: within 35d of stronger candidate saudi_intervention_yemen_2015 (seed),5507,gdelt_x_irq_20150415,2015-04-15,day,conflict_escalation,GDELT candidate: military clash / attack involving Iraq (2015-04-15),"AUTO-HARVESTED, UNVERIFIED. GDELT recorded a military clash / attack (actors: Iraqi), peak 1600 mentions, 5507 total across sampled files. Joe must verify the source and code severity/surprise before approval.",3,3,low,http://news.yahoo.com/fierce-clashes-iraq-seizes-villages-near-ramadi-085410660.html,country.iraq:location;commodity.brent:affected_market,candidate,gdelt,
reject,within 35d of existing event iran_sanctions_reimposed_2018 (2018-05-08) - same episode,4521,gdelt_rus_x_20180415,2018-04-15,day,conflict_escalation,GDELT candidate: military clash / attack involving Russia (2018-04-15),"AUTO-HARVESTED, UNVERIFIED. GDELT recorded a military clash / attack (actors: Russia), peak 622 mentions, 4521 total across sampled files. Joe must verify the source and code severity/surprise before approval.",3,3,low,https://www.timesunion.com/news/world/article/Montenegro-votes-for-next-president-favorite-is-12835332.php,country.russia:location;commodity.brent:affected_market,candidate,gdelt,
reject,duplicate episode: within 35d of stronger candidate gdelt_usa_sau_20181015 (7014 mentions),4462,gdelt_sau_x_20181015,2018-10-15,day,conflict_escalation,GDELT candidate: military clash / attack involving Saudi Arabia (2018-10-15),"AUTO-HARVESTED, UNVERIFIED. GDELT recorded a military clash / attack (actors: Saudi), peak 750 mentions, 4462 total across sampled files. Joe must verify the source and code severity/surprise before approval.",3,3,low,http://currenthollywood.com/2018/10/another-united-states-senator-comments-on-wwes-involvement/,country.saudi_arabia:location;commodity.brent:affected_market,candidate,gdelt,
reject,duplicate episode: within 35d of stronger candidate gdelt_usa_sau_20181015 (7014 mentions),4245,gdelt_tur_sau_20181015,2018-10-15,day,conflict_escalation,GDELT candidate: military clash / attack involving Saudi Arabia (2018-10-15),"AUTO-HARVESTED, UNVERIFIED. GDELT recorded a military clash / attack (actors: Turkish and Saudi Arabia), peak 1010 mentions, 4245 total across sampled files. Joe must verify the source and code severity/surprise before approval.",3,3,low,https://www.japantimes.co.jp/news/2018/10/15/world/syrian-jihadis-signal-acceptance-russia-turkey-idlib-deal-prevent-assad-regime-onslaught/,country.saudi_arabia:location;commodity.brent:affected_market,candidate,gdelt,
reject,duplicate episode: within 35d of stronger candidate gdelt_rus_ukr_20220415 (21455 mentions),4108,gdelt_x_rus_20220415,2022-04-15,day,conflict_escalation,GDELT candidate: military clash / attack involving Russia (2022-04-15),"AUTO-HARVESTED, UNVERIFIED. GDELT recorded a military clash / attack (actors: Village and Russia), peak 880 mentions, 4108 total across sampled files. Joe must verify the source and code severity/surprise before approval.",3,3,low,https://www.witneygazette.co.uk/news/20071410.zelensky-ukrainians-proud-surviving-50-days-russian-invasion/,country.russia:location;commodity.brent:affected_market,candidate,gdelt,
reject,"outside usable price window (need 130d before & 20d after; have 9932 before, 0 on/after)",4100,gdelt_irn_jor_20260715,2026-07-15,day,conflict_escalation,GDELT candidate: military clash / attack involving Iran (2026-07-15),"AUTO-HARVESTED, UNVERIFIED. GDELT recorded a military clash / attack (actors: Iran and Jordan), peak 1650 mentions, 4100 total across sampled files. Joe must verify the source and code severity/surprise before approval.",3,3,low,https://isp.netscape.com:443/news/world/story/0001/20260715/b7c592f269d822407dd6b5641602bf25,country.iran:location;commodity.brent:affected_market,candidate,gdelt,
reject,duplicate episode: within 35d of stronger candidate gdelt_usa_sau_20181015 (7014 mentions),3784,gdelt_x_sau_20181015,2018-10-15,day,sanctions,GDELT candidate: sanctions action involving Saudi Arabia (2018-10-15),"AUTO-HARVESTED, UNVERIFIED. GDELT recorded a sanctions action (actors: Saudi Arabia), peak 2324 mentions, 3784 total across sampled files. Joe must verify the source and code severity/surprise before approval.",3,3,low,https://www.thetimes.co.uk/edition/world/trump-gets-tough-with-riyadh-over-missing-critic-jamal-khashoggi-kx6zpkztw,country.saudi_arabia:location;commodity.brent:affected_market,candidate,gdelt,
reject,duplicate episode: within 35d of stronger candidate gdelt_rus_ukr_20230115 (8197 mentions),3779,gdelt_ukr_rus_20230115,2023-01-15,day,conflict_escalation,GDELT candidate: military clash / attack involving Russia (2023-01-15),"AUTO-HARVESTED, UNVERIFIED. GDELT recorded a military clash / attack (actors: Ukrainian and Russia), peak 615 mentions, 3779 total across sampled files. Joe must verify the source and code severity/surprise before approval.",3,3,low,https://mynorthwest.com/3780580/ukraine-races-to-rescue-people-from-russian-strike-on-dnipro/,country.russia:location;commodity.brent:affected_market,candidate,gdelt,
reject,within 35d of existing event nord_stream_sabotage_2022 (2022-09-26) - same episode,3755,gdelt_rus_x_20221015,2022-10-15,day,conflict_escalation,GDELT candidate: military clash / attack involving Russia (2022-10-15),"AUTO-HARVESTED, UNVERIFIED. GDELT recorded a military clash / attack (actors: Russian), peak 628 mentions, 3755 total across sampled files. Joe must verify the source and code severity/surprise before approval.",3,3,low,https://apnews.com/e63a8ca18062413f627beaa99058c28e,country.russia:location;commodity.brent:affected_market,candidate,gdelt,
reject,duplicate episode: within 35d of stronger candidate gdelt_x_irq_20161015 (5849 mentions),3457,gdelt_irq_x_20161015,2016-10-15,day,conflict_escalation,GDELT candidate: military clash / attack involving Iraq (2016-10-15),"AUTO-HARVESTED, UNVERIFIED. GDELT recorded a military clash / attack (actors: Iraqi), peak 511 mentions, 3457 total across sampled files. Joe must verify the source and code severity/surprise before approval.",3,3,low,http://punemirror.indiatimes.com/news/world/Islamic-State-crushes-rebellion-plot-in-Mosul-as-army-closes-in/articleshow/54857215.cms,country.iraq:location;commodity.brent:affected_market,candidate,gdelt,
reject,duplicate episode: within 35d of stronger candidate gdelt_irn_x_20150715 (6084 mentions),3439,gdelt_usa_irn_20150715,2015-07-15,day,sanctions,GDELT candidate: sanctions action involving Iran (2015-07-15),"AUTO-HARVESTED, UNVERIFIED. GDELT recorded a sanctions action (actors: United States and Iran), peak 2164 mentions, 3439 total across sampled files. Joe must verify the source and code severity/surprise before approval.",3,3,low,http://bipartisanpolicy.org/blog/after-iran-deal-wrangling-over-hybrid-sanctions/,country.iran:location;commodity.brent:affected_market,candidate,gdelt,
reject,"outside usable price window (need 130d before & 20d after; have 9932 before, 0 on/after)",3391,gdelt_rus_x_20260715,2026-07-15,day,conflict_escalation,GDELT candidate: military clash / attack involving Russia (2026-07-15),"AUTO-HARVESTED, UNVERIFIED. GDELT recorded a military clash / attack (actors: Moscow), peak 696 mentions, 3391 total across sampled files. Joe must verify the source and code severity/surprise before approval.",3,3,low,https://www.newsday.com/news/nation/russia-ukraine-war-europe-leyen-vukic-support-i31077,country.russia:location;commodity.brent:affected_market,candidate,gdelt,
reject,duplicate episode: within 35d of stronger candidate gdelt_rus_x_20151015 (4926 mentions),3339,gdelt_rus_syr_20151015,2015-10-15,day,conflict_escalation,GDELT candidate: military clash / attack involving Russia (2015-10-15),"AUTO-HARVESTED, UNVERIFIED. GDELT recorded a military clash / attack (actors: Russian and Syria), peak 638 mentions, 3339 total across sampled files. Joe must verify the source and code severity/surprise before approval.",3,3,low,http://toinformistoinfluence.com/2015/10/14/,country.russia:location;commodity.brent:affected_market,candidate,gdelt,
reject,duplicate episode: within 35d of stronger candidate gdelt_irn_x_20150715 (6084 mentions),3248,gdelt_x_irn_20150715,2015-07-15,day,conflict_escalation,GDELT candidate: military clash / attack involving Iran (2015-07-15),"AUTO-HARVESTED, UNVERIFIED. GDELT recorded a military clash / attack (actors: Iran), peak 785 mentions, 3248 total across sampled files. Joe must verify the source and code severity/surprise before approval.",3,3,low,http://wjhl.com/ap/from-covert-iran-nuke-program-to-final-deal-_-a-timeline/,country.iran:location;commodity.brent:affected_market,candidate,gdelt,
reject,"outside usable price window (need 130d before & 20d after; have 9932 before, 0 on/after)",3243,gdelt_usa_irn_20260715,2026-07-15,day,conflict_escalation,GDELT candidate: military clash / attack involving Iran (2026-07-15),"AUTO-HARVESTED, UNVERIFIED. GDELT recorded a military clash / attack (actors: American and Iran), peak 1104 mentions, 3243 total across sampled files. Joe must verify the source and code severity/surprise before approval.",3,3,low,https://www.arabnews.com/node/2650937/middle-east,country.iran:location;commodity.brent:affected_market,candidate,gdelt,
reject,within 35d of existing event iran_sanctions_reimposed_2018 (2018-05-08) - same episode,3141,gdelt_rus_syr_20180415,2018-04-15,day,conflict_escalation,GDELT candidate: military clash / attack involving Russia (2018-04-15),"AUTO-HARVESTED, UNVERIFIED. GDELT recorded a military clash / attack (actors: Russia and Syria), peak 520 mentions, 3141 total across sampled files. Joe must verify the source and code severity/surprise before approval.",3,3,low,http://lufkindailynews.com/news/us/article_f93e99b0-e068-5da3-b3ec-58cd9b38f245.html,country.russia:location;commodity.brent:affected_market,candidate,gdelt,
reject,duplicate episode: within 35d of stronger candidate gdelt_x_ven_20260115 (3589 mentions),3075,gdelt_irn_ukr_20260115,2026-01-15,day,conflict_escalation,GDELT candidate: military clash / attack involving Iran (2026-01-15),"AUTO-HARVESTED, UNVERIFIED. GDELT recorded a military clash / attack (actors: Iranian and Ukraine), peak 1031 mentions, 3075 total across sampled files. Joe must verify the source and code severity/surprise before approval.",3,3,low,https://www.winnipegfreepress.com/business/2026/01/14/iran-further-extends-an-order-closing-its-airspace-to-commercial-aircraft-as-tensions-remain-high,country.iran:location;commodity.brent:affected_market,candidate,gdelt,
reject,within 35d of existing event soleimani_strike_2020 (2020-01-03) - same episode,3069,gdelt_x_irn_20200115,2020-01-15,day,conflict_escalation,GDELT candidate: military clash / attack involving Iran (2020-01-15),"AUTO-HARVESTED, UNVERIFIED. GDELT recorded a military clash / attack (actors: Iran), peak 466 mentions, 3069 total across sampled files. Joe must verify the source and code severity/surprise before approval.",3,3,low,https://ifp.co.in/us-iran-missiles-arrogance-or-incompetence/,country.iran:location;commodity.brent:affected_market,candidate,gdelt,
reject,duplicate episode: within 35d of stronger candidate gdelt_x_ven_20260115 (3589 mentions),3032,gdelt_ukr_irn_20260115,2026-01-15,day,conflict_escalation,GDELT candidate: military clash / attack involving Iran (2026-01-15),"AUTO-HARVESTED, UNVERIFIED. GDELT recorded a military clash / attack (actors: Ukraine and Iranian), peak 1047 mentions, 3032 total across sampled files. Joe must verify the source and code severity/surprise before approval.",3,3,low,https://www.winnipegfreepress.com/business/2026/01/14/iran-further-extends-an-order-closing-its-airspace-to-commercial-aircraft-as-tensions-remain-high,country.iran:location;commodity.brent:affected_market,candidate,gdelt,
reject,within 35d of existing event soleimani_strike_2020 (2020-01-03) - same episode,2991,gdelt_irn_irq_20200115,2020-01-15,day,conflict_escalation,GDELT candidate: military clash / attack involving Iran / Iraq (2020-01-15),"AUTO-HARVESTED, UNVERIFIED. GDELT recorded a military clash / attack (actors: Iran and Iraqi), peak 559 mentions, 2991 total across sampled files. Joe must verify the source and code severity/surprise before approval.",3,3,low,https://www.nbcbayarea.com/news/national-international/dem-senator-says-he-has-51-votes-to-restrain-trump-on-iran/2215322/,country.iran:location;country.iraq:location;commodity.brent:affected_market,candidate,gdelt,
reject,"outside usable price window (need 130d before & 20d after; have 9932 before, 0 on/after)",2945,gdelt_jor_irn_20260715,2026-07-15,day,conflict_escalation,GDELT candidate: military clash / attack involving Iran (2026-07-15),"AUTO-HARVESTED, UNVERIFIED. GDELT recorded a military clash / attack (actors: Jordan and Iran), peak 1650 mentions, 2945 total across sampled files. Joe must verify the source and code severity/surprise before approval.",3,3,low,https://isp.netscape.com:443/news/world/story/0001/20260715/b7c592f269d822407dd6b5641602bf25,country.iran:location;commodity.brent:affected_market,candidate,gdelt,
reject,duplicate episode: within 35d of stronger candidate gdelt_rus_ukr_20230115 (8197 mentions),2900,gdelt_rus_x_20230115,2023-01-15,day,conflict_escalation,GDELT candidate: military clash / attack involving Russia (2023-01-15),"AUTO-HARVESTED, UNVERIFIED. GDELT recorded a military clash / attack (actors: Russia), peak 558 mentions, 2900 total across sampled files. Joe must verify the source and code severity/surprise before approval.",3,3,low,https://weisradio.com/2023/01/14/russia-ukraine-live-updates-russian-missile-attacks-on-kyiv-saturday-morning/,country.russia:location;commodity.brent:affected_market,candidate,gdelt,
reject,duplicate episode: within 35d of stronger candidate gdelt_lby_usa_20160115 (3400 mentions),2884,gdelt_irq_x_20160115,2016-01-15,day,conflict_escalation,GDELT candidate: military clash / attack involving Iraq (2016-01-15),"AUTO-HARVESTED, UNVERIFIED. GDELT recorded a military clash / attack (actors: Iraq), peak 576 mentions, 2884 total across sampled files. Joe must verify the source and code severity/surprise before approval.",3,3,low,http://www.daytondailynews.com/ap/ap/top-news/militants-use-of-human-shields-in-ramadi-slows-pro/np544/,country.iraq:location;commodity.brent:affected_market,candidate,gdelt,
reject,duplicate episode: within 35d of stronger candidate gdelt_rus_x_20250115 (2948 mentions),2881,gdelt_rus_ukr_20250115,2025-01-15,day,sanctions,GDELT candidate: sanctions action involving Russia (2025-01-15),"AUTO-HARVESTED, UNVERIFIED. GDELT recorded a sanctions action (actors: Russia and Ukraine), peak 456 mentions, 2881 total across sampled files. Joe must verify the source and code severity/surprise before approval.",3,3,low,https://www.newcastleherald.com.au/story/8866727/call-for-russia-to-face-full-force-if-aussie-killed/,country.russia:location;commodity.brent:affected_market,candidate,gdelt,
reject,duplicate episode: within 35d of stronger candidate saudi_intervention_yemen_2015 (seed),2615,gdelt_sau_x_20150415,2015-04-15,day,conflict_escalation,GDELT candidate: military clash / attack involving Saudi Arabia (2015-04-15),"AUTO-HARVESTED, UNVERIFIED. GDELT recorded a military clash / attack (actors: Saudi and Shiite), peak 654 mentions, 2615 total across sampled files. Joe must verify the source and code severity/surprise before approval.",3,3,low,http://www.canberratimes.com.au/world/bali-nine-appeal-lawyer-to-push-ahead-with-constitutional-court-challenge-20150415-1mlym1.html,country.saudi_arabia:location;commodity.brent:affected_market,candidate,gdelt,
reject,within 35d of existing event suez_ever_given_2021 (2021-03-23) - same episode,2605,gdelt_usa_rus_20210415,2021-04-15,day,sanctions,GDELT candidate: sanctions action involving Russia (2021-04-15),"AUTO-HARVESTED, UNVERIFIED. GDELT recorded a sanctions action (actors: Washington and Russian), peak 1654 mentions, 2605 total across sampled files. Joe must verify the source and code severity/surprise before approval.",3,3,low,https://wsau.com/2021/04/14/u-s-set-to-slap-new-sanctions-on-russian-officials-as-soon-as-thursday-sources/,country.russia:location;commodity.brent:affected_market,candidate,gdelt,
reject,"outside usable price window (need 130d before & 20d after; have 9932 before, 0 on/after)",2552,gdelt_x_irn_20260715,2026-07-15,day,conflict_escalation,GDELT candidate: military clash / attack involving Iran (2026-07-15),"AUTO-HARVESTED, UNVERIFIED. GDELT recorded a military clash / attack (actors: Iranian), peak 672 mentions, 2552 total across sampled files. Joe must verify the source and code severity/surprise before approval.",3,3,low,http://www.rockymounttelegram.com/news/world/us-restores-blockade-on-iran-after-its-attacks-on-ships-in-the-strait-of-hormuz/article_79715ecf-22cf-5ca6-ada2-2e70ed801e68.html,country.iran:location;commodity.brent:affected_market,candidate,gdelt,
reject,within 35d of existing event soleimani_strike_2020 (2020-01-03) - same episode,2529,gdelt_irn_ukr_20200115,2020-01-15,day,conflict_escalation,GDELT candidate: military clash / attack involving Iran (2020-01-15),"AUTO-HARVESTED, UNVERIFIED. GDELT recorded a military clash / attack (actors: Iran and Ukrainian), peak 859 mentions, 2529 total across sampled files. Joe must verify the source and code severity/surprise before approval.",3,3,low,https://www.washingtonpost.com/world/middle_east/in-iran-its-possible-to-be-angry-at-both-the-government-and-america/2020/01/14/5f04efba-361b-11ea-a1ff-c48c1d59a4a1_story.html,country.iran:location;commodity.brent:affected_market,candidate,gdelt,
reject,within 35d of existing event nord_stream_sabotage_2022 (2022-09-26) - same episode,2494,gdelt_irn_x_20221015,2022-10-15,day,conflict_escalation,GDELT candidate: military clash / attack involving Iran (2022-10-15),"AUTO-HARVESTED, UNVERIFIED. GDELT recorded a military clash / attack (actors: Iran and Security Force), peak 1300 mentions, 2494 total across sampled files. Joe must verify the source and code severity/surprise before approval.",3,3,low,https://www.sandiegouniontribune.com/news/nation-world/story/2022-10-15/rights-group-233-killed-in-iran-protests-enter-fifth-week,country.iran:location;commodity.brent:affected_market,candidate,gdelt,
reject,within 35d of existing event nord_stream_sabotage_2022 (2022-09-26) - same episode,2282,gdelt_rus_ukr_20221015,2022-10-15,day,conflict_escalation,GDELT candidate: military clash / attack involving Russia (2022-10-15),"AUTO-HARVESTED, UNVERIFIED. GDELT recorded a military clash / attack (actors: Russia and Donbas), peak 898 mentions, 2282 total across sampled files. Joe must verify the source and code severity/surprise before approval.",3,3,low,https://www.straitstimes.com/asia/russias-dangerous-annexation-rattles-asia,country.russia:location;commodity.brent:affected_market,candidate,gdelt,
reject,duplicate episode: within 35d of stronger candidate gdelt_x_irq_20161015 (5849 mentions),2247,gdelt_rus_x_20161015,2016-10-15,day,conflict_escalation,GDELT candidate: military clash / attack involving Russia (2016-10-15),"AUTO-HARVESTED, UNVERIFIED. GDELT recorded a military clash / attack (actors: Russia), peak 230 mentions, 2247 total across sampled files. Joe must verify the source and code severity/surprise before approval.",3,3,low,http://www.deccanchronicle.com/nation/current-affairs/151016/india-russia-sign-key-agreements-ahead-of-brics-summit.html,country.russia:location;commodity.brent:affected_market,candidate,gdelt,
reject,duplicate episode: within 35d of stronger candidate gdelt_rus_x_20151015 (4926 mentions),2225,gdelt_x_irq_20151015,2015-10-15,day,conflict_escalation,GDELT candidate: military clash / attack involving Iraq (2015-10-15),"AUTO-HARVESTED, UNVERIFIED. GDELT recorded a military clash / attack (actors: Baghdad), peak 618 mentions, 2225 total across sampled files. Joe must verify the source and code severity/surprise before approval.",3,3,low,http://abcnews.go.com/International/wireStory/islamic-states-influence-felt-off-asia-pacific-34486749,country.iraq:location;commodity.brent:affected_market,candidate,gdelt,
reject,within 35d of existing event soleimani_strike_2020 (2020-01-03) - same episode,2190,gdelt_usa_irn_20200115,2020-01-15,day,conflict_escalation,GDELT candidate: military clash / attack involving Iran (2020-01-15),"AUTO-HARVESTED, UNVERIFIED. GDELT recorded a military clash / attack (actors: American and Iran), peak 206 mentions, 2190 total across sampled files. Joe must verify the source and code severity/surprise before approval.",3,3,low,https://nypost.com/2020/01/14/justin-trudeaus-disgraceful-new-low-chiming-in-with-irans-propaganda/,country.iran:location;commodity.brent:affected_market,candidate,gdelt,
reject,duplicate episode: within 35d of stronger candidate gdelt_irq_x_20141015 (5152 mentions),2183,gdelt_x_irq_20141015,2014-10-15,day,conflict_escalation,GDELT candidate: military clash / attack involving Iraq (2014-10-15),"AUTO-HARVESTED, UNVERIFIED. GDELT recorded a military clash / attack (actors: Mosul), peak 310 mentions, 2183 total across sampled files. Joe must verify the source and code severity/surprise before approval.",3,3,low,http://www.observer-reporter.com/article/20141015/NEWS05/141019649,country.iraq:location;commodity.brent:affected_market,candidate,gdelt,
reject,within 35d of existing event nord_stream_sabotage_2022 (2022-09-26) - same episode,2053,gdelt_x_irn_20221015,2022-10-15,day,conflict_escalation,GDELT candidate: military clash / attack involving Iran (2022-10-15),"AUTO-HARVESTED, UNVERIFIED. GDELT recorded a military clash / attack (actors: Rioter and Iran), peak 1179 mentions, 2053 total across sampled files. Joe must verify the source and code severity/surprise before approval.",3,3,low,https://www.understandingwar.org/backgrounder/iran-crisis-update-october-14,country.iran:location;commodity.brent:affected_market,candidate,gdelt,
reject,duplicate episode: within 35d of stronger candidate gdelt_x_ven_20260115 (3589 mentions),2046,gdelt_usa_ven_20260115,2026-01-15,day,conflict_escalation,GDELT candidate: military clash / attack involving Venezuela (2026-01-15),"AUTO-HARVESTED, UNVERIFIED. GDELT recorded a military clash / attack (actors: Washington and Venezuela), peak 774 mentions, 2046 total across sampled files. Joe must verify the source and code severity/surprise before approval.",3,3,low,https://www.fox5ny.com/news/minneapolis-ice-shooting-federal-law-enforcement-north-minneapolis-jan-14,country.venezuela:location;commodity.brent:affected_market,candidate,gdelt,
reject,duplicate episode: within 35d of stronger candidate gdelt_irq_x_20140115 (7785 mentions),1989,gdelt_x_irq_20140115,2014-01-15,day,conflict_escalation,GDELT candidate: military clash / attack involving Iraq (2014-01-15),"AUTO-HARVESTED, UNVERIFIED. GDELT recorded a military clash / attack (actors: Baghdad), peak 110 mentions, 1989 total across sampled files. Joe must verify the source and code severity/surprise before approval.",3,3,low,http://www.newsabahtimes.com.my/nstweb/fullstory/74659,country.iraq:location;commodity.brent:affected_market,candidate,gdelt,
reject,duplicate episode: within 35d of stronger candidate gdelt_lby_x_20140715 (2020 mentions),1974,gdelt_irq_x_20140715,2014-07-15,day,conflict_escalation,GDELT candidate: military clash / attack involving Iraq (2014-07-15),"AUTO-HARVESTED, UNVERIFIED. GDELT recorded a military clash / attack (actors: Iraq), peak 160 mentions, 1974 total across sampled files. Joe must verify the source and code severity/surprise before approval.",3,3,low,http://www.euronews.com/newswires/2597818-iraqi-army-launches-new-assault-on-tikrit-sources/,country.iraq:location;commodity.brent:affected_market,candidate,gdelt,
reject,"outside usable price window (need 130d before & 20d after; have 9932 before, 0 on/after)",1971,gdelt_isr_irn_20260715,2026-07-15,day,conflict_escalation,GDELT candidate: military clash / attack involving Iran (2026-07-15),"AUTO-HARVESTED, UNVERIFIED. GDELT recorded a military clash / attack (actors: Israel and Iran), peak 1690 mentions, 1971 total across sampled files. Joe must verify the source and code severity/surprise before approval.",3,3,low,http://www.thegazette.com/news/world/us-reimposes-its-blockade-on-iran-after-tehrans-attacks-on-ships-in-the-strait-of/article_8f5778c1-bfc3-53fb-b1f2-e4de1ec119fd.html,country.iran:location;commodity.brent:affected_market,candidate,gdelt,
reject,within 35d of existing event opec_surprise_cut_2023 (2023-04-02) - same episode,1955,gdelt_sau_sdn_20230415,2023-04-15,day,conflict_escalation,GDELT candidate: military clash / attack involving Saudi Arabia (2023-04-15),"AUTO-HARVESTED, UNVERIFIED. GDELT recorded a military clash / attack (actors: Saudi Arabia and Khartoum), peak 1920 mentions, 1955 total across sampled files. Joe must verify the source and code severity/surprise before approval.",3,3,low,https://www.normantranscript.com/region/sudans-army-and-rival-force-clash-wider-conflict-feared/article_5b916307-fe48-5ea4-9e68-b2c65e0c713b.html,country.saudi_arabia:location;commodity.brent:affected_market,candidate,gdelt,
reject,duplicate episode: within 35d of stronger candidate gdelt_lby_x_20140715 (2020 mentions),1947,gdelt_rus_x_20140715,2014-07-15,day,conflict_escalation,GDELT candidate: military clash / attack involving Russia (2014-07-15),"AUTO-HARVESTED, UNVERIFIED. GDELT recorded a military clash / attack (actors: Russia), peak 772 mentions, 1947 total across sampled files. Joe must verify the source and code severity/surprise before approval.",3,3,low,http://savannahnow.com/news/2014-07-15/airstrike-eastern-ukraine-kills-11-civilians,country.russia:location;commodity.brent:affected_market,candidate,gdelt,
reject,duplicate episode: within 35d of stronger candidate gdelt_rus_x_20230715 (3310 mentions),1934,gdelt_ukr_rus_20230715,2023-07-15,day,sanctions,GDELT candidate: sanctions action involving Russia (2023-07-15),"AUTO-HARVESTED, UNVERIFIED. GDELT recorded a sanctions action (actors: Ukraine and Moscow), peak 824 mentions, 1934 total across sampled files. Joe must verify the source and code severity/surprise before approval.",3,3,low,https://www.belfasttelegraph.co.uk/news/world-news/ukrainian-forces-shoot-down-10-russian-drones-in-latest-barrage/a116158593.html,country.russia:location;commodity.brent:affected_market,candidate,gdelt,
reject,within 35d of existing event iran_sanctions_reimposed_2018 (2018-05-08) - same episode,1931,gdelt_syr_rus_20180415,2018-04-15,day,conflict_escalation,GDELT candidate: military clash / attack involving Russia (2018-04-15),"AUTO-HARVESTED, UNVERIFIED. GDELT recorded a military clash / attack (actors: Syria and Russia), peak 516 mentions, 1931 total across sampled files. Joe must verify the source and code severity/surprise before approval.",3,3,low,http://lufkindailynews.com/news/us/article_f93e99b0-e068-5da3-b3ec-58cd9b38f245.html,country.russia:location;commodity.brent:affected_market,candidate,gdelt,
reject,duplicate episode: within 35d of stronger candidate gdelt_usa_sau_20181015 (7014 mentions),1917,gdelt_sau_tur_20181015,2018-10-15,day,conflict_escalation,GDELT candidate: military clash / attack involving Saudi Arabia (2018-10-15),"AUTO-HARVESTED, UNVERIFIED. GDELT recorded a military clash / attack (actors: Saudi and Turkey), peak 402 mentions, 1917 total across sampled files. Joe must verify the source and code severity/surprise before approval.",3,3,low,https://www.npr.org/2018/10/15/657407545/on-60-minutes-trump-talks-possible-mattis-exit-climate-change-and-kim-jong-un,country.saudi_arabia:location;commodity.brent:affected_market,candidate,gdelt,
reject,within 35d of existing event soleimani_strike_2020 (2020-01-03) - same episode,1874,gdelt_lby_x_20200115,2020-01-15,day,conflict_escalation,GDELT candidate: military clash / attack involving Libya (2020-01-15),"AUTO-HARVESTED, UNVERIFIED. GDELT recorded a military clash / attack (actors: Libya), peak 1407 mentions, 1874 total across sampled files. Joe must verify the source and code severity/surprise before approval.",3,3,low,https://www.heraldbulletin.com/news/nation_world/putin-seeks-reforms-to-boost-powers-of-parliament-cabinet/article_06033753-be40-51d9-8c5f-afe28678ddd4.html,country.libya:location;commodity.brent:affected_market,candidate,gdelt,
reject,duplicate episode: within 35d of stronger candidate gdelt_irn_x_20150715 (6084 mentions),1780,gdelt_rus_tur_20150716,2015-07-16,day,conflict_escalation,GDELT candidate: military clash / attack involving Russia (2015-07-16),"AUTO-HARVESTED, UNVERIFIED. GDELT recorded a military clash / attack (actors: Russia and Turkey), peak 1306 mentions, 1780 total across sampled files. Joe must verify the source and code severity/surprise before approval.",3,3,low,http://hosted.ap.org/dynamic/stories/E/EU_TURKEY_MILITARY_COUP_THE_LATEST?SITE=AP&SECTION=HOME&TEMPLATE=DEFAULT&CTIME=2016-07-15-17-39-42,country.russia:location;commodity.brent:affected_market,candidate,gdelt,
reject,duplicate episode: within 35d of stronger candidate gdelt_rus_x_20250115 (2948 mentions),1731,gdelt_rus_aus_20250115,2025-01-15,day,conflict_escalation,GDELT candidate: military clash / attack involving Russia (2025-01-15),"AUTO-HARVESTED, UNVERIFIED. GDELT recorded a military clash / attack (actors: Russian and Australian), peak 990 mentions, 1731 total across sampled files. Joe must verify the source and code severity/surprise before approval.",3,3,low,https://www.edenmagnet.com.au/story/8866778/grave-concerns-for-australian-teacher-captured-by-russian-troops/?cs=14264,country.russia:location;commodity.brent:affected_market,candidate,gdelt,
reject,duplicate episode: within 35d of stronger candidate gdelt_irq_x_20180115 (1888 mentions),1725,gdelt_ven_x_20180115,2018-01-15,day,conflict_escalation,GDELT candidate: military clash / attack involving Venezuela (2018-01-15),"AUTO-HARVESTED, UNVERIFIED. GDELT recorded a military clash / attack (actors: Venezuela and Military), peak 754 mentions, 1725 total across sampled files. Joe must verify the source and code severity/surprise before approval.",3,3,low,http://hosted2.ap.org/CAANR/0260ea4c3e85456b80715585ba3c7b5b/Article_2018-01-15-LT-Venezuela-Political-Crisis/id-963c67ad9ccf4cf18a761ecee310b41b,country.venezuela:location;commodity.brent:affected_market,candidate,gdelt,
reject,duplicate episode: within 35d of stronger candidate gdelt_usa_sau_20181015 (7014 mentions),1716,gdelt_rus_x_20181015,2018-10-15,day,conflict_escalation,GDELT candidate: military clash / attack involving Russia (2018-10-15),"AUTO-HARVESTED, UNVERIFIED. GDELT recorded a military clash / attack (actors: Vladimir Putin), peak 632 mentions, 1716 total across sampled files. Joe must verify the source and code severity/surprise before approval.",3,3,low,https://www.mysanantonio.com/news/crime/article/Greece-Molotov-cocktails-injure-4-police-officers-13309159.php,country.russia:location;commodity.brent:affected_market,candidate,gdelt,
reject,"outside usable price window (need 130d before & 20d after; have 9932 before, 0 on/after)",1674,gdelt_irn_kwt_20260715,2026-07-15,day,conflict_escalation,GDELT candidate: military clash / attack involving Iran / Kuwait (2026-07-15),"AUTO-HARVESTED, UNVERIFIED. GDELT recorded a military clash / attack (actors: Iran and Kuwait), peak 1101 mentions, 1674 total across sampled files. Joe must verify the source and code severity/surprise before approval.",3,3,low,https://www.odnako.org/iran-missiles-against-us-bases-in-kuwait-and-bahrain-tehran-claims-responsibility-for-the-attack/,country.iran:location;country.kuwait:location;commodity.brent:affected_market,candidate,gdelt,
reject,duplicate episode: within 35d of stronger candidate iran_strikes_israel_oct_2024 (seed),1658,gdelt_irn_isr_20241015,2024-10-15,day,conflict_escalation,GDELT candidate: military clash / attack involving Iran (2024-10-15),"AUTO-HARVESTED, UNVERIFIED. GDELT recorded a military clash / attack (actors: Iranian and Israeli), peak 613 mentions, 1658 total across sampled files. Joe must verify the source and code severity/surprise before approval.",3,3,low,https://arynews.tv/irans-quds-force-chief-qaani-surfaces-attends-funeral/,country.iran:location;commodity.brent:affected_market,candidate,gdelt,
reject,duplicate episode: within 35d of stronger candidate gdelt_lby_usa_20160115 (3400 mentions),1644,gdelt_lby_x_20160115,2016-01-15,day,conflict_escalation,GDELT candidate: military clash / attack involving Libya (2016-01-15),"AUTO-HARVESTED, UNVERIFIED. GDELT recorded a military clash / attack (actors: Libya), peak 1408 mentions, 1644 total across sampled files. Joe must verify the source and code severity/surprise before approval.",3,3,low,http://www.tyronetimes.co.uk/news/national/blair-refuses-to-appear-before-mps-probing-links-between-ira-and-libya-1-7163303,country.libya:location;commodity.brent:affected_market,candidate,gdelt,
reject,duplicate episode: within 35d of stronger candidate gdelt_x_lby_20140415 (1795 mentions),1637,gdelt_rus_x_20140415,2014-04-15,day,sanctions,GDELT candidate: sanctions action involving Russia (2014-04-15),"AUTO-HARVESTED, UNVERIFIED. GDELT recorded a sanctions action (actors: Moscow), peak 152 mentions, 1637 total across sampled files. Joe must verify the source and code severity/surprise before approval.",3,3,low,http://abclocal.go.com/kabc/story?section=news/world_news&id=9504584,country.russia:location;commodity.brent:affected_market,candidate,gdelt,
reject,duplicate episode: within 35d of stronger candidate gdelt_rus_x_20220715 (3958 mentions),1609,gdelt_rus_ukr_20220715,2022-07-15,day,conflict_escalation,GDELT candidate: military clash / attack involving Russia (2022-07-15),"AUTO-HARVESTED, UNVERIFIED. GDELT recorded a military clash / attack (actors: Russian and Kyiv), peak 243 mentions, 1609 total across sampled files. Joe must verify the source and code severity/surprise before approval.",3,3,low,https://inlandnewstoday.com/story.php?s=67974,country.russia:location;commodity.brent:affected_market,candidate,gdelt,
reject,duplicate episode: within 35d of stronger candidate israel_iran_war_2025 (seed),1602,gdelt_rus_x_20250715,2025-07-15,day,conflict_escalation,GDELT candidate: military clash / attack involving Russia (2025-07-15),"AUTO-HARVESTED, UNVERIFIED. GDELT recorded a military clash / attack (actors: Russia), peak 660 mentions, 1602 total across sampled files. Joe must verify the source and code severity/surprise before approval.",3,3,low,https://wcyb.com/news/nation-world/fact-check-team-ukraine-fights-back-with-drone-interceptor-program-kyiv-russian-strikes-pilot-golden-dome-pete-hegseth-city,country.russia:location;commodity.brent:affected_market,candidate,gdelt,
reject,duplicate episode: within 35d of stronger candidate gdelt_x_ven_20260115 (3589 mentions),1596,gdelt_ven_x_20260115,2026-01-15,day,conflict_escalation,GDELT candidate: military clash / attack involving Venezuela (2026-01-15),"AUTO-HARVESTED, UNVERIFIED. GDELT recorded a military clash / attack (actors: Venezuelan), peak 867 mentions, 1596 total across sampled files. Joe must verify the source and code severity/surprise before approval.",3,3,low,https://www.wfmz.com/news/ap/senate-republicans-defeat-venezuela-war-powers-resolution-as-trump-pressures-2-gop-senators-to-flip/article_f5e088ca-ad5e-5f1b-a550-9cfc20b0a5ad.html,country.venezuela:location;commodity.brent:affected_market,candidate,gdelt,
reject,duplicate episode: within 35d of stronger candidate iran_strikes_israel_oct_2024 (seed),1589,gdelt_isr_irn_20241015,2024-10-15,day,conflict_escalation,GDELT candidate: military clash / attack involving Iran (2024-10-15),"AUTO-HARVESTED, UNVERIFIED. GDELT recorded a military clash / attack (actors: Israel and Iran), peak 170 mentions, 1589 total across sampled files. Joe must verify the source and code severity/surprise before approval.",3,3,low,https://www.philstar.com/world/2024/10/15/2392687/netanyahu-vows-no-mercy-after-deadly-hezbollah-drone-strike,country.iran:location;commodity.brent:affected_market,candidate,gdelt,
reject,within 35d of existing event soleimani_strike_2020 (2020-01-03) - same episode,1586,gdelt_irq_irn_20200115,2020-01-15,day,conflict_escalation,GDELT candidate: military clash / attack involving Iraq / Iran (2020-01-15),"AUTO-HARVESTED, UNVERIFIED. GDELT recorded a military clash / attack (actors: Iraqi and Iran), peak 282 mentions, 1586 total across sampled files. Joe must verify the source and code severity/surprise before approval.",3,3,low,https://www.haaretz.com/middle-east-news/syria/.premium-israel-strike-iran-base-syria-t4-three-dead-1.8402100,country.iraq:location;country.iran:location;commodity.brent:affected_market,candidate,gdelt,
reject,within 35d of existing event israel_hamas_war_2023 (2023-10-07) - same episode,1572,gdelt_rus_ukr_20231015,2023-10-15,day,conflict_escalation,GDELT candidate: military clash / attack involving Russia (2023-10-15),"AUTO-HARVESTED, UNVERIFIED. GDELT recorded a military clash / attack (actors: Russian and Ukraine), peak 297 mentions, 1572 total across sampled files. Joe must verify the source and code severity/surprise before approval.",3,3,low,https://www.criticalthreats.org/analysis/russian-offensive-campaign-assessment-october-14-2023,country.russia:location;commodity.brent:affected_market,candidate,gdelt,
reject,duplicate episode: within 35d of stronger candidate saudi_intervention_yemen_2015 (seed),1569,gdelt_usa_irq_20150415,2015-04-15,day,conflict_escalation,GDELT candidate: military clash / attack involving Iraq (2015-04-15),"AUTO-HARVESTED, UNVERIFIED. GDELT recorded a military clash / attack (actors: Obama and Iraq), peak 439 mentions, 1569 total across sampled files. Joe must verify the source and code severity/surprise before approval.",3,3,low,http://lethbridgeherald.com/news/world-news/2015/04/15/islamic-state-militants-seize-villages-near-iraqi-provincial-capital-of-ramadi/,country.iraq:location;commodity.brent:affected_market,candidate,gdelt,
reject,duplicate episode: within 35d of stronger candidate gdelt_usa_irn_20260415 (1590 mentions),1530,gdelt_irn_x_20260415,2026-04-15,day,conflict_escalation,GDELT candidate: military clash / attack involving Iran (2026-04-15),"AUTO-HARVESTED, UNVERIFIED. GDELT recorded a military clash / attack (actors: Iran), peak 240 mentions, 1530 total across sampled files. Joe must verify the source and code severity/surprise before approval.",3,3,low,https://www.wkyc.com/article/news/nation-world/uss-gerald-r-ford-longest-aircraft-carrier-deployment-since-vietnam-war/507-90860190-c671-4b1c-9a69-cecb8a9c579a,country.iran:location;commodity.brent:affected_market,candidate,gdelt,
reject,"outside usable price window (need 130d before & 20d after; have 9932 before, 0 on/after)",1528,gdelt_sau_kwt_20260715,2026-07-15,day,conflict_escalation,GDELT candidate: military clash / attack involving Saudi Arabia / Kuwait (2026-07-15),"AUTO-HARVESTED, UNVERIFIED. GDELT recorded a military clash / attack (actors: Saudi Arabia and Kuwaiti), peak 992 mentions, 1528 total across sampled files. Joe must verify the source and code severity/surprise before approval.",3,3,low,http://www.brazilsun.com/news/279188316/us-completes-another-round-of-strikes-on-iranian-military-targets,country.saudi_arabia:location;country.kuwait:location;commodity.brent:affected_market,candidate,gdelt,
reject,within 35d of existing event israel_hamas_war_2023 (2023-10-07) - same episode,1524,gdelt_rus_x_20231015,2023-10-15,day,conflict_escalation,GDELT candidate: military clash / attack involving Russia (2023-10-15),"AUTO-HARVESTED, UNVERIFIED. GDELT recorded a military clash / attack (actors: Russia and School), peak 376 mentions, 1524 total across sampled files. Joe must verify the source and code severity/surprise before approval.",3,3,low,https://cbs6albany.com/news/nation-world/6-killed-in-russian-attacks-on-ukraine-as-kyiv-continues-drone-counterstrikes-oleksandr-prokudin-shells-blasts-explosion-guided-bombs-russian-invasion-war,country.russia:location;commodity.brent:affected_market,candidate,gdelt,
reject,within 35d of existing event opec_surprise_cut_2023 (2023-04-02) - same episode,1520,gdelt_rus_x_20230415,2023-04-15,day,sanctions,GDELT candidate: sanctions action involving Russia (2023-04-15),"AUTO-HARVESTED, UNVERIFIED. GDELT recorded a sanctions action (actors: Russian), peak 457 mentions, 1520 total across sampled files. Joe must verify the source and code severity/surprise before approval.",3,3,low,https://www.nhregister.com/news/politics/article/ukraine-awaits-us-missile-system-after-latest-17899054.php,country.russia:location;commodity.brent:affected_market,candidate,gdelt,
reject,duplicate episode: within 35d of stronger candidate gdelt_irq_x_20170115 (1967 mentions),1493,gdelt_bhr_are_20170115,2017-01-15,day,conflict_escalation,GDELT candidate: military clash / attack involving Uae (2017-01-15),"AUTO-HARVESTED, UNVERIFIED. GDELT recorded a military clash / attack (actors: Bahraini and Emirati), peak 1065 mentions, 1493 total across sampled files. Joe must verify the source and code severity/surprise before approval.",3,3,low,http://www.mynews13.com/content/news/cfnews13/news/article.html/content/news/articles/ap/2017/01/15/Bahrain_executes_3_convicted_in_deadly_police_bombing.html,country.uae:location;commodity.brent:affected_market,candidate,gdelt,
reject,duplicate episode: within 35d of stronger candidate gdelt_lby_x_20140715 (2020 mentions),1492,gdelt_x_irq_20140715,2014-07-15,day,conflict_escalation,GDELT candidate: military clash / attack involving Iraq (2014-07-15),"AUTO-HARVESTED, UNVERIFIED. GDELT recorded a military clash / attack (actors: Baghdad), peak 174 mentions, 1492 total across sampled files. Joe must verify the source and code severity/surprise before approval.",3,3,low,http://www.euronews.com/newswires/2597818-iraqi-army-launches-new-assault-on-tikrit-sources/,country.iraq:location;commodity.brent:affected_market,candidate,gdelt,
reject,duplicate episode: within 35d of stronger candidate gdelt_rus_ukr_20220415 (21455 mentions),1488,gdelt_rus_rus_20220415,2022-04-15,day,conflict_escalation,GDELT candidate: military clash / attack involving Russia / Russia (2022-04-15),"AUTO-HARVESTED, UNVERIFIED. GDELT recorded a military clash / attack (actors: Russia and Russia), peak 817 mentions, 1488 total across sampled files. Joe must verify the source and code severity/surprise before approval.",3,3,low,https://www.seattlepi.com/news/article/Live-Updates-Russia-Ukraine-War-17082722.php,country.russia:location;country.russia:location;commodity.brent:affected_market,candidate,gdelt,
reject,duplicate episode: within 35d of stronger candidate gdelt_usa_sau_20181015 (7014 mentions),1485,gdelt_aus_sau_20181015,2018-10-15,day,conflict_escalation,GDELT candidate: military clash / attack involving Saudi Arabia (2018-10-15),"AUTO-HARVESTED, UNVERIFIED. GDELT recorded a military clash / attack (actors: Australia and Saudi), peak 888 mentions, 1485 total across sampled files. Joe must verify the source and code severity/surprise before approval.",3,3,low,https://www.thestate.com/news/nation-world/world/article220033400.html,country.saudi_arabia:location;commodity.brent:affected_market,candidate,gdelt,
reject,duplicate episode: within 35d of stronger candidate gdelt_x_irq_20161015 (5849 mentions),1469,gdelt_x_rus_20161015,2016-10-15,day,conflict_escalation,GDELT candidate: military clash / attack involving Russia (2016-10-15),"AUTO-HARVESTED, UNVERIFIED. GDELT recorded a military clash / attack (actors: Military and Russia), peak 812 mentions, 1469 total across sampled files. Joe must verify the source and code severity/surprise before approval.",3,3,low,http://www.cnn.com/2016/10/15/world/syria-talks-switzerland-us-russia/,country.russia:location;commodity.brent:affected_market,candidate,gdelt,
reject,duplicate episode: within 35d of stronger candidate gdelt_ukr_rus_20240115 (1701 mentions),1469,gdelt_rus_ukr_20240115,2024-01-15,day,conflict_escalation,GDELT candidate: military clash / attack involving Russia (2024-01-15),"AUTO-HARVESTED, UNVERIFIED. GDELT recorded a military clash / attack (actors: Russia and Ukraine), peak 173 mentions, 1469 total across sampled files. Joe must verify the source and code severity/surprise before approval.",3,3,low,https://www.wtaj.com/news/national-news/ap-convicted-former-russian-mayor-cuts-jail-time-short-by-agreeing-to-fight-in-ukraine/,country.russia:location;commodity.brent:affected_market,candidate,gdelt,
reject,duplicate episode: within 35d of stronger candidate gdelt_rus_x_20230715 (3310 mentions),1419,gdelt_rus_ukr_20230715,2023-07-15,day,conflict_escalation,GDELT candidate: military clash / attack involving Russia (2023-07-15),"AUTO-HARVESTED, UNVERIFIED. GDELT recorded a military clash / attack (actors: Russia and Ukraine), peak 353 mentions, 1419 total across sampled files. Joe must verify the source and code severity/surprise before approval.",3,3,low,https://www.chronicleonline.com/news/world/south-korean-president-yoon-suk-yeol-makes-surprise-visit-to-ukraine/article_9706c6c2-c8b5-50b5-862d-452eaa33e2e2.html,country.russia:location;commodity.brent:affected_market,candidate,gdelt,
reject,within 35d of existing event suez_ever_given_2021 (2021-03-23) - same episode,1390,gdelt_x_rus_20210415,2021-04-15,day,conflict_escalation,GDELT candidate: military clash / attack involving Russia (2021-04-15),"AUTO-HARVESTED, UNVERIFIED. GDELT recorded a military clash / attack (actors: Infantry and Russian), peak 826 mentions, 1390 total across sampled files. Joe must verify the source and code severity/surprise before approval.",3,3,low,https://www.theguardian.com/us-news/2021/apr/14/biden-set-to-sanction-russian-officials-over-massive-solarwinds-hack,country.russia:location;commodity.brent:affected_market,candidate,gdelt,
reject,within 35d of existing event opec_surprise_cut_2023 (2023-04-02) - same episode,1347,gdelt_rus_ukr_20230415,2023-04-15,day,conflict_escalation,GDELT candidate: military clash / attack involving Russia (2023-04-15),"AUTO-HARVESTED, UNVERIFIED. GDELT recorded a military clash / attack (actors: Russia and Ukrainian), peak 79 mentions, 1347 total across sampled files. Joe must verify the source and code severity/surprise before approval.",3,3,low,https://www.msn.com/en-us/news/world/russian-strike-kills-nine-including-toddler-in-eastern-ukraine/ar-AA19TgEL,country.russia:location;commodity.brent:affected_market,candidate,gdelt,
reject,within 35d of existing event nord_stream_sabotage_2022 (2022-09-26) - same episode,1329,gdelt_ukr_rus_20221015,2022-10-15,day,conflict_escalation,GDELT candidate: military clash / attack involving Russia (2022-10-15),"AUTO-HARVESTED, UNVERIFIED. GDELT recorded a military clash / attack (actors: Donbas and Russia), peak 130 mentions, 1329 total across sampled files. Joe must verify the source and code severity/surprise before approval.",3,3,low,https://wcfcourier.com/news/national/ap-news-summary-at-10-34-p-m-edt/article_b4b7b9a3-366b-59fe-821f-21c6740e6210.html,country.russia:location;commodity.brent:affected_market,candidate,gdelt,
reject,duplicate episode: within 35d of stronger candidate gdelt_irq_x_20141015 (5152 mentions),1314,gdelt_lby_x_20141015,2014-10-15,day,conflict_escalation,GDELT candidate: military clash / attack involving Libya (2014-10-15),"AUTO-HARVESTED, UNVERIFIED. GDELT recorded a military clash / attack (actors: Libya), peak 224 mentions, 1314 total across sampled files. Joe must verify the source and code severity/surprise before approval.",3,3,low,"Aljazeera.net website, Doha/BBC Monitoring/(c) BBC",country.libya:location;commodity.brent:affected_market,candidate,gdelt,
reject,duplicate episode: within 35d of stronger candidate saudi_intervention_yemen_2015 (seed),1312,gdelt_rus_x_20150415,2015-04-15,day,conflict_escalation,GDELT candidate: military clash / attack involving Russia (2015-04-15),"AUTO-HARVESTED, UNVERIFIED. GDELT recorded a military clash / attack (actors: Russia), peak 506 mentions, 1312 total across sampled files. Joe must verify the source and code severity/surprise before approval.",3,3,low,http://www.sfgate.com/entertainment/article/Russia-blocks-Hollywood-thriller-day-before-its-6201018.php,country.russia:location;commodity.brent:affected_market,candidate,gdelt,
reject,duplicate episode: within 35d of stronger candidate gdelt_ukr_rus_20240115 (1701 mentions),1300,gdelt_are_isr_20240115,2024-01-15,day,conflict_escalation,GDELT candidate: military clash / attack involving Uae (2024-01-15),"AUTO-HARVESTED, UNVERIFIED. GDELT recorded a military clash / attack (actors: Dubai and Israel), peak 308 mentions, 1300 total across sampled files. Joe must verify the source and code severity/surprise before approval.",3,3,low,https://www.bostonherald.com/2024/01/14/yemen-houthi-rebels-fire-missile-at-us-warship-in-red-sea-in-first-attack-after-american-led-strikes/,country.uae:location;commodity.brent:affected_market,candidate,gdelt,
reject,duplicate episode: within 35d of stronger candidate gdelt_x_rus_20201015 (2110 mentions),1293,gdelt_bel_rus_20201015,2020-10-15,day,sanctions,GDELT candidate: sanctions action involving Russia (2020-10-15),"AUTO-HARVESTED, UNVERIFIED. GDELT recorded a sanctions action (actors: Brussels and Russian), peak 493 mentions, 1293 total across sampled files. Joe must verify the source and code severity/surprise before approval.",3,3,low,https://www.thetelegraph.com/news/article/EU-imposes-sanctions-on-6-Russians-over-Navalny-15649413.php,country.russia:location;commodity.brent:affected_market,candidate,gdelt,
reject,duplicate episode: within 35d of stronger candidate gdelt_irq_x_20180115 (1888 mentions),1276,gdelt_rus_wst_20180115,2018-01-15,day,conflict_escalation,GDELT candidate: military clash / attack involving Russia (2018-01-15),"AUTO-HARVESTED, UNVERIFIED. GDELT recorded a military clash / attack (actors: Russia and Nato), peak 1030 mentions, 1276 total across sampled files. Joe must verify the source and code severity/surprise before approval.",3,3,low,http://www.sfgate.com/news/world/article/Russian-military-conducts-massive-missile-drills-12498753.php,country.russia:location;commodity.brent:affected_market,candidate,gdelt,
reject,duplicate episode: within 35d of stronger candidate gdelt_irn_x_20150715 (6084 mentions),1271,gdelt_irq_x_20150715,2015-07-15,day,conflict_escalation,GDELT candidate: military clash / attack involving Iraq (2015-07-15),"AUTO-HARVESTED, UNVERIFIED. GDELT recorded a military clash / attack (actors: Iraq), peak 240 mentions, 1271 total across sampled files. Joe must verify the source and code severity/surprise before approval.",3,3,low,https://en-maktoob.news.yahoo.com/u-delivers-iraqi-antiquities-seized-raid-islamic-state-093739932.html,country.iraq:location;commodity.brent:affected_market,candidate,gdelt,
reject,duplicate episode: within 35d of stronger candidate gdelt_lby_usa_20160115 (3400 mentions),1268,gdelt_x_irq_20160115,2016-01-15,day,conflict_escalation,GDELT candidate: military clash / attack involving Iraq (2016-01-15),"AUTO-HARVESTED, UNVERIFIED. GDELT recorded a military clash / attack (actors: Commander and Iraq), peak 336 mentions, 1268 total across sampled files. Joe must verify the source and code severity/surprise before approval.",3,3,low,http://news.yahoo.com/iraqs-top-shiite-cleric-condemns-diyala-violence-123738480.html,country.iraq:location;commodity.brent:affected_market,candidate,gdelt,
reject,duplicate episode: within 35d of stronger candidate gdelt_lby_x_20140715 (2020 mentions),1267,gdelt_rus_ukr_20140715,2014-07-15,day,sanctions,GDELT candidate: sanctions action involving Russia (2014-07-15),"AUTO-HARVESTED, UNVERIFIED. GDELT recorded a sanctions action (actors: Russia and Ukraine), peak 230 mentions, 1267 total across sampled files. Joe must verify the source and code severity/surprise before approval.",3,3,low,http://www.durhamregion.com/news-story/4630488-rescue-workers-ukraine-airstrike-kills-civilians/,country.russia:location;commodity.brent:affected_market,candidate,gdelt,
reject,duplicate episode: within 35d of stronger candidate gdelt_x_lby_20140415 (1795 mentions),1246,gdelt_ukr_rus_20140415,2014-04-15,day,sanctions,GDELT candidate: sanctions action involving Russia (2014-04-15),"AUTO-HARVESTED, UNVERIFIED. GDELT recorded a sanctions action (actors: Ukraine and Russian), peak 124 mentions, 1246 total across sampled files. Joe must verify the source and code severity/surprise before approval.",3,3,low,http://www.heraldscotland.com/news/world-news/special-operation-launched.23978679,country.russia:location;commodity.brent:affected_market,candidate,gdelt,
reject,duplicate episode: within 35d of stronger candidate gdelt_irq_x_20141015 (5152 mentions),1226,gdelt_x_lby_20141015,2014-10-15,day,conflict_escalation,GDELT candidate: military clash / attack involving Libya (2014-10-15),"AUTO-HARVESTED, UNVERIFIED. GDELT recorded a military clash / attack (actors: Libya), peak 232 mentions, 1226 total across sampled files. Joe must verify the source and code severity/surprise before approval.",3,3,low,http://hosted2.ap.org/APDEFAULT/cae69a7523db45408eeb2b3a98c0c9c5/Article_2014-10-15-ML--Libya/id-7c83b42f5bb64dbd9ed058f8873a5da4&c=iYp8EcksKO2Tkd3oLGX1cvfisoZLg8XAypz-BzRX4pk&mkt=en-us,country.libya:location;commodity.brent:affected_market,candidate,gdelt,
reject,within 35d of existing event iran_sanctions_reimposed_2018 (2018-05-08) - same episode,1204,gdelt_x_rus_20180415,2018-04-15,day,conflict_escalation,GDELT candidate: military clash / attack involving Russia (2018-04-15),"AUTO-HARVESTED, UNVERIFIED. GDELT recorded a military clash / attack (actors: Russia), peak 180 mentions, 1204 total across sampled files. Joe must verify the source and code severity/surprise before approval.",3,3,low,http://www.jpost.com/Breaking-News/France-warns-of-humanitarian-disaster-in-Syrian-city-Idlib-549834,country.russia:location;commodity.brent:affected_market,candidate,gdelt,
reject,duplicate episode: within 35d of stronger candidate gdelt_rus_x_20230715 (3310 mentions),1197,gdelt_x_rus_20230715,2023-07-15,day,conflict_escalation,GDELT candidate: military clash / attack involving Russia (2023-07-15),"AUTO-HARVESTED, UNVERIFIED. GDELT recorded a military clash / attack (actors: Belgorod), peak 417 mentions, 1197 total across sampled files. Joe must verify the source and code severity/surprise before approval.",3,3,low,https://www.register-herald.com/news/nation_world/putin-says-he-offered-wagner-mercenaries-the-option-to-stay-as-a-single-unit/article_e098b359-66ea-52fa-ad4c-b87ad4421585.html,country.russia:location;commodity.brent:affected_market,candidate,gdelt,
reject,duplicate episode: within 35d of stronger candidate gdelt_rus_x_20220715 (3958 mentions),1183,gdelt_ukr_rus_20220715,2022-07-15,day,conflict_escalation,GDELT candidate: military clash / attack involving Russia (2022-07-15),"AUTO-HARVESTED, UNVERIFIED. GDELT recorded a military clash / attack (actors: Ukrainian and Russia), peak 370 mentions, 1183 total across sampled files. Joe must verify the source and code severity/surprise before approval.",3,3,low,https://www.jamaicaobserver.com/latest-news/russian-missiles-kill-at-least-23-in-ukraine-wound-over-100/,country.russia:location;commodity.brent:affected_market,candidate,gdelt,
reject,within 35d of existing event opec_surprise_cut_2023 (2023-04-02) - same episode,1182,gdelt_irq_x_20230415,2023-04-15,day,conflict_escalation,GDELT candidate: military clash / attack involving Iraq (2023-04-15),"AUTO-HARVESTED, UNVERIFIED. GDELT recorded a military clash / attack (actors: Iraq), peak 904 mentions, 1182 total across sampled files. Joe must verify the source and code severity/surprise before approval.",3,3,low,https://www.capradio.org/news/npr/story?storyid=1169935572,country.iraq:location;commodity.brent:affected_market,candidate,gdelt,
reject,duplicate episode: within 35d of stronger candidate gdelt_x_ven_20260115 (3589 mentions),1171,gdelt_irn_x_20260115,2026-01-15,day,conflict_escalation,GDELT candidate: military clash / attack involving Iran (2026-01-15),"AUTO-HARVESTED, UNVERIFIED. GDELT recorded a military clash / attack (actors: Iran), peak 108 mentions, 1171 total across sampled files. Joe must verify the source and code severity/surprise before approval.",3,3,low,https://www.kios.org/2026-01-15/irans-protests-appear-increasingly-smothered-after-a-deadly-crackdown,country.iran:location;commodity.brent:affected_market,candidate,gdelt,
reject,duplicate episode: within 35d of stronger candidate gdelt_rus_x_20151015 (4926 mentions),1158,gdelt_x_irn_20151015,2015-10-15,day,conflict_escalation,GDELT candidate: military clash / attack involving Iran (2015-10-15),"AUTO-HARVESTED, UNVERIFIED. GDELT recorded a military clash / attack (actors: Police and Iranian), peak 380 mentions, 1158 total across sampled files. Joe must verify the source and code severity/surprise before approval.",3,3,low,http://wkrg.com/ap/australian-police-investigate-12-year-old-terror-suspect/,country.iran:location;commodity.brent:affected_market,candidate,gdelt,
reject,"outside usable price window (need 130d before & 20d after; have 9932 before, 0 on/after)",1133,gdelt_irn_bhr_20260715,2026-07-15,day,conflict_escalation,GDELT candidate: military clash / attack involving Iran (2026-07-15),"AUTO-HARVESTED, UNVERIFIED. GDELT recorded a military clash / attack (actors: Iran and Bahrain), peak 1060 mentions, 1133 total across sampled files. Joe must verify the source and code severity/surprise before approval.",3,3,low,https://newsradio1170.iheart.com/content/2026-07-15-us-launches-daytime-strikes-against-iran/,country.iran:location;commodity.brent:affected_market,candidate,gdelt,
reject,duplicate episode: within 35d of stronger candidate saudi_intervention_yemen_2015 (seed),1126,gdelt_x_sau_20150415,2015-04-15,day,conflict_escalation,GDELT candidate: military clash / attack involving Saudi Arabia (2015-04-15),"AUTO-HARVESTED, UNVERIFIED. GDELT recorded a military clash / attack (actors: Saudi), peak 220 mentions, 1126 total across sampled files. Joe must verify the source and code severity/surprise before approval.",3,3,low,http://asiancorrespondent.com/132182/saudi-arabia-beheads-indonesian-maid-despite-pleas-from-jakarta/,country.saudi_arabia:location;commodity.brent:affected_market,candidate,gdelt,
reject,duplicate episode: within 35d of stronger candidate gdelt_rus_ukr_20220415 (21455 mentions),1125,gdelt_usa_rus_20220415,2022-04-15,day,conflict_escalation,GDELT candidate: military clash / attack involving Russia (2022-04-15),"AUTO-HARVESTED, UNVERIFIED. GDELT recorded a military clash / attack (actors: Washington and Russian), peak 214 mentions, 1125 total across sampled files. Joe must verify the source and code severity/surprise before approval.",3,3,low,https://www.johnsoncitypress.com/ap/politics/pressure-on-us-to-give-ukraine-more-intelligence-on-russia/article_7061c9f3-013c-5b70-8543-99cc7b9a97e4.html,country.russia:location;commodity.brent:affected_market,candidate,gdelt,
reject,duplicate episode: within 35d of stronger candidate gdelt_irq_x_20180115 (1888 mentions),1122,gdelt_lby_x_20180115,2018-01-15,day,conflict_escalation,GDELT candidate: military clash / attack involving Libya (2018-01-15),"AUTO-HARVESTED, UNVERIFIED. GDELT recorded a military clash / attack (actors: Tripoli and Shia), peak 235 mentions, 1122 total across sampled files. Joe must verify the source and code severity/surprise before approval.",3,3,low,https://www.yahoo.com/news/clashes-kill-9-libyas-main-international-airport-000437867.html,country.libya:location;commodity.brent:affected_market,candidate,gdelt,
reject,duplicate episode: within 35d of stronger candidate saudi_intervention_yemen_2015 (seed),1111,gdelt_irq_usa_20150415,2015-04-15,day,conflict_escalation,GDELT candidate: military clash / attack involving Iraq (2015-04-15),"AUTO-HARVESTED, UNVERIFIED. GDELT recorded a military clash / attack (actors: Iraq and Obama), peak 439 mentions, 1111 total across sampled files. Joe must verify the source and code severity/surprise before approval.",3,3,low,http://lethbridgeherald.com/news/world-news/2015/04/15/islamic-state-militants-seize-villages-near-iraqi-provincial-capital-of-ramadi/,country.iraq:location;commodity.brent:affected_market,candidate,gdelt,
reject,duplicate episode: within 35d of stronger candidate gdelt_irn_x_20150715 (6084 mentions),1108,gdelt_sau_irn_20150715,2015-07-15,day,conflict_escalation,GDELT candidate: military clash / attack involving Saudi Arabia / Iran (2015-07-15),"AUTO-HARVESTED, UNVERIFIED. GDELT recorded a military clash / attack (actors: Riyadh and Tehran), peak 421 mentions, 1108 total across sampled files. Joe must verify the source and code severity/surprise before approval.",3,3,low,http://www.trust.org/item/20150714234054-ze4sb,country.saudi_arabia:location;country.iran:location;commodity.brent:affected_market,candidate,gdelt,
reject,within 35d of existing event suez_ever_given_2021 (2021-03-23) - same episode,1100,gdelt_rus_x_20210415,2021-04-15,day,conflict_escalation,GDELT candidate: military clash / attack involving Russia (2021-04-15),"AUTO-HARVESTED, UNVERIFIED. GDELT recorded a military clash / attack (actors: Russia), peak 254 mentions, 1100 total across sampled files. Joe must verify the source and code severity/surprise before approval.",3,3,low,https://www.reuters.com/article/us-usa-russia-sanctions/u-s-set-to-slap-new-sanctions-on-russian-officials-as-soon-as-thursday-sources-idUSKBN2C2045,country.russia:location;commodity.brent:affected_market,candidate,gdelt,
reject,duplicate episode: within 35d of stronger candidate gdelt_rus_ukr_20250415 (1151 mentions),1079,gdelt_rus_x_20250415,2025-04-15,day,conflict_escalation,GDELT candidate: military clash / attack involving Russia (2025-04-15),"AUTO-HARVESTED, UNVERIFIED. GDELT recorded a military clash / attack (actors: Russian), peak 162 mentions, 1079 total across sampled files. Joe must verify the source and code severity/surprise before approval.",3,3,low,https://www.worldtribune.com/cold-war-era-cia-file-details-soviet-soldiers-alleged-clash-with-extraterrestrials/,country.russia:location;commodity.brent:affected_market,candidate,gdelt,
reject,within 35d of existing event israel_hamas_war_2023 (2023-10-07) - same episode,1060,gdelt_ukr_rus_20231015,2023-10-15,day,conflict_escalation,GDELT candidate: military clash / attack involving Russia (2023-10-15),"AUTO-HARVESTED, UNVERIFIED. GDELT recorded a military clash / attack (actors: Ukrainian and Russia), peak 166 mentions, 1060 total across sampled files. Joe must verify the source and code severity/surprise before approval.",3,3,low,https://www.bostonherald.com/2023/10/14/ukraine-reports-nonstop-assaults-by-russia-on-a-key-eastern-city/,country.russia:location;commodity.brent:affected_market,candidate,gdelt,
reject,duplicate episode: within 35d of stronger candidate gdelt_rus_x_20151015 (4926 mentions),1052,gdelt_lby_x_20151015,2015-10-15,day,conflict_escalation,GDELT candidate: military clash / attack involving Libya (2015-10-15),"AUTO-HARVESTED, UNVERIFIED. GDELT recorded a military clash / attack (actors: Benghazi), peak 726 mentions, 1052 total across sampled files. Joe must verify the source and code severity/surprise before approval.",3,3,low,http://mynorthwest.com/17/2827543/Scottish-prosecutors-2-Libyans-are-Lockerbie-bomb-suspects,country.libya:location;commodity.brent:affected_market,candidate,gdelt,
reject,duplicate episode: within 35d of stronger candidate gdelt_ukr_rus_20240115 (1701 mentions),1044,gdelt_rus_x_20240115,2024-01-15,day,conflict_escalation,GDELT candidate: military clash / attack involving Russia (2024-01-15),"AUTO-HARVESTED, UNVERIFIED. GDELT recorded a military clash / attack (actors: Russia), peak 469 mentions, 1044 total across sampled files. Joe must verify the source and code severity/surprise before approval.",3,3,low,https://www.criticalthreats.org/analysis/russian-offensive-campaign-assessment-january-14-2024,country.russia:location;commodity.brent:affected_market,candidate,gdelt,
reject,duplicate episode: within 35d of stronger candidate gdelt_lby_x_20140715 (2020 mentions),1037,gdelt_x_lby_20140715,2014-07-15,day,conflict_escalation,GDELT candidate: military clash / attack involving Libya (2014-07-15),"AUTO-HARVESTED, UNVERIFIED. GDELT recorded a military clash / attack (actors: Libya), peak 290 mentions, 1037 total across sampled files. Joe must verify the source and code severity/surprise before approval.",3,3,low,http://euronews.com/2014/07/15/libya-warns-militias-over-tripoli-airport-attacks/,country.libya:location;commodity.brent:affected_market,candidate,gdelt,
reject,within 35d of existing event soleimani_strike_2020 (2020-01-03) - same episode,1030,gdelt_eur_irn_20200115,2020-01-15,day,sanctions,GDELT candidate: sanctions action involving Iran (2020-01-15),"AUTO-HARVESTED, UNVERIFIED. GDELT recorded a sanctions action (actors: European and Iran), peak 970 mentions, 1030 total across sampled files. Joe must verify the source and code severity/surprise before approval.",3,3,low,https://www.voanews.com/middle-east/voa-news-iran/israel-warns-iran-closer-nuclear-bomb,country.iran:location;commodity.brent:affected_market,candidate,gdelt,
reject,duplicate episode: within 35d of stronger candidate gdelt_x_irq_20130715 (1191 mentions),1029,gdelt_irq_x_20130715,2013-07-15,day,sanctions,GDELT candidate: sanctions action involving Iraq (2013-07-15),"AUTO-HARVESTED, UNVERIFIED. GDELT recorded a sanctions action (actors: Iraqi), peak 115 mentions, 1029 total across sampled files. Joe must verify the source and code severity/surprise before approval.",3,3,low,http://www.wdtn.com/dpp/news/international/Police-Attacks-around-Iraq-kill-7-people_56704674,country.iraq:location;commodity.brent:affected_market,candidate,gdelt,
reject,duplicate episode: within 35d of stronger candidate gdelt_x_lby_20131015 (1056 mentions),1014,gdelt_irq_x_20131015,2013-10-15,day,conflict_escalation,GDELT candidate: military clash / attack involving Iraq (2013-10-15),"AUTO-HARVESTED, UNVERIFIED. GDELT recorded a military clash / attack (actors: Iraq), peak 197 mentions, 1014 total across sampled files. Joe must verify the source and code severity/surprise before approval.",3,3,low,http://ibnlive.in.com/news/iraq-mosque-bombing-kills-12-sunnis/428651-2.html,country.iraq:location;commodity.brent:affected_market,candidate,gdelt,
reject,duplicate episode: within 35d of stronger candidate gdelt_x_ven_20260115 (3589 mentions),1002,gdelt_irn_x_20251216,2025-12-16,day,sanctions,GDELT candidate: sanctions action involving Iran (2025-12-16),"AUTO-HARVESTED, UNVERIFIED. GDELT recorded a sanctions action (actors: Iranian), peak 1002 mentions, 1002 total across sampled files. Joe must verify the source and code severity/surprise before approval.",3,3,low,https://www.reflector.com/news/national/irans-nationwide-protests-appear-increasingly-smothered-after-crackdown-and-internet-outage/article_27b81b4e-27dd-54f9-90f5-09c21cc590d1.html,country.iran:location;commodity.brent:affected_market,candidate,gdelt,
reject,within 35d of existing event israel_hamas_war_2023 (2023-10-07) - same episode,994,gdelt_x_irn_20231015,2023-10-15,day,sanctions,GDELT candidate: sanctions action involving Iran (2023-10-15),"AUTO-HARVESTED, UNVERIFIED. GDELT recorded a sanctions action (actors: Iranian), peak 260 mentions, 994 total across sampled files. Joe must verify the source and code severity/surprise before approval.",3,3,low,https://www.winnipegfreepress.com/arts-and-life/entertainment/celebrities/2023/10/14/noted-iranian-film-director-and-his-wife-found-stabbed-to-death-in-their-home-state-media-report,country.iran:location;commodity.brent:affected_market,candidate,gdelt,
reject,within 35d of existing event soleimani_strike_2020 (2020-01-03) - same episode,980,gdelt_irn_usa_20200115,2020-01-15,day,conflict_escalation,GDELT candidate: military clash / attack involving Iran (2020-01-15),"AUTO-HARVESTED, UNVERIFIED. GDELT recorded a military clash / attack (actors: Iran and United States), peak 149 mentions, 980 total across sampled files. Joe must verify the source and code severity/surprise before approval.",3,3,low,https://kuow.org/stories/opinion-the-danger-from-iran-didn-t-die-with-soleimani,country.iran:location;commodity.brent:affected_market,candidate,gdelt,
reject,duplicate episode: within 35d of stronger candidate gdelt_rus_ukr_20220415 (21455 mentions),980,gdelt_wst_irq_20220415,2022-04-15,day,conflict_escalation,GDELT candidate: military clash / attack involving Iraq (2022-04-15),"AUTO-HARVESTED, UNVERIFIED. GDELT recorded a military clash / attack (actors: Nato and Iraq), peak 370 mentions, 980 total across sampled files. Joe must verify the source and code severity/surprise before approval.",3,3,low,https://www.wxxinews.org/npr-news/2022-04-15/nato-arctic-war-game-had-a-cold-war-feel,country.iraq:location;commodity.brent:affected_market,candidate,gdelt,
reject,duplicate episode: within 35d of stronger candidate gdelt_irq_x_20141015 (5152 mentions),976,gdelt_rus_x_20141015,2014-10-15,day,sanctions,GDELT candidate: sanctions action involving Russia (2014-10-15),"AUTO-HARVESTED, UNVERIFIED. GDELT recorded a sanctions action (actors: Moscow), peak 304 mentions, 976 total across sampled files. Joe must verify the source and code severity/surprise before approval.",3,3,low,http://www.philstar.com/world/2014/10/16/1380843/nato-chief-no-big-russian-withdrawal-near-ukraine,country.russia:location;commodity.brent:affected_market,candidate,gdelt,
reject,duplicate episode: within 35d of stronger candidate gdelt_rus_x_20250115 (2948 mentions),975,gdelt_ukr_rus_20250115,2025-01-15,day,conflict_escalation,GDELT candidate: military clash / attack involving Russia (2025-01-15),"AUTO-HARVESTED, UNVERIFIED. GDELT recorded a military clash / attack (actors: Kyiv and Russian), peak 50 mentions, 975 total across sampled files. Joe must verify the source and code severity/surprise before approval.",3,3,low,https://pakistankakhudahafiz.com/kyiv-accuses-russia-of-the-biggest-ever-aerial-strike/,country.russia:location;commodity.brent:affected_market,candidate,gdelt,
reject,duplicate episode: within 35d of stronger candidate gdelt_rus_syr_20160415 (1112 mentions),960,gdelt_irq_x_20160415,2016-04-15,day,conflict_escalation,GDELT candidate: military clash / attack involving Iraq (2016-04-15),"AUTO-HARVESTED, UNVERIFIED. GDELT recorded a military clash / attack (actors: Iraqi), peak 448 mentions, 960 total across sampled files. Joe must verify the source and code severity/surprise before approval.",3,3,low,http://www.kingstonguardian.co.uk/news/national/14429800.display/,country.iraq:location;commodity.brent:affected_market,candidate,gdelt,
reject,within 35d of existing event israel_hamas_war_2023 (2023-10-07) - same episode,952,gdelt_rus_rus_20231015,2023-10-15,day,conflict_escalation,GDELT candidate: military clash / attack involving Russia / Russia (2023-10-15),"AUTO-HARVESTED, UNVERIFIED. GDELT recorded a military clash / attack (actors: Russian and Russian), peak 273 mentions, 952 total across sampled files. Joe must verify the source and code severity/surprise before approval.",3,3,low,https://apnews.com/article/russia-ukraine-war-deaths-shelling-drone-strike-b5a1d29456f9c2057724ad9ee54c830b,country.russia:location;country.russia:location;commodity.brent:affected_market,candidate,gdelt,
reject,duplicate episode: within 35d of stronger candidate gdelt_rus_x_20151015 (4926 mentions),949,gdelt_irq_x_20151015,2015-10-15,day,conflict_escalation,GDELT candidate: military clash / attack involving Iraq (2015-10-15),"AUTO-HARVESTED, UNVERIFIED. GDELT recorded a military clash / attack (actors: Baghdad and Interior Minist), peak 63 mentions, 949 total across sampled files. Joe must verify the source and code severity/surprise before approval.",3,3,low,http://www.tribuneindia.com/news/world/iraqi-forces-in-major-push-against-is-jihadists/146358.html,country.iraq:location;commodity.brent:affected_market,candidate,gdelt,
reject,duplicate episode: within 35d of stronger candidate israel_iran_war_2025 (seed),947,gdelt_rus_ukr_20250715,2025-07-15,day,conflict_escalation,GDELT candidate: military clash / attack involving Russia (2025-07-15),"AUTO-HARVESTED, UNVERIFIED. GDELT recorded a military clash / attack (actors: Russia and Ukraine), peak 313 mentions, 947 total across sampled files. Joe must verify the source and code severity/surprise before approval.",3,3,low,https://www.wmra.org/2025-07-15/increase-in-military-aid-to-ukraine-marks-a-shift-in-white-house-policy-toward-russia,country.russia:location;commodity.brent:affected_market,candidate,gdelt,
reject,duplicate episode: within 35d of stronger candidate gdelt_irq_x_20170115 (1967 mentions),941,gdelt_rus_x_20170115,2017-01-15,day,conflict_escalation,GDELT candidate: military clash / attack involving Russia (2017-01-15),"AUTO-HARVESTED, UNVERIFIED. GDELT recorded a military clash / attack (actors: Russia), peak 552 mentions, 941 total across sampled files. Joe must verify the source and code severity/surprise before approval.",3,3,low,http://www.navhindtimes.in/trump-hints-at-lifting-sanctions-against-russia-changing-one-china-policy/,country.russia:location;commodity.brent:affected_market,candidate,gdelt,
reject,duplicate episode: within 35d of stronger candidate gdelt_x_ven_20260115 (3589 mentions),939,gdelt_x_irn_20260115,2026-01-15,day,conflict_escalation,GDELT candidate: military clash / attack involving Iran (2026-01-15),"AUTO-HARVESTED, UNVERIFIED. GDELT recorded a military clash / attack (actors: Regime and Iranian), peak 91 mentions, 939 total across sampled files. Joe must verify the source and code severity/surprise before approval.",3,3,low,https://www.marketscreener.com/news/us-imposes-sanctions-on-iran-over-crackdown-on-protesters-ce7e58d9d08ff424,country.iran:location;commodity.brent:affected_market,candidate,gdelt,
reject,duplicate episode: within 35d of stronger candidate saudi_intervention_yemen_2015 (seed),936,gdelt_ven_x_20150415,2015-04-15,day,conflict_escalation,GDELT candidate: military clash / attack involving Venezuela (2015-04-15),"AUTO-HARVESTED, UNVERIFIED. GDELT recorded a military clash / attack (actors: Venezuela), peak 568 mentions, 936 total across sampled files. Joe must verify the source and code severity/surprise before approval.",3,3,low,http://www.therepublic.com/view/story/bbfb53c4aada4162aa812a1c899075f3/US--Cruiser-Hits-Suspect,country.venezuela:location;commodity.brent:affected_market,candidate,gdelt,
reject,duplicate episode: within 35d of stronger candidate gdelt_irq_x_20170115 (1967 mentions),922,gdelt_are_bhr_20170115,2017-01-15,day,conflict_escalation,GDELT candidate: military clash / attack involving Uae (2017-01-15),"AUTO-HARVESTED, UNVERIFIED. GDELT recorded a military clash / attack (actors: Emirati and Bahraini), peak 639 mentions, 922 total across sampled files. Joe must verify the source and code severity/surprise before approval.",3,3,low,http://www.mynews13.com/content/news/cfnews13/news/article.html/content/news/articles/ap/2017/01/15/Bahrain_executes_3_convicted_in_deadly_police_bombing.html,country.uae:location;commodity.brent:affected_market,candidate,gdelt,
reject,duplicate episode: within 35d of stronger candidate gdelt_irq_x_20141015 (5152 mentions),919,gdelt_usa_lby_20141015,2014-10-15,day,conflict_escalation,GDELT candidate: military clash / attack involving Libya (2014-10-15),"AUTO-HARVESTED, UNVERIFIED. GDELT recorded a military clash / attack (actors: The Us and Tripoli), peak 424 mentions, 919 total across sampled files. Joe must verify the source and code severity/surprise before approval.",3,3,low,http://www.observer-reporter.com/article/20141015/NEWS05/141019649,country.libya:location;commodity.brent:affected_market,candidate,gdelt,
reject,within 35d of existing event iran_sanctions_reimposed_2018 (2018-05-08) - same episode,911,gdelt_usa_irq_20180415,2018-04-15,day,conflict_escalation,GDELT candidate: military clash / attack involving Iraq (2018-04-15),"AUTO-HARVESTED, UNVERIFIED. GDELT recorded a military clash / attack (actors: George W. Bush and Iraq), peak 448 mentions, 911 total across sampled files. Joe must verify the source and code severity/surprise before approval.",3,3,low,http://www.eagletribune.com/region/the-latest-trump-speaks-to-uk-french-leaders-after-strikes/article_4508c09f-2990-5cdf-bab6-a63cb3b4a2c8.html,country.iraq:location;commodity.brent:affected_market,candidate,gdelt,
reject,duplicate episode: within 35d of stronger candidate gdelt_lby_x_20140715 (2020 mentions),905,gdelt_ukr_rus_20140715,2014-07-15,day,conflict_escalation,GDELT candidate: military clash / attack involving Russia (2014-07-15),"AUTO-HARVESTED, UNVERIFIED. GDELT recorded a military clash / attack (actors: Ukraine and Russia), peak 126 mentions, 905 total across sampled files. Joe must verify the source and code severity/surprise before approval.",3,3,low,http://www.iranherald.com/index.php/sid/223797033/scat/2411cd3571b4f088/ht/Russia-accused-of-shooting-down-Ukraine-military-plane,country.russia:location;commodity.brent:affected_market,candidate,gdelt,
reject,duplicate episode: within 35d of stronger candidate gdelt_x_sau_20160715 (1217 mentions),898,gdelt_irq_x_20160715,2016-07-15,day,conflict_escalation,GDELT candidate: military clash / attack involving Iraq (2016-07-15),"AUTO-HARVESTED, UNVERIFIED. GDELT recorded a military clash / attack (actors: Iraq), peak 79 mentions, 898 total across sampled files. Joe must verify the source and code severity/surprise before approval.",3,3,low,http://www.strathspey-herald.co.uk/News/Court-told-Highlands-soldier-who-saw-action-in-Iraq-was-let-down-by-his-country-14072016.htm,country.iraq:location;commodity.brent:affected_market,candidate,gdelt,
reject,within 35d of existing event venezuela_sanctions_2019 (2019-01-28) - same episode,897,gdelt_x_irn_20190115,2019-01-15,day,conflict_escalation,GDELT candidate: military clash / attack involving Iran (2019-01-15),"AUTO-HARVESTED, UNVERIFIED. GDELT recorded a military clash / attack (actors: Military and Iran), peak 400 mentions, 897 total across sampled files. Joe must verify the source and code severity/surprise before approval.",3,3,low,https://www.1065thearch.com/2019/01/15/iran-says-it-has-launched-satellite-that-didnt-reach-orbit/,country.iran:location;commodity.brent:affected_market,candidate,gdelt,
reject,duplicate episode: within 35d of stronger candidate israel_iran_war_2025 (seed),894,gdelt_ukr_rus_20250715,2025-07-15,day,conflict_escalation,GDELT candidate: military clash / attack involving Russia (2025-07-15),"AUTO-HARVESTED, UNVERIFIED. GDELT recorded a military clash / attack (actors: Ukrainian and Russian), peak 316 mentions, 894 total across sampled files. Joe must verify the source and code severity/surprise before approval.",3,3,low,https://www.wmra.org/2025-07-15/increase-in-military-aid-to-ukraine-marks-a-shift-in-white-house-policy-toward-russia,country.russia:location;commodity.brent:affected_market,candidate,gdelt,
reject,duplicate episode: within 35d of stronger candidate gdelt_irn_x_20150715 (6084 mentions),890,gdelt_kwt_x_20150716,2015-07-16,day,conflict_escalation,GDELT candidate: military clash / attack involving Kuwait (2015-07-16),"AUTO-HARVESTED, UNVERIFIED. GDELT recorded a military clash / attack (actors: Kuwait and Shiite), peak 616 mentions, 890 total across sampled files. Joe must verify the source and code severity/surprise before approval.",3,3,low,http://hosted.ap.org/dynamic/stories/E/EU_FRANCE_TRUCK_ATTACK_WORLD_REACTION?SITE=AP&SECTION=HOME&TEMPLATE=DEFAULT&CTIME=2016-07-15-02-37-51,country.kuwait:location;commodity.brent:affected_market,candidate,gdelt,
reject,duplicate episode: within 35d of stronger candidate gdelt_irq_x_20170115 (1967 mentions),887,gdelt_x_irq_20170115,2017-01-15,day,conflict_escalation,GDELT candidate: military clash / attack involving Iraq (2017-01-15),"AUTO-HARVESTED, UNVERIFIED. GDELT recorded a military clash / attack (actors: Suicide Bomber and Baghdad), peak 227 mentions, 887 total across sampled files. Joe must verify the source and code severity/surprise before approval.",3,3,low,http://www.sharenet.co.za/news/Iraqi_forces_advance_at_Mosul_University_take_areas_along_Tigris__officials/34458744aec15948f534dddae0bc94db,country.iraq:location;commodity.brent:affected_market,candidate,gdelt,
reject,"outside usable price window (need 130d before & 20d after; have 9932 before, 0 on/after)",884,gdelt_x_rus_20260715,2026-07-15,day,sanctions,GDELT candidate: sanctions action involving Russia (2026-07-15),"AUTO-HARVESTED, UNVERIFIED. GDELT recorded a sanctions action (actors: Russian), peak 436 mentions, 884 total across sampled files. Joe must verify the source and code severity/surprise before approval.",3,3,low,https://newsradio1170.iheart.com/content/2026-07-15-senators-unveil-sweeping-russia-sanctions-bill/,country.russia:location;commodity.brent:affected_market,candidate,gdelt,
reject,duplicate episode: within 35d of stronger candidate gdelt_lby_usa_20160115 (3400 mentions),881,gdelt_x_rus_20160115,2016-01-15,day,conflict_escalation,GDELT candidate: military clash / attack involving Russia (2016-01-15),"AUTO-HARVESTED, UNVERIFIED. GDELT recorded a military clash / attack (actors: Fighter and Russian), peak 208 mentions, 881 total across sampled files. Joe must verify the source and code severity/surprise before approval.",3,3,low,http://en.apa.az/xeber_raqi_army_liberates_area_near_tikrit_cit_237827.html,country.russia:location;commodity.brent:affected_market,candidate,gdelt,
reject,within 35d of existing event soleimani_strike_2020 (2020-01-03) - same episode,880,gdelt_x_irq_20200115,2020-01-15,day,conflict_escalation,GDELT candidate: military clash / attack involving Iraq (2020-01-15),"AUTO-HARVESTED, UNVERIFIED. GDELT recorded a military clash / attack (actors: Major General and Iraq), peak 450 mentions, 880 total across sampled files. Joe must verify the source and code severity/surprise before approval.",3,3,low,https://www.cnn.com/2020/01/14/politics/joe-biden-debate-iraq-war-vote/,country.iraq:location;commodity.brent:affected_market,candidate,gdelt,
reject,duplicate episode: within 35d of stronger candidate gdelt_lby_usa_20160115 (3400 mentions),876,gdelt_gbr_rus_20160115,2016-01-15,day,conflict_escalation,GDELT candidate: military clash / attack involving Russia (2016-01-15),"AUTO-HARVESTED, UNVERIFIED. GDELT recorded a military clash / attack (actors: United Kingdom and Russian), peak 408 mentions, 876 total across sampled files. Joe must verify the source and code severity/surprise before approval.",3,3,low,http://www.wmbfnews.com/story/30974520/britain-gets-1st-spacewalker-station-power-grid-needs-fixed,country.russia:location;commodity.brent:affected_market,candidate,gdelt,
reject,within 35d of existing event iran_sanctions_reimposed_2018 (2018-05-08) - same episode,872,gdelt_usa_rus_20180415,2018-04-15,day,conflict_escalation,GDELT candidate: military clash / attack involving Russia (2018-04-15),"AUTO-HARVESTED, UNVERIFIED. GDELT recorded a military clash / attack (actors: United States and Russia), peak 238 mentions, 872 total across sampled files. Joe must verify the source and code severity/surprise before approval.",3,3,low,https://www.upi.com/Top_News/World-News/2018/04/15/US-allies-to-Syria-More-military-action-if-chemicals-used/8141523805045/,country.russia:location;commodity.brent:affected_market,candidate,gdelt,
reject,duplicate episode: within 35d of stronger candidate gdelt_x_lby_20140415 (1795 mentions),869,gdelt_x_rus_20140415,2014-04-15,day,sanctions,GDELT candidate: sanctions action involving Russia (2014-04-15),"AUTO-HARVESTED, UNVERIFIED. GDELT recorded a sanctions action (actors: Russia), peak 130 mentions, 869 total across sampled files. Joe must verify the source and code severity/surprise before approval.",3,3,low,http://www.blueridgenow.com/article/20140415/API/304159892,country.russia:location;commodity.brent:affected_market,candidate,gdelt,
reject,within 35d of existing event soleimani_strike_2020 (2020-01-03) - same episode,866,gdelt_rus_lby_20200115,2020-01-15,day,conflict_escalation,GDELT candidate: military clash / attack involving Russia / Libya (2020-01-15),"AUTO-HARVESTED, UNVERIFIED. GDELT recorded a military clash / attack (actors: Russia and Tripoli), peak 395 mentions, 866 total across sampled files. Joe must verify the source and code severity/surprise before approval.",3,3,low,https://www.latimes.com/world-nation/story/2020-01-15/russia-government-resignation-putin,country.russia:location;country.libya:location;commodity.brent:affected_market,candidate,gdelt,
reject,duplicate episode: within 35d of stronger candidate gdelt_rus_x_20151015 (4926 mentions),860,gdelt_x_rus_20151015,2015-10-15,day,conflict_escalation,GDELT candidate: military clash / attack involving Russia (2015-10-15),"AUTO-HARVESTED, UNVERIFIED. GDELT recorded a military clash / attack (actors: Police and Russia), peak 218 mentions, 860 total across sampled files. Joe must verify the source and code severity/surprise before approval.",3,3,low,http://www.thestarphoenix.com/news/world/wild+bear+wanders+into+russia+shopping+mall+barrels+down/11438098/story.html,country.russia:location;commodity.brent:affected_market,candidate,gdelt,
reject,duplicate episode: within 35d of stronger candidate gdelt_irq_x_20141015 (5152 mentions),854,gdelt_x_rus_20141015,2014-10-15,day,sanctions,GDELT candidate: sanctions action involving Russia (2014-10-15),"AUTO-HARVESTED, UNVERIFIED. GDELT recorded a sanctions action (actors: Russia), peak 314 mentions, 854 total across sampled files. Joe must verify the source and code severity/surprise before approval.",3,3,low,http://www.philstar.com/world/2014/10/16/1380843/nato-chief-no-big-russian-withdrawal-near-ukraine,country.russia:location;commodity.brent:affected_market,candidate,gdelt,
reject,duplicate episode: within 35d of stronger candidate gdelt_rus_x_20151015 (4926 mentions),851,gdelt_lby_lby_20151015,2015-10-15,day,conflict_escalation,GDELT candidate: military clash / attack involving Libya / Libya (2015-10-15),"AUTO-HARVESTED, UNVERIFIED. GDELT recorded a military clash / attack (actors: Tripoli and Libya), peak 598 mentions, 851 total across sampled files. Joe must verify the source and code severity/surprise before approval.",3,3,low,http://mynorthwest.com/17/2827543/Scottish-prosecutors-2-Libyans-are-Lockerbie-bomb-suspects,country.libya:location;country.libya:location;commodity.brent:affected_market,candidate,gdelt,
reject,duplicate episode: within 35d of stronger candidate gdelt_usa_sau_20181015 (7014 mentions),850,gdelt_sau_sau_20181015,2018-10-15,day,conflict_escalation,GDELT candidate: military clash / attack involving Saudi Arabia / Saudi Arabia (2018-10-15),"AUTO-HARVESTED, UNVERIFIED. GDELT recorded a military clash / attack (actors: Saudi and Saudi), peak 128 mentions, 850 total across sampled files. Joe must verify the source and code severity/surprise before approval.",3,3,low,https://www.washingtonpost.com/opinions/saudi-arabias-repressive-power-grip/2018/10/14/14d97574-ce33-11e8-ad0a-0e01efba3cc1_story.html,country.saudi_arabia:location;country.saudi_arabia:location;commodity.brent:affected_market,candidate,gdelt,
reject,duplicate episode: within 35d of stronger candidate gdelt_lby_x_20140715 (2020 mentions),847,gdelt_x_rus_20140715,2014-07-15,day,conflict_escalation,GDELT candidate: military clash / attack involving Russia (2014-07-15),"AUTO-HARVESTED, UNVERIFIED. GDELT recorded a military clash / attack (actors: Russia), peak 260 mentions, 847 total across sampled files. Joe must verify the source and code severity/surprise before approval.",3,3,low,http://www.iranherald.com/index.php/sid/223797033/scat/2411cd3571b4f088/ht/Russia-accused-of-shooting-down-Ukraine-military-plane,country.russia:location;commodity.brent:affected_market,candidate,gdelt,
reject,duplicate episode: within 35d of stronger candidate gdelt_x_sau_20160715 (1217 mentions),846,gdelt_rus_x_20160715,2016-07-15,day,conflict_escalation,GDELT candidate: military clash / attack involving Russia (2016-07-15),"AUTO-HARVESTED, UNVERIFIED. GDELT recorded a military clash / attack (actors: Russian), peak 109 mentions, 846 total across sampled files. Joe must verify the source and code severity/surprise before approval.",3,3,low,http://www.japantoday.com/category/world/view/death-of-islamic-states-shishani-may-damage-foreign-recruitment,country.russia:location;commodity.brent:affected_market,candidate,gdelt,
reject,duplicate episode: within 35d of stronger candidate gdelt_sau_qat_20170715 (1293 mentions),846,gdelt_irq_irq_20170715,2017-07-15,day,conflict_escalation,GDELT candidate: military clash / attack involving Iraq / Iraq (2017-07-15),"AUTO-HARVESTED, UNVERIFIED. GDELT recorded a military clash / attack (actors: Mosul and Iraqi), peak 178 mentions, 846 total across sampled files. Joe must verify the source and code severity/surprise before approval.",3,3,low,http://www.calgaryherald.com/liberation+from+militants+leaves+devastation+mosul/13711911/story.html,country.iraq:location;country.iraq:location;commodity.brent:affected_market,candidate,gdelt,
reject,duplicate episode: within 35d of stronger candidate saudi_intervention_yemen_2015 (seed),841,gdelt_irn_x_20150415,2015-04-15,day,sanctions,GDELT candidate: sanctions action involving Iran (2015-04-15),"AUTO-HARVESTED, UNVERIFIED. GDELT recorded a sanctions action (actors: Iran and United Nations), peak 467 mentions, 841 total across sampled files. Joe must verify the source and code severity/surprise before approval.",3,3,low,http://www.bradfordera.com/news/article_9accb794-e2ce-11e4-9854-c747a3180750.html,country.iran:location;commodity.brent:affected_market,candidate,gdelt,
reject,within 35d of existing event suez_ever_given_2021 (2021-03-23) - same episode,840,gdelt_eur_rus_20210415,2021-04-15,day,sanctions,GDELT candidate: sanctions action involving Russia (2021-04-15),"AUTO-HARVESTED, UNVERIFIED. GDELT recorded a sanctions action (actors: The European Union and Moscow), peak 408 mentions, 840 total across sampled files. Joe must verify the source and code severity/surprise before approval.",3,3,low,https://www.news4jax.com/news/world/2021/04/15/explainer-whats-behind-the-conflict-in-eastern-ukraine/,country.russia:location;commodity.brent:affected_market,candidate,gdelt,
reject,duplicate episode: within 35d of stronger candidate gdelt_rus_x_20151015 (4926 mentions),837,gdelt_syr_irn_20151015,2015-10-15,day,conflict_escalation,GDELT candidate: military clash / attack involving Iran (2015-10-15),"AUTO-HARVESTED, UNVERIFIED. GDELT recorded a military clash / attack (actors: Syria and Iranian), peak 245 mentions, 837 total across sampled files. Joe must verify the source and code severity/surprise before approval.",3,3,low,http://www.newstribune.com/news/2015/oct/14/iran-sends-fighters-syria-escalating-its-involveme/,country.iran:location;commodity.brent:affected_market,candidate,gdelt,
reject,within 35d of existing event nord_stream_sabotage_2022 (2022-09-26) - same episode,827,gdelt_wst_rus_20221015,2022-10-15,day,conflict_escalation,GDELT candidate: military clash / attack involving Russia (2022-10-15),"AUTO-HARVESTED, UNVERIFIED. GDELT recorded a military clash / attack (actors: Nato and Russia), peak 332 mentions, 827 total across sampled files. Joe must verify the source and code severity/surprise before approval.",3,3,low,https://www.azerbaijannews.net/news/272923697/if-nato-clashes-with-russian-army-it-will-lead-to-global-catastrophe-putin,country.russia:location;commodity.brent:affected_market,candidate,gdelt,
reject,duplicate episode: within 35d of stronger candidate gdelt_x_lby_20140415 (1795 mentions),824,gdelt_lby_jor_20140415,2014-04-15,day,conflict_escalation,GDELT candidate: military clash / attack involving Libya (2014-04-15),"AUTO-HARVESTED, UNVERIFIED. GDELT recorded a military clash / attack (actors: Tripoli and Jordanian), peak 136 mentions, 824 total across sampled files. Joe must verify the source and code severity/surprise before approval.",3,3,low,"Petra-JNA website, Amman/BBC Monitoring/(c) BBC",country.libya:location;commodity.brent:affected_market,candidate,gdelt,
reject,duplicate episode: within 35d of stronger candidate gdelt_irn_x_20150715 (6084 mentions),820,gdelt_irn_sau_20150715,2015-07-15,day,conflict_escalation,GDELT candidate: military clash / attack involving Iran / Saudi Arabia (2015-07-15),"AUTO-HARVESTED, UNVERIFIED. GDELT recorded a military clash / attack (actors: Tehran and Riyadh), peak 440 mentions, 820 total across sampled files. Joe must verify the source and code severity/surprise before approval.",3,3,low,http://www.trust.org/item/20150714234054-ze4sb,country.iran:location;country.saudi_arabia:location;commodity.brent:affected_market,candidate,gdelt,
reject,within 35d of existing event soleimani_strike_2020 (2020-01-03) - same episode,818,gdelt_usa_irq_20200115,2020-01-15,day,conflict_escalation,GDELT candidate: military clash / attack involving Iraq (2020-01-15),"AUTO-HARVESTED, UNVERIFIED. GDELT recorded a military clash / attack (actors: American and Baghdad), peak 328 mentions, 818 total across sampled files. Joe must verify the source and code severity/surprise before approval.",3,3,low,https://www.wellsvilledaily.com/zz/news/20200114/top-moments-democratic-candidates-spar-in-iowa-debate,country.iraq:location;commodity.brent:affected_market,candidate,gdelt,
reject,duplicate episode: within 35d of stronger candidate gdelt_x_irq_20161015 (5849 mentions),811,gdelt_usa_rus_20161015,2016-10-15,day,conflict_escalation,GDELT candidate: military clash / attack involving Russia (2016-10-15),"AUTO-HARVESTED, UNVERIFIED. GDELT recorded a military clash / attack (actors: United States and Russia), peak 362 mentions, 811 total across sampled files. Joe must verify the source and code severity/surprise before approval.",3,3,low,http://www.wxyz.com/news/national/will-the-united-states-launch-a-cyber-attack-against-russia,country.russia:location;commodity.brent:affected_market,candidate,gdelt,
reject,within 35d of existing event soleimani_strike_2020 (2020-01-03) - same episode,811,gdelt_irq_x_20200115,2020-01-15,day,conflict_escalation,GDELT candidate: military clash / attack involving Iraq (2020-01-15),"AUTO-HARVESTED, UNVERIFIED. GDELT recorded a military clash / attack (actors: Iraqi), peak 117 mentions, 811 total across sampled files. Joe must verify the source and code severity/surprise before approval.",3,3,low,https://www.aninews.in/news/world/middle-east/rockets-target-iraqi-military-camp-hosting-us-troops20200115034745/,country.iraq:location;commodity.brent:affected_market,candidate,gdelt,
reject,duplicate episode: within 35d of stronger candidate gdelt_irq_x_20141015 (5152 mentions),800,gdelt_usa_irq_20141015,2014-10-15,day,conflict_escalation,GDELT candidate: military clash / attack involving Iraq (2014-10-15),"AUTO-HARVESTED, UNVERIFIED. GDELT recorded a military clash / attack (actors: United States and Iraq), peak 90 mentions, 800 total across sampled files. Joe must verify the source and code severity/surprise before approval.",3,3,low,http://6abc.com/news/american-civilians-take-up-arms-in-syria-but-with-whom/352039/,country.iraq:location;commodity.brent:affected_market,candidate,gdelt,
reject,duplicate episode: within 35d of stronger candidate gdelt_irq_x_20170115 (1967 mentions),799,gdelt_usa_rus_20170115,2017-01-15,day,sanctions,GDELT candidate: sanctions action involving Russia (2017-01-15),"AUTO-HARVESTED, UNVERIFIED. GDELT recorded a sanctions action (actors: Obama and Russian), peak 592 mentions, 799 total across sampled files. Joe must verify the source and code severity/surprise before approval.",3,3,low,https://www.yahoo.com/news/trump-suggests-us-sanctions-against-093645115.html,country.russia:location;commodity.brent:affected_market,candidate,gdelt,
reject,duplicate episode: within 35d of stronger candidate gdelt_x_lby_20140415 (1795 mentions),787,gdelt_x_sau_20140415,2014-04-15,day,conflict_escalation,GDELT candidate: military clash / attack involving Saudi Arabia (2014-04-15),"AUTO-HARVESTED, UNVERIFIED. GDELT recorded a military clash / attack (actors: Saudi Arabia), peak 315 mentions, 787 total across sampled files. Joe must verify the source and code severity/surprise before approval.",3,3,low,http://www.hngn.com/articles/28947/20140415/jordanian-ambassador-abducted-by-gunmen-on-tuesday.htm,country.saudi_arabia:location;commodity.brent:affected_market,candidate,gdelt,
reject,duplicate episode: within 35d of stronger candidate gdelt_irn_x_20171015 (1697 mentions),783,gdelt_x_irn_20171015,2017-10-15,day,conflict_escalation,GDELT candidate: military clash / attack involving Iran (2017-10-15),"AUTO-HARVESTED, UNVERIFIED. GDELT recorded a military clash / attack (actors: Prison and Iran), peak 408 mentions, 783 total across sampled files. Joe must verify the source and code severity/surprise before approval.",3,3,low,http://am1590theanswer.com/news/politics/coup-revolution-and-mistrust-moments-in-iran-us-relations,country.iran:location;commodity.brent:affected_market,candidate,gdelt,
reject,duplicate episode: within 35d of stronger candidate gdelt_irq_x_20141015 (5152 mentions),781,gdelt_irq_syr_20141015,2014-10-15,day,conflict_escalation,GDELT candidate: military clash / attack involving Iraq (2014-10-15),"AUTO-HARVESTED, UNVERIFIED. GDELT recorded a military clash / attack (actors: Iraq and Syria), peak 330 mentions, 781 total across sampled files. Joe must verify the source and code severity/surprise before approval.",3,3,low,http://www.observer-reporter.com/article/20141015/NEWS05/141019649,country.iraq:location;commodity.brent:affected_market,candidate,gdelt,
reject,duplicate episode: within 35d of stronger candidate gdelt_irn_x_20150715 (6084 mentions),776,gdelt_x_irq_20150715,2015-07-15,day,conflict_escalation,GDELT candidate: military clash / attack involving Iraq (2015-07-15),"AUTO-HARVESTED, UNVERIFIED. GDELT recorded a military clash / attack (actors: University and Iraq), peak 182 mentions, 776 total across sampled files. Joe must verify the source and code severity/surprise before approval.",3,3,low,https://uk.news.yahoo.com/boko-haram-raids-damasak-another-village-nigerias-borno-123644592.html,country.iraq:location;commodity.brent:affected_market,candidate,gdelt,
reject,duplicate episode: within 35d of stronger candidate gdelt_x_lby_20131015 (1056 mentions),757,gdelt_usa_lby_20131015,2013-10-15,day,conflict_escalation,GDELT candidate: military clash / attack involving Libya (2013-10-15),"AUTO-HARVESTED, UNVERIFIED. GDELT recorded a military clash / attack (actors: United States and Tripoli), peak 132 mentions, 757 total across sampled files. Joe must verify the source and code severity/surprise before approval.",3,3,low,http://www.dailytribune.com/article/20131015/NEWS/131019630,country.libya:location;commodity.brent:affected_market,candidate,gdelt,
reject,"outside usable price window (need 130d before & 20d after; have 9932 before, 0 on/after)",754,gdelt_bhr_kwt_20260715,2026-07-15,day,conflict_escalation,GDELT candidate: military clash / attack involving Kuwait (2026-07-15),"AUTO-HARVESTED, UNVERIFIED. GDELT recorded a military clash / attack (actors: Bahrain and Kuwait), peak 432 mentions, 754 total across sampled files. Joe must verify the source and code severity/surprise before approval.",3,3,low,https://whoradio.iheart.com/content/2026-07-15-us-launches-second-wave-of-strikes-on-iran-resumes-naval-blockade/,country.kuwait:location;commodity.brent:affected_market,candidate,gdelt,
reject,duplicate episode: within 35d of stronger candidate gdelt_rus_x_20151015 (4926 mentions),753,gdelt_sau_yem_20151015,2015-10-15,day,conflict_escalation,GDELT candidate: military clash / attack involving Saudi Arabia (2015-10-15),"AUTO-HARVESTED, UNVERIFIED. GDELT recorded a military clash / attack (actors: Saudi and Yemeni), peak 270 mentions, 753 total across sampled files. Joe must verify the source and code severity/surprise before approval.",3,3,low,http://www.streetinsider.com/Reuters/Yemeni+forces+launch+Scud+missile+toward+Saudi+Arabia:+Houthi+TV/10973113.html,country.saudi_arabia:location;commodity.brent:affected_market,candidate,gdelt,
reject,duplicate episode: within 35d of stronger candidate gdelt_sau_qat_20170715 (1293 mentions),753,gdelt_irn_x_20170715,2017-07-15,day,conflict_escalation,GDELT candidate: military clash / attack involving Iran (2017-07-15),"AUTO-HARVESTED, UNVERIFIED. GDELT recorded a military clash / attack (actors: Tehran), peak 286 mentions, 753 total across sampled files. Joe must verify the source and code severity/surprise before approval.",3,3,low,http://www.scnow.com/news/headlines/article_896715be-b4de-5ee0-8aea-58e2d48776a9.html,country.iran:location;commodity.brent:affected_market,candidate,gdelt,
reject,duplicate episode: within 35d of stronger candidate gdelt_lby_usa_20160115 (3400 mentions),752,gdelt_mys_irq_20160108,2016-01-08,day,conflict_escalation,GDELT candidate: military clash / attack involving Iraq (2016-01-08),"AUTO-HARVESTED, UNVERIFIED. GDELT recorded a military clash / attack (actors: Malaysia and Iraq), peak 424 mentions, 752 total across sampled files. Joe must verify the source and code severity/surprise before approval.",3,3,low,http://www.watoday.com.au/world/jakarta-terror-attacks-foreign-fighters-feared-as-the-cause-20160115-gm6psk.html,country.iraq:location;commodity.brent:affected_market,candidate,gdelt,
reject,duplicate episode: within 35d of stronger candidate iran_strikes_israel_oct_2024 (seed),751,gdelt_x_irn_20241015,2024-10-15,day,conflict_escalation,GDELT candidate: military clash / attack involving Iran (2024-10-15),"AUTO-HARVESTED, UNVERIFIED. GDELT recorded a military clash / attack (actors: Manufacturer and Iranian), peak 222 mentions, 751 total across sampled files. Joe must verify the source and code severity/surprise before approval.",3,3,low,https://www.news-gazette.com/news/nation-world/middle-east-latest-top-leaders-attend-an-iranian-revolutionary-guard-generals-funeral/article_af559e95-995c-5a9b-aced-dbe2ef58b903.html,country.iran:location;commodity.brent:affected_market,candidate,gdelt,
reject,duplicate episode: within 35d of stronger candidate gdelt_rus_x_20151015 (4926 mentions),744,gdelt_syr_rus_20151015,2015-10-15,day,conflict_escalation,GDELT candidate: military clash / attack involving Russia (2015-10-15),"AUTO-HARVESTED, UNVERIFIED. GDELT recorded a military clash / attack (actors: Syria and Russian), peak 122 mentions, 744 total across sampled files. Joe must verify the source and code severity/surprise before approval.",3,3,low,http://www.dailymail.co.uk/wires/reuters/article-3271329/U-S-expects-agreement-Russia-soon-Syria-air-safety.html,country.russia:location;commodity.brent:affected_market,candidate,gdelt,
reject,"outside usable price window (need 130d before & 20d after; have 9932 before, 0 on/after)",744,gdelt_rus_ukr_20260715,2026-07-15,day,conflict_escalation,GDELT candidate: military clash / attack involving Russia (2026-07-15),"AUTO-HARVESTED, UNVERIFIED. GDELT recorded a military clash / attack (actors: Russia and Kyiv), peak 192 mentions, 744 total across sampled files. Joe must verify the source and code severity/surprise before approval.",3,3,low,https://www.newsday.com/news/nation/russia-ukraine-war-europe-leyen-vukic-support-i31077,country.russia:location;commodity.brent:affected_market,candidate,gdelt,
reject,duplicate episode: within 35d of stronger candidate gdelt_x_lby_20140415 (1795 mentions),743,gdelt_rus_ukr_20140415,2014-04-15,day,sanctions,GDELT candidate: sanctions action involving Russia (2014-04-15),"AUTO-HARVESTED, UNVERIFIED. GDELT recorded a sanctions action (actors: Russia and Ukraine), peak 29 mentions, 743 total across sampled files. Joe must verify the source and code severity/surprise before approval.",3,3,low,http://www.newsmax.com/Newsfront/John-Bolton-Russia-Ukraine-Putin/2014/04/15/id/565719/,country.russia:location;commodity.brent:affected_market,candidate,gdelt,
reject,duplicate episode: within 35d of stronger candidate gdelt_lby_usa_20160115 (3400 mentions),742,gdelt_irn_x_20160115,2016-01-15,day,conflict_escalation,GDELT candidate: military clash / attack involving Iran (2016-01-15),"AUTO-HARVESTED, UNVERIFIED. GDELT recorded a military clash / attack (actors: Kurdistan and Police Officer), peak 170 mentions, 742 total across sampled files. Joe must verify the source and code severity/surprise before approval.",3,3,low,http://www.ammoland.com/2016/01/us-iran-step-back-from-the-brink/,country.iran:location;commodity.brent:affected_market,candidate,gdelt,
reject,duplicate episode: within 35d of stronger candidate gdelt_rus_x_20151015 (4926 mentions),739,gdelt_irn_syr_20151015,2015-10-15,day,conflict_escalation,GDELT candidate: military clash / attack involving Iran (2015-10-15),"AUTO-HARVESTED, UNVERIFIED. GDELT recorded a military clash / attack (actors: Iranian and Syria), peak 208 mentions, 739 total across sampled files. Joe must verify the source and code severity/surprise before approval.",3,3,low,http://www.newstribune.com/news/2015/oct/14/iran-sends-fighters-syria-escalating-its-involveme/,country.iran:location;commodity.brent:affected_market,candidate,gdelt,
reject,duplicate episode: within 35d of stronger candidate gdelt_x_sau_20160715 (1217 mentions),737,gdelt_irq_syr_20160715,2016-07-15,day,conflict_escalation,GDELT candidate: military clash / attack involving Iraq (2016-07-15),"AUTO-HARVESTED, UNVERIFIED. GDELT recorded a military clash / attack (actors: Iraqi and Syria), peak 187 mentions, 737 total across sampled files. Joe must verify the source and code severity/surprise before approval.",3,3,low,http://www.iraqsun.com/index.php/sid/245834165,country.iraq:location;commodity.brent:affected_market,candidate,gdelt,
reject,duplicate episode: within 35d of stronger candidate gdelt_ukr_irn_20251015 (820 mentions),723,gdelt_rus_ukr_20251015,2025-10-15,day,conflict_escalation,GDELT candidate: military clash / attack involving Russia (2025-10-15),"AUTO-HARVESTED, UNVERIFIED. GDELT recorded a military clash / attack (actors: Russia and Kharkiv), peak 429 mentions, 723 total across sampled files. Joe must verify the source and code severity/surprise before approval.",3,3,low,https://www.winnipegfreepress.com/world/2025/10/15/russia-makes-more-precise-drones-and-is-using-them-to-attack-ukraines-vital-rail-network,country.russia:location;commodity.brent:affected_market,candidate,gdelt,
reject,duplicate episode: within 35d of stronger candidate gdelt_rus_ukr_20250415 (1151 mentions),716,gdelt_ukr_rus_20250415,2025-04-15,day,conflict_escalation,GDELT candidate: military clash / attack involving Russia (2025-04-15),"AUTO-HARVESTED, UNVERIFIED. GDELT recorded a military clash / attack (actors: Ukrainian and Russia), peak 58 mentions, 716 total across sampled files. Joe must verify the source and code severity/surprise before approval.",3,3,low,https://www.marketscreener.com/quote/currency/US-DOLLAR-RUSSIAN-ROUBLE--2370597/news/Ukrainian-drone-attack-on-Russia-s-Kursk-kills-woman-injures-nine-authorities-say-49616418/,country.russia:location;commodity.brent:affected_market,candidate,gdelt,
reject,duplicate episode: within 35d of stronger candidate gdelt_usa_sau_20181015 (7014 mentions),715,gdelt_x_rus_20181015,2018-10-15,day,conflict_escalation,GDELT candidate: military clash / attack involving Russia (2018-10-15),"AUTO-HARVESTED, UNVERIFIED. GDELT recorded a military clash / attack (actors: Paramilitary and Russia), peak 222 mentions, 715 total across sampled files. Joe must verify the source and code severity/surprise before approval.",3,3,low,https://www.fox30jax.com/news/world/ukrainian-nationalists-honor-wwiiera-paramilitary-group/853074977,country.russia:location;commodity.brent:affected_market,candidate,gdelt,
reject,duplicate episode: within 35d of stronger candidate gdelt_ukr_irn_20251015 (820 mentions),712,gdelt_rus_x_20251015,2025-10-15,day,conflict_escalation,GDELT candidate: military clash / attack involving Russia (2025-10-15),"AUTO-HARVESTED, UNVERIFIED. GDELT recorded a military clash / attack (actors: Russian), peak 314 mentions, 712 total across sampled files. Joe must verify the source and code severity/surprise before approval.",3,3,low,https://www.wsbradio.com/news/business/ukrainian-officials/XLIGABNZPE3UPFYDAQX7AFYK54/,country.russia:location;commodity.brent:affected_market,candidate,gdelt,
reject,duplicate episode: within 35d of stronger candidate iran_strikes_israel_apr_2024 (seed),709,gdelt_rus_x_20240415,2024-04-15,day,conflict_escalation,GDELT candidate: military clash / attack involving Russia (2024-04-15),"AUTO-HARVESTED, UNVERIFIED. GDELT recorded a military clash / attack (actors: Russia and Civilian), peak 64 mentions, 709 total across sampled files. Joe must verify the source and code severity/surprise before approval.",3,3,low,https://www.saipantribune.com/news/national/azerbaijan-accuses-armenia-of-media-campaign-at-un-top-court/article_bb88c8e5-690e-590e-b14d-64ea1127c6e4.html,country.russia:location;commodity.brent:affected_market,candidate,gdelt,
reject,duplicate episode: within 35d of stronger candidate gdelt_irq_x_20140115 (7785 mentions),708,gdelt_rus_x_20140115,2014-01-15,day,sanctions,GDELT candidate: sanctions action involving Russia (2014-01-15),"AUTO-HARVESTED, UNVERIFIED. GDELT recorded a sanctions action (actors: Russian), peak 58 mentions, 708 total across sampled files. Joe must verify the source and code severity/surprise before approval.",3,3,low,http://www.tribtown.com/view/story/476c658c01504cdb805231fa0457395e/US-Travel-Dali-Museum-Warhol,country.russia:location;commodity.brent:affected_market,candidate,gdelt,
reject,duplicate episode: within 35d of stronger candidate gdelt_rus_x_20240715 (895 mentions),706,gdelt_rus_ukr_20240715,2024-07-15,day,conflict_escalation,GDELT candidate: military clash / attack involving Russia (2024-07-15),"AUTO-HARVESTED, UNVERIFIED. GDELT recorded a military clash / attack (actors: Russia and Ukraine), peak 60 mentions, 706 total across sampled files. Joe must verify the source and code severity/surprise before approval.",3,3,low,https://www.clickondetroit.com/news/world/2024/07/15/russian-court-orders-house-arrest-for-a-general-in-custody-on-fraud-charges/,country.russia:location;commodity.brent:affected_market,candidate,gdelt,
reject,within 35d of existing event abqaiq_attack_2019 (2019-09-14) - same episode,704,gdelt_irq_syr_20191015,2019-10-15,day,conflict_escalation,GDELT candidate: military clash / attack involving Iraq (2019-10-15),"AUTO-HARVESTED, UNVERIFIED. GDELT recorded a military clash / attack (actors: Iraq and Syria), peak 448 mentions, 704 total across sampled files. Joe must verify the source and code severity/surprise before approval.",3,3,low,https://www.abqjournal.com/1378609/russia-moves-to-fill-void-left-by-us-in-northern-syria.html,country.iraq:location;commodity.brent:affected_market,candidate,gdelt,
reject,duplicate episode: within 35d of stronger candidate gdelt_irn_x_20150715 (6084 mentions),700,gdelt_rus_x_20150715,2015-07-15,day,conflict_escalation,GDELT candidate: military clash / attack involving Russia (2015-07-15),"AUTO-HARVESTED, UNVERIFIED. GDELT recorded a military clash / attack (actors: Russia and Civilian), peak 78 mentions, 700 total across sampled files. Joe must verify the source and code severity/surprise before approval.",3,3,low,http://www.sbs.com.au/news/article/2015/07/15/will-there-be-justice-mh17-families,country.russia:location;commodity.brent:affected_market,candidate,gdelt,
reject,duplicate episode: within 35d of stronger candidate gdelt_ukr_rus_20240115 (1701 mentions),700,gdelt_are_usa_20240115,2024-01-15,day,conflict_escalation,GDELT candidate: military clash / attack involving Uae (2024-01-15),"AUTO-HARVESTED, UNVERIFIED. GDELT recorded a military clash / attack (actors: Dubai and American), peak 124 mentions, 700 total across sampled files. Joe must verify the source and code severity/surprise before approval.",3,3,low,https://news.yahoo.com/yemen-houthi-rebels-fire-missile-024444470.html,country.uae:location;commodity.brent:affected_market,candidate,gdelt,
reject,duplicate episode: within 35d of stronger candidate gdelt_x_irq_20161015 (5849 mentions),690,gdelt_lby_x_20161015,2016-10-15,day,conflict_escalation,GDELT candidate: military clash / attack involving Libya (2016-10-15),"AUTO-HARVESTED, UNVERIFIED. GDELT recorded a military clash / attack (actors: Libya and Trooper), peak 192 mentions, 690 total across sampled files. Joe must verify the source and code severity/surprise before approval.",3,3,low,http://www.dailymail.co.uk/wires/reuters/article-3839320/Libyan-forces-advance-Sirte-14-troops-killed-officials-say.html,country.libya:location;commodity.brent:affected_market,candidate,gdelt,
reject,within 35d of existing event nord_stream_sabotage_2022 (2022-09-26) - same episode,687,gdelt_rus_wst_20221015,2022-10-15,day,conflict_escalation,GDELT candidate: military clash / attack involving Russia (2022-10-15),"AUTO-HARVESTED, UNVERIFIED. GDELT recorded a military clash / attack (actors: Russia and Nato), peak 321 mentions, 687 total across sampled files. Joe must verify the source and code severity/surprise before approval.",3,3,low,https://www.azerbaijannews.net/news/272923697/if-nato-clashes-with-russian-army-it-will-lead-to-global-catastrophe-putin,country.russia:location;commodity.brent:affected_market,candidate,gdelt,
reject,duplicate episode: within 35d of stronger candidate gdelt_x_sau_20160715 (1217 mentions),683,gdelt_x_rus_20160715,2016-07-15,day,conflict_escalation,GDELT candidate: military clash / attack involving Russia (2016-07-15),"AUTO-HARVESTED, UNVERIFIED. GDELT recorded a military clash / attack (actors: Russia), peak 222 mentions, 683 total across sampled files. Joe must verify the source and code severity/surprise before approval.",3,3,low,http://www.wxlm.fm/news/us-russia-talk-syria-coordination-despite-pentagon-concerns/,country.russia:location;commodity.brent:affected_market,candidate,gdelt,
reject,within 35d of existing event covid_pandemic_declared_2020 (2020-03-11) - same episode,681,gdelt_lby_x_20200415,2020-04-15,day,conflict_escalation,GDELT candidate: military clash / attack involving Libya (2020-04-15),"AUTO-HARVESTED, UNVERIFIED. GDELT recorded a military clash / attack (actors: Libyan), peak 290 mentions, 681 total across sampled files. Joe must verify the source and code severity/surprise before approval.",3,3,low,https://aawsat.com/english/home/article/2234751/libya%E2%80%99s-gna-accused-committing-%E2%80%98revenge-killings%E2%80%99,country.libya:location;commodity.brent:affected_market,candidate,gdelt,
reject,duplicate episode: within 35d of stronger candidate gulf_of_oman_tanker_attacks_2019 (seed),673,gdelt_usa_irn_20190715,2019-07-15,day,sanctions,GDELT candidate: sanctions action involving Iran (2019-07-15),"AUTO-HARVESTED, UNVERIFIED. GDELT recorded a sanctions action (actors: United States and Iran), peak 426 mentions, 673 total across sampled files. Joe must verify the source and code severity/surprise before approval.",3,3,low,https://news.yahoo.com/iranian-foreign-minister-heading-york-145104770.html,country.iran:location;commodity.brent:affected_market,candidate,gdelt,
reject,duplicate episode: within 35d of stronger candidate gdelt_x_lby_20131015 (1056 mentions),672,gdelt_rus_x_20131015,2013-10-15,day,conflict_escalation,GDELT candidate: military clash / attack involving Russia (2013-10-15),"AUTO-HARVESTED, UNVERIFIED. GDELT recorded a military clash / attack (actors: Russia), peak 124 mentions, 672 total across sampled files. Joe must verify the source and code severity/surprise before approval.",3,3,low,http://www.jpost.com/Breaking-News/Russia-says-it-foils-plot-to-attack-chemical-arms-facility-328755,country.russia:location;commodity.brent:affected_market,candidate,gdelt,
reject,within 35d of existing event opec_surprise_cut_2023 (2023-04-02) - same episode,672,gdelt_ukr_rus_20230415,2023-04-15,day,conflict_escalation,GDELT candidate: military clash / attack involving Russia (2023-04-15),"AUTO-HARVESTED, UNVERIFIED. GDELT recorded a military clash / attack (actors: Ukrainian and Russian), peak 104 mentions, 672 total across sampled files. Joe must verify the source and code severity/surprise before approval.",3,3,low,https://www.msn.com/en-us/news/world/russian-strike-kills-nine-including-toddler-in-eastern-ukraine/ar-AA19TgEL,country.russia:location;commodity.brent:affected_market,candidate,gdelt,
reject,duplicate episode: within 35d of stronger candidate gdelt_irn_x_20150715 (6084 mentions),667,gdelt_irn_usa_20150715,2015-07-15,day,conflict_escalation,GDELT candidate: military clash / attack involving Iran (2015-07-15),"AUTO-HARVESTED, UNVERIFIED. GDELT recorded a military clash / attack (actors: Iran and United States), peak 131 mentions, 667 total across sampled files. Joe must verify the source and code severity/surprise before approval.",3,3,low,http://www.local21news.com/template/inews_wire/wires.national/274a5bae-www.local21news.com.shtml,country.iran:location;commodity.brent:affected_market,candidate,gdelt,
reject,duplicate episode: within 35d of stronger candidate gdelt_irq_x_20140115 (7785 mentions),665,gdelt_usa_lby_20140115,2014-01-15,day,conflict_escalation,GDELT candidate: military clash / attack involving Libya (2014-01-15),"AUTO-HARVESTED, UNVERIFIED. GDELT recorded a military clash / attack (actors: Washington and Libya), peak 278 mentions, 665 total across sampled files. Joe must verify the source and code severity/surprise before approval.",3,3,low,http://wtaq.com/news/articles/2014/jan/15/senate-panel-says-attack-on-us-post-in-benghazi-was-preventable/,country.libya:location;commodity.brent:affected_market,candidate,gdelt,
reject,duplicate episode: within 35d of stronger candidate gdelt_lby_x_20190415 (1523 mentions),665,gdelt_x_rus_20190415,2019-04-15,day,conflict_escalation,GDELT candidate: military clash / attack involving Russia (2019-04-15),"AUTO-HARVESTED, UNVERIFIED. GDELT recorded a military clash / attack (actors: Militant and Tyumen), peak 488 mentions, 665 total across sampled files. Joe must verify the source and code severity/surprise before approval.",3,3,low,https://www.ledger-enquirer.com/news/business/article229274209.html,country.russia:location;commodity.brent:affected_market,candidate,gdelt,
reject,within 35d of existing event soleimani_strike_2020 (2020-01-03) - same episode,664,gdelt_ukr_irn_20200115,2020-01-15,day,conflict_escalation,GDELT candidate: military clash / attack involving Iran (2020-01-15),"AUTO-HARVESTED, UNVERIFIED. GDELT recorded a military clash / attack (actors: Ukraine and Iran), peak 458 mentions, 664 total across sampled files. Joe must verify the source and code severity/surprise before approval.",3,3,low,https://www.weyburnreview.com/universities-across-canada-plan-moment-of-silence-for-plane-crash-victims-1.24053012,country.iran:location;commodity.brent:affected_market,candidate,gdelt,
reject,within 35d of existing event suez_ever_given_2021 (2021-03-23) - same episode,664,gdelt_rus_rus_20210415,2021-04-15,day,conflict_escalation,GDELT candidate: military clash / attack involving Russia / Russia (2021-04-15),"AUTO-HARVESTED, UNVERIFIED. GDELT recorded a military clash / attack (actors: Russian and Russia), peak 404 mentions, 664 total across sampled files. Joe must verify the source and code severity/surprise before approval.",3,3,low,https://www.chronicleonline.com/news/national/us-expels-russian-diplomats-imposes-sanctions-for-hacking/article_cdf431ad-c01c-5912-9366-11dcc2b78e9d.html,country.russia:location;country.russia:location;commodity.brent:affected_market,candidate,gdelt,
reject,duplicate episode: within 35d of stronger candidate gdelt_irn_x_20171015 (1697 mentions),663,gdelt_x_irq_20171015,2017-10-15,day,conflict_escalation,GDELT candidate: military clash / attack involving Iraq (2017-10-15),"AUTO-HARVESTED, UNVERIFIED. GDELT recorded a military clash / attack (actors: Iraq), peak 374 mentions, 663 total across sampled files. Joe must verify the source and code severity/surprise before approval.",3,3,low,http://www.wfmz.com/news/ap-world-news/usbacked-fighters-begin-final-attack-in-syrias-raqqa/638339845,country.iraq:location;commodity.brent:affected_market,candidate,gdelt,
reject,within 35d of existing event iran_sanctions_reimposed_2018 (2018-05-08) - same episode,661,gdelt_rus_rus_20180415,2018-04-15,day,sanctions,GDELT candidate: sanctions action involving Russia / Russia (2018-04-15),"AUTO-HARVESTED, UNVERIFIED. GDELT recorded a sanctions action (actors: Russian and Russian), peak 498 mentions, 661 total across sampled files. Joe must verify the source and code severity/surprise before approval.",3,3,low,http://www.dailymail.co.uk/wires/pa/article-5617797/Pro-West-candidate-favourite-win-Montenegro-election.html,country.russia:location;country.russia:location;commodity.brent:affected_market,candidate,gdelt,
reject,duplicate episode: within 35d of stronger candidate iran_strikes_israel_oct_2024 (seed),661,gdelt_rus_ukr_20241015,2024-10-15,day,conflict_escalation,GDELT candidate: military clash / attack involving Russia (2024-10-15),"AUTO-HARVESTED, UNVERIFIED. GDELT recorded a military clash / attack (actors: Russia and Ukraine), peak 65 mentions, 661 total across sampled files. Joe must verify the source and code severity/surprise before approval.",3,3,low,https://www.bostonglobe.com/2024/10/14/world/russia-is-clawing-back-land-taken-by-ukraine-this-summer/,country.russia:location;commodity.brent:affected_market,candidate,gdelt,
reject,duplicate episode: within 35d of stronger candidate gdelt_irn_x_20171015 (1697 mentions),660,gdelt_usa_are_20171015,2017-10-15,day,conflict_escalation,GDELT candidate: military clash / attack involving Uae (2017-10-15),"AUTO-HARVESTED, UNVERIFIED. GDELT recorded a military clash / attack (actors: The Us and Dubai), peak 330 mentions, 660 total across sampled files. Joe must verify the source and code severity/surprise before approval.",3,3,low,http://am1590theanswer.com/news/politics/coup-revolution-and-mistrust-moments-in-iran-us-relations,country.uae:location;commodity.brent:affected_market,candidate,gdelt,
reject,within 35d of existing event abqaiq_attack_2019 (2019-09-14) - same episode,658,gdelt_rus_x_20191015,2019-10-15,day,conflict_escalation,GDELT candidate: military clash / attack involving Russia (2019-10-15),"AUTO-HARVESTED, UNVERIFIED. GDELT recorded a military clash / attack (actors: Russia), peak 120 mentions, 658 total across sampled files. Joe must verify the source and code severity/surprise before approval.",3,3,low,https://www.reuters.com/article/russia-media-threats-idUSL5N26Z3EP,country.russia:location;commodity.brent:affected_market,candidate,gdelt,
reject,duplicate episode: within 35d of stronger candidate gdelt_x_irn_20210115 (743 mentions),654,gdelt_rus_x_20210115,2021-01-15,day,conflict_escalation,GDELT candidate: military clash / attack involving Russia (2021-01-15),"AUTO-HARVESTED, UNVERIFIED. GDELT recorded a military clash / attack (actors: Vladimir Putin), peak 540 mentions, 654 total across sampled files. Joe must verify the source and code severity/surprise before approval.",3,3,low,https://level.medium.com/now-is-the-perfect-time-to-ruin-donald-trumps-life-7dc34315ef82?source=extreme_main_feed---------3-73--------------------ec2a7ce5_7ccb_4647_bb0e_63e678f3a640-------&gi=sd,country.russia:location;commodity.brent:affected_market,candidate,gdelt,
reject,duplicate episode: within 35d of stronger candidate gdelt_lby_usa_20160115 (3400 mentions),653,gdelt_rus_x_20160115,2016-01-15,day,conflict_escalation,GDELT candidate: military clash / attack involving Russia (2016-01-15),"AUTO-HARVESTED, UNVERIFIED. GDELT recorded a military clash / attack (actors: Russian and Village), peak 42 mentions, 653 total across sampled files. Joe must verify the source and code severity/surprise before approval.",3,3,low,http://www.gulf-times.com/story/475053/More-aid-reaches-trapped-Syrians-doubts-cast-on-pe,country.russia:location;commodity.brent:affected_market,candidate,gdelt,
reject,duplicate episode: within 35d of stronger candidate gdelt_x_irq_20161015 (5849 mentions),652,gdelt_x_lby_20161015,2016-10-15,day,conflict_escalation,GDELT candidate: military clash / attack involving Libya (2016-10-15),"AUTO-HARVESTED, UNVERIFIED. GDELT recorded a military clash / attack (actors: Trooper and Libya), peak 224 mentions, 652 total across sampled files. Joe must verify the source and code severity/surprise before approval.",3,3,low,http://zeenews.india.com/news/africa/blow-to-libya-unity-government-as-rival-seizes-offices_1940183.html,country.libya:location;commodity.brent:affected_market,candidate,gdelt,
reject,"outside usable price window (need 130d before & 20d after; have 9932 before, 0 on/after)",652,gdelt_yem_irn_20260715,2026-07-15,day,conflict_escalation,GDELT candidate: military clash / attack involving Iran (2026-07-15),"AUTO-HARVESTED, UNVERIFIED. GDELT recorded a military clash / attack (actors: Sanaa and Iran), peak 314 mentions, 652 total across sampled files. Joe must verify the source and code severity/surprise before approval.",3,3,low,https://www.wknofm.org/news-from-npr/2026-07-15/u-s-and-iran-standoff-over-the-strait-of-hormuz-intensifies,country.iran:location;commodity.brent:affected_market,candidate,gdelt,
reject,duplicate episode: within 35d of stronger candidate gdelt_x_lby_20140415 (1795 mentions),648,gdelt_lby_usa_20140415,2014-04-15,day,conflict_escalation,GDELT candidate: military clash / attack involving Libya (2014-04-15),"AUTO-HARVESTED, UNVERIFIED. GDELT recorded a military clash / attack (actors: Benghazi and American), peak 248 mentions, 648 total across sampled files. Joe must verify the source and code severity/surprise before approval.",3,3,low,http://www.mizonews.net/world/jordanian-envoy-kidnapped-in-libya/,country.libya:location;commodity.brent:affected_market,candidate,gdelt,
reject,duplicate episode: within 35d of stronger candidate gdelt_irq_x_20150115 (785 mentions),648,gdelt_x_irq_20150115,2015-01-15,day,conflict_escalation,GDELT candidate: military clash / attack involving Iraq (2015-01-15),"AUTO-HARVESTED, UNVERIFIED. GDELT recorded a military clash / attack (actors: Iraq), peak 174 mentions, 648 total across sampled files. Joe must verify the source and code severity/surprise before approval.",3,3,low,http://www.jamaicaobserver.com/latestnews/Five-Canadians-killed-in-Syria-fighting-with-IS,country.iraq:location;commodity.brent:affected_market,candidate,gdelt,
reject,duplicate episode: within 35d of stronger candidate gdelt_x_sau_20160715 (1217 mentions),646,gdelt_x_irq_20160715,2016-07-15,day,conflict_escalation,GDELT candidate: military clash / attack involving Iraq (2016-07-15),"AUTO-HARVESTED, UNVERIFIED. GDELT recorded a military clash / attack (actors: News Agency and Iraqi), peak 115 mentions, 646 total across sampled files. Joe must verify the source and code severity/surprise before approval.",3,3,low,http://www.iraqsun.com/index.php/sid/245834165,country.iraq:location;commodity.brent:affected_market,candidate,gdelt,
reject,duplicate episode: within 35d of stronger candidate israel_iran_war_2025 (seed),646,gdelt_x_rus_20250715,2025-07-15,day,sanctions,GDELT candidate: sanctions action involving Russia (2025-07-15),"AUTO-HARVESTED, UNVERIFIED. GDELT recorded a sanctions action (actors: Russia), peak 282 mentions, 646 total across sampled files. Joe must verify the source and code severity/surprise before approval.",3,3,low,https://www.gdnonline.com:443/Details/1358308/Trump-threatens-severe-sanctions-against-Russia,country.russia:location;commodity.brent:affected_market,candidate,gdelt,
reject,duplicate episode: within 35d of stronger candidate gdelt_x_irn_20210115 (743 mentions),643,gdelt_irq_x_20210115,2021-01-15,day,conflict_escalation,GDELT candidate: military clash / attack involving Iraq (2021-01-15),"AUTO-HARVESTED, UNVERIFIED. GDELT recorded a military clash / attack (actors: Iraq), peak 314 mentions, 643 total across sampled files. Joe must verify the source and code severity/surprise before approval.",3,3,low,https://www.sfgate.com/news/article/Amid-cacophony-since-Capitol-siege-key-officer-15872836.php,country.iraq:location;commodity.brent:affected_market,candidate,gdelt,
reject,duplicate episode: within 35d of stronger candidate gdelt_irq_x_20180115 (1888 mentions),642,gdelt_x_irn_20180115,2018-01-15,day,sanctions,GDELT candidate: sanctions action involving Iran (2018-01-15),"AUTO-HARVESTED, UNVERIFIED. GDELT recorded a sanctions action (actors: Iran), peak 266 mentions, 642 total across sampled files. Joe must verify the source and code severity/surprise before approval.",3,3,low,https://www.nbcnews.com/news/world/iran-rejects-trump-s-demand-change-nuclear-deal-n837441?cid=public-rss_20180115,country.iran:location;commodity.brent:affected_market,candidate,gdelt,
reject,duplicate episode: within 35d of stronger candidate gdelt_irn_x_20171015 (1697 mentions),641,gdelt_rus_x_20171015,2017-10-15,day,conflict_escalation,GDELT candidate: military clash / attack involving Russia (2017-10-15),"AUTO-HARVESTED, UNVERIFIED. GDELT recorded a military clash / attack (actors: Russia and Islamic), peak 204 mentions, 641 total across sampled files. Joe must verify the source and code severity/surprise before approval.",3,3,low,http://www.ktvz.com/news/politics/pelosi-trump-doesnt-understand-a-presidents-words-weigh-a-ton/638010447,country.russia:location;commodity.brent:affected_market,candidate,gdelt,
reject,duplicate episode: within 35d of stronger candidate gdelt_rus_x_20151015 (4926 mentions),639,gdelt_syr_irq_20151015,2015-10-15,day,conflict_escalation,GDELT candidate: military clash / attack involving Iraq (2015-10-15),"AUTO-HARVESTED, UNVERIFIED. GDELT recorded a military clash / attack (actors: Syria and Iraq), peak 440 mentions, 639 total across sampled files. Joe must verify the source and code severity/surprise before approval.",3,3,low,http://www.npr.org/sections/parallels/2015/10/15/448925947/pledging-to-end-two-wars-obama-finds-himself-entangled-in-three,country.iraq:location;commodity.brent:affected_market,candidate,gdelt,
reject,within 35d of existing event soleimani_strike_2020 (2020-01-03) - same episode,634,gdelt_irn_gbr_20200115,2020-01-15,day,conflict_escalation,GDELT candidate: military clash / attack involving Iran (2020-01-15),"AUTO-HARVESTED, UNVERIFIED. GDELT recorded a military clash / attack (actors: Iran and Britain), peak 252 mentions, 634 total across sampled files. Joe must verify the source and code severity/surprise before approval.",3,3,low,https://www.surreycomet.co.uk/news/national/18160977.british-ambassador-iran-returns-uk-talks/,country.iran:location;commodity.brent:affected_market,candidate,gdelt,
reject,duplicate episode: within 35d of stronger candidate gdelt_sau_qat_20170715 (1293 mentions),632,gdelt_irq_x_20170715,2017-07-15,day,conflict_escalation,GDELT candidate: military clash / attack involving Iraq (2017-07-15),"AUTO-HARVESTED, UNVERIFIED. GDELT recorded a military clash / attack (actors: Iraq and Village), peak 102 mentions, 632 total across sampled files. Joe must verify the source and code severity/surprise before approval.",3,3,low,http://my.tvguide.co.uk/channellisting.asp?ch=910&cTime=7/15/2017%202:00:00%20AM&thisTime=&thisDay=,country.iraq:location;commodity.brent:affected_market,candidate,gdelt,
reject,within 35d of existing event suez_ever_given_2021 (2021-03-23) - same episode,632,gdelt_rus_nld_20210415,2021-04-15,day,conflict_escalation,GDELT candidate: military clash / attack involving Russia (2021-04-15),"AUTO-HARVESTED, UNVERIFIED. GDELT recorded a military clash / attack (actors: Russian and Dutch), peak 316 mentions, 632 total across sampled files. Joe must verify the source and code severity/surprise before approval.",3,3,low,https://www.news4jax.com/news/world/2021/04/15/explainer-whats-behind-the-conflict-in-eastern-ukraine/,country.russia:location;commodity.brent:affected_market,candidate,gdelt,
reject,duplicate episode: within 35d of stronger candidate gdelt_x_lby_20131015 (1056 mentions),630,gdelt_lby_x_20131015,2013-10-15,day,conflict_escalation,GDELT candidate: military clash / attack involving Libya (2013-10-15),"AUTO-HARVESTED, UNVERIFIED. GDELT recorded a military clash / attack (actors: Libya), peak 313 mentions, 630 total across sampled files. Joe must verify the source and code severity/surprise before approval.",3,3,low,http://www.mynews3.com/content/news/story/US-courts-convict-terrorists-Gitmo-trials-drag-on/JIyX4UMfQEuI6w_WbeciSg.cspx,country.libya:location;commodity.brent:affected_market,candidate,gdelt,
reject,duplicate episode: within 35d of stronger candidate saudi_intervention_yemen_2015 (seed),630,gdelt_esp_ven_20150415,2015-04-15,day,conflict_escalation,GDELT candidate: military clash / attack involving Venezuela (2015-04-15),"AUTO-HARVESTED, UNVERIFIED. GDELT recorded a military clash / attack (actors: Valencia and Venezuela), peak 348 mentions, 630 total across sampled files. Joe must verify the source and code severity/surprise before approval.",3,3,low,http://www.fox10phoenix.com/story/28805010/2015/04/15/caught-on-camera-officer-uses-cruiser-to-stop-armed-suspect,country.venezuela:location;commodity.brent:affected_market,candidate,gdelt,
reject,duplicate episode: within 35d of stronger candidate iran_strikes_israel_oct_2024 (seed),628,gdelt_irn_x_20241015,2024-10-15,day,conflict_escalation,GDELT candidate: military clash / attack involving Iran (2024-10-15),"AUTO-HARVESTED, UNVERIFIED. GDELT recorded a military clash / attack (actors: Iran), peak 149 mentions, 628 total across sampled files. Joe must verify the source and code severity/surprise before approval.",3,3,low,https://www.mondaq.com:443/unitedstates/international-trade-investment/1527628/stepwise-risk-outlook-what-were-watching-today-october-7-2024,country.iran:location;commodity.brent:affected_market,candidate,gdelt,
reject,duplicate episode: within 35d of stronger candidate gdelt_irq_x_20140115 (7785 mentions),625,gdelt_irn_x_20140115,2014-01-15,day,sanctions,GDELT candidate: sanctions action involving Iran (2014-01-15),"AUTO-HARVESTED, UNVERIFIED. GDELT recorded a sanctions action (actors: Iran), peak 168 mentions, 625 total across sampled files. Joe must verify the source and code severity/surprise before approval.",3,3,low,http://www.thepublicopinion.com/news/associated_press/national/middle-east/article_3b5e53ac-4338-59de-8653-d3f875cc651b.html,country.iran:location;commodity.brent:affected_market,candidate,gdelt,
reject,duplicate episode: within 35d of stronger candidate gdelt_lby_usa_20160115 (3400 mentions),625,gdelt_x_sau_20160115,2016-01-15,day,conflict_escalation,GDELT candidate: military clash / attack involving Saudi Arabia (2016-01-15),"AUTO-HARVESTED, UNVERIFIED. GDELT recorded a military clash / attack (actors: Medina), peak 132 mentions, 625 total across sampled files. Joe must verify the source and code severity/surprise before approval.",3,3,low,http://www.proactiveinvestors.com.au/companies/news/66591/war-between-saudi-arabia-and-iran-could-send-oil-prices-to-250--66591.html,country.saudi_arabia:location;commodity.brent:affected_market,candidate,gdelt,
reject,"outside usable price window (need 130d before & 20d after; have 9932 before, 0 on/after)",620,gdelt_pak_sau_20260715,2026-07-15,day,conflict_escalation,GDELT candidate: military clash / attack involving Saudi Arabia (2026-07-15),"AUTO-HARVESTED, UNVERIFIED. GDELT recorded a military clash / attack (actors: Pakistan and Saudi Arabia), peak 496 mentions, 620 total across sampled files. Joe must verify the source and code severity/surprise before approval.",3,3,low,http://www.shanghainews.net/news/279188726/us-military-launches-new-wave-of-iran-strikes,country.saudi_arabia:location;commodity.brent:affected_market,candidate,gdelt,
reject,within 35d of existing event nord_stream_sabotage_2022 (2022-09-26) - same episode,609,gdelt_irq_x_20221015,2022-10-15,day,conflict_escalation,GDELT candidate: military clash / attack involving Iraq (2022-10-15),"AUTO-HARVESTED, UNVERIFIED. GDELT recorded a military clash / attack (actors: Iraq), peak 356 mentions, 609 total across sampled files. Joe must verify the source and code severity/surprise before approval.",3,3,low,https://english.alaraby.co.uk/news/iraq-activists-being-persecuted-run-planned-demos,country.iraq:location;commodity.brent:affected_market,candidate,gdelt,
reject,duplicate episode: within 35d of stronger candidate gdelt_sau_qat_20170715 (1293 mentions),608,gdelt_x_irn_20170715,2017-07-15,day,conflict_escalation,GDELT candidate: military clash / attack involving Iran (2017-07-15),"AUTO-HARVESTED, UNVERIFIED. GDELT recorded a military clash / attack (actors: Iranian), peak 290 mentions, 608 total across sampled files. Joe must verify the source and code severity/surprise before approval.",3,3,low,http://www.scnow.com/news/headlines/article_896715be-b4de-5ee0-8aea-58e2d48776a9.html,country.iran:location;commodity.brent:affected_market,candidate,gdelt,
reject,duplicate episode: within 35d of stronger candidate gdelt_irq_x_20180715 (904 mentions),608,gdelt_x_irq_20180715,2018-07-15,day,sanctions,GDELT candidate: sanctions action involving Iraq (2018-07-15),"AUTO-HARVESTED, UNVERIFIED. GDELT recorded a sanctions action (actors: Opposition Parties and Iraq), peak 380 mentions, 608 total across sampled files. Joe must verify the source and code severity/surprise before approval.",3,3,low,http://news.trust.org/item/20180715072511-ddo6p,country.iraq:location;commodity.brent:affected_market,candidate,gdelt,
reject,duplicate episode: within 35d of stronger candidate gdelt_x_lby_20140415 (1795 mentions),607,gdelt_irq_x_20140415,2014-04-15,day,conflict_escalation,GDELT candidate: military clash / attack involving Iraq (2014-04-15),"AUTO-HARVESTED, UNVERIFIED. GDELT recorded a military clash / attack (actors: Iraq), peak 124 mentions, 607 total across sampled files. Joe must verify the source and code severity/surprise before approval.",3,3,low,http://www.10news.com/news/military/first-women-move-to-army-platoon-artillery-jobs-041514,country.iraq:location;commodity.brent:affected_market,candidate,gdelt,
reject,duplicate episode: within 35d of stronger candidate gdelt_x_lby_20140415 (1795 mentions),600,gdelt_nzl_lby_20140415,2014-04-15,day,conflict_escalation,GDELT candidate: military clash / attack involving Libya (2014-04-15),"AUTO-HARVESTED, UNVERIFIED. GDELT recorded a military clash / attack (actors: New Zealand and Benghazi), peak 270 mentions, 600 total across sampled files. Joe must verify the source and code severity/surprise before approval.",3,3,low,http://www.mizonews.net/world/jordanian-envoy-kidnapped-in-libya/,country.libya:location;commodity.brent:affected_market,candidate,gdelt,
reject,within 35d of existing event venezuela_sanctions_2019 (2019-01-28) - same episode,600,gdelt_rus_x_20190115,2019-01-15,day,sanctions,GDELT candidate: sanctions action involving Russia (2019-01-15),"AUTO-HARVESTED, UNVERIFIED. GDELT recorded a sanctions action (actors: Russia), peak 81 mentions, 600 total across sampled files. Joe must verify the source and code severity/surprise before approval.",3,3,low,https://www.npr.org/2019/01/14/685192372/activists-say-40-detained-and-2-dead-in-gay-purge-in-chechnya,country.russia:location;commodity.brent:affected_market,candidate,gdelt,
reject,duplicate episode: within 35d of stronger candidate gulf_of_oman_tanker_attacks_2019 (seed),594,gdelt_x_irn_20190715,2019-07-15,day,sanctions,GDELT candidate: sanctions action involving Iran (2019-07-15),"AUTO-HARVESTED, UNVERIFIED. GDELT recorded a sanctions action (actors: Iranian), peak 389 mentions, 594 total across sampled files. Joe must verify the source and code severity/surprise before approval.",3,3,low,https://www.aa.com.tr/en/americas/turkish-leader-blasts-us-senator-over-cyprus-proposal/1531578,country.iran:location;commodity.brent:affected_market,candidate,gdelt,
reject,duplicate episode: within 35d of stronger candidate gdelt_lby_x_20140715 (2020 mentions),592,gdelt_irq_irq_20140715,2014-07-15,day,conflict_escalation,GDELT candidate: military clash / attack involving Iraq / Iraq (2014-07-15),"AUTO-HARVESTED, UNVERIFIED. GDELT recorded a military clash / attack (actors: Iraq and Iraq), peak 128 mentions, 592 total across sampled files. Joe must verify the source and code severity/surprise before approval.",3,3,low,http://www.iraqsun.com/index.php/sid/223813427/scat/c31d0aaa23b24a75,country.iraq:location;country.iraq:location;commodity.brent:affected_market,candidate,gdelt,
reject,duplicate episode: within 35d of stronger candidate gdelt_irq_x_20150115 (785 mentions),588,gdelt_x_rus_20150115,2015-01-15,day,sanctions,GDELT candidate: sanctions action involving Russia (2015-01-15),"AUTO-HARVESTED, UNVERIFIED. GDELT recorded a sanctions action (actors: Russia), peak 100 mentions, 588 total across sampled files. Joe must verify the source and code severity/surprise before approval.",3,3,low,http://www.newstalkzb.co.nz/news/world/battle-for-airport-in-east-ukraine/,country.russia:location;commodity.brent:affected_market,candidate,gdelt,
reject,within 35d of existing event venezuela_sanctions_2019 (2019-01-28) - same episode,587,gdelt_sau_x_20190115,2019-01-15,day,conflict_escalation,GDELT candidate: military clash / attack involving Saudi Arabia (2019-01-15),"AUTO-HARVESTED, UNVERIFIED. GDELT recorded a military clash / attack (actors: Saudi Arabia), peak 102 mentions, 587 total across sampled files. Joe must verify the source and code severity/surprise before approval.",3,3,low,https://www.yahoo.com/news/un-says-yemens-warring-parties-refuse-meet-together-223130929.html,country.saudi_arabia:location;commodity.brent:affected_market,candidate,gdelt,
reject,duplicate episode: within 35d of stronger candidate saudi_intervention_yemen_2015 (seed),576,gdelt_sau_idn_20150415,2015-04-15,day,conflict_escalation,GDELT candidate: military clash / attack involving Saudi Arabia (2015-04-15),"AUTO-HARVESTED, UNVERIFIED. GDELT recorded a military clash / attack (actors: Saudi and Indonesia), peak 210 mentions, 576 total across sampled files. Joe must verify the source and code severity/surprise before approval.",3,3,low,https://in.newshub.org/indonesia-protests-beheading-domestic-worker-saudi-arabia-15638208.html,country.saudi_arabia:location;commodity.brent:affected_market,candidate,gdelt,
reject,duplicate episode: within 35d of stronger candidate gdelt_rus_syr_20160415 (1112 mentions),576,gdelt_rus_x_20160415,2016-04-15,day,conflict_escalation,GDELT candidate: military clash / attack involving Russia (2016-04-15),"AUTO-HARVESTED, UNVERIFIED. GDELT recorded a military clash / attack (actors: Moscow and Rebel), peak 80 mentions, 576 total across sampled files. Joe must verify the source and code severity/surprise before approval.",3,3,low,http://in.reuters.com/article/us-mideast-crisis-syria-aleppo-idINKCN0XB1IH,country.russia:location;commodity.brent:affected_market,candidate,gdelt,
reject,duplicate episode: within 35d of stronger candidate gdelt_irn_x_20150715 (6084 mentions),574,gdelt_x_sau_20150715,2015-07-15,day,conflict_escalation,GDELT candidate: military clash / attack involving Saudi Arabia (2015-07-15),"AUTO-HARVESTED, UNVERIFIED. GDELT recorded a military clash / attack (actors: Business and Saudi), peak 150 mentions, 574 total across sampled files. Joe must verify the source and code severity/surprise before approval.",3,3,low,http://www.ngrguardiannews.com/2015/07/loyalists-advance-in-yemens-aden/,country.saudi_arabia:location;commodity.brent:affected_market,candidate,gdelt,
reject,within 35d of existing event nord_stream_sabotage_2022 (2022-09-26) - same episode,571,gdelt_x_rus_20221015,2022-10-15,day,conflict_escalation,GDELT candidate: military clash / attack involving Russia (2022-10-15),"AUTO-HARVESTED, UNVERIFIED. GDELT recorded a military clash / attack (actors: Russian), peak 120 mentions, 571 total across sampled files. Joe must verify the source and code severity/surprise before approval.",3,3,low,https://www.wvnews.com/mineralnews/newsfeed/world/putin-calls-his-actions-in-ukraine-correct-and-timely/article_492b080f-83a3-5f5a-ba71-374447dc0e76.html,country.russia:location;commodity.brent:affected_market,candidate,gdelt,
reject,within 35d of existing event venezuela_sanctions_2019 (2019-01-28) - same episode,570,gdelt_usa_irn_20190115,2019-01-15,day,sanctions,GDELT candidate: sanctions action involving Iran (2019-01-15),"AUTO-HARVESTED, UNVERIFIED. GDELT recorded a sanctions action (actors: United States and Iran), peak 220 mentions, 570 total across sampled files. Joe must verify the source and code severity/surprise before approval.",3,3,low,https://news.yahoo.com/oil-prices-edge-supply-cuts-weakening-economic-outlook-005722331--finance.html,country.iran:location;commodity.brent:affected_market,candidate,gdelt,
reject,duplicate episode: within 35d of stronger candidate gdelt_rus_ukr_20220415 (21455 mentions),570,gdelt_rus_gbr_20220415,2022-04-15,day,conflict_escalation,GDELT candidate: military clash / attack involving Russia (2022-04-15),"AUTO-HARVESTED, UNVERIFIED. GDELT recorded a military clash / attack (actors: Russian and London), peak 557 mentions, 570 total across sampled files. Joe must verify the source and code severity/surprise before approval.",3,3,low,https://www.readingchronicle.co.uk/news/20071660.family-british-pow-captured-russians-call-treated-humanely/,country.russia:location;commodity.brent:affected_market,candidate,gdelt,
reject,duplicate episode: within 35d of stronger candidate gdelt_x_lby_20140415 (1795 mentions),563,gdelt_lby_x_20140415,2014-04-15,day,conflict_escalation,GDELT candidate: military clash / attack involving Libya (2014-04-15),"AUTO-HARVESTED, UNVERIFIED. GDELT recorded a military clash / attack (actors: Libya), peak 170 mentions, 563 total across sampled files. Joe must verify the source and code severity/surprise before approval.",3,3,low,http://www.nst.com.my/latest/gunmen-kidnap-jordan-s-ambassador-to-libya-1.569205?cache=03%2F7.198169%3Fkey%3Dkuala+lumpur%2F7.457361,country.libya:location;commodity.brent:affected_market,candidate,gdelt,
reject,duplicate episode: within 35d of stronger candidate gdelt_rus_x_20250115 (2948 mentions),563,gdelt_irn_x_20250115,2025-01-15,day,conflict_escalation,GDELT candidate: military clash / attack involving Iran (2025-01-15),"AUTO-HARVESTED, UNVERIFIED. GDELT recorded a military clash / attack (actors: Iran), peak 164 mentions, 563 total across sampled files. Joe must verify the source and code severity/surprise before approval.",3,3,low,https://www.nbcdfw.com/news/national-international/iran-never-plotted-to-kill-trump-during-campaign-irans-president-tells-nbc-news/3741190/,country.iran:location;commodity.brent:affected_market,candidate,gdelt,
reject,duplicate episode: within 35d of stronger candidate gdelt_x_lby_20131015 (1056 mentions),562,gdelt_x_rus_20131015,2013-10-15,day,conflict_escalation,GDELT candidate: military clash / attack involving Russia (2013-10-15),"AUTO-HARVESTED, UNVERIFIED. GDELT recorded a military clash / attack (actors: Moscow), peak 125 mentions, 562 total across sampled files. Joe must verify the source and code severity/surprise before approval.",3,3,low,http://www.jpost.com/Breaking-News/Russia-says-it-foils-plot-to-attack-chemical-arms-facility-328755,country.russia:location;commodity.brent:affected_market,candidate,gdelt,
reject,duplicate episode: within 35d of stronger candidate gdelt_lby_x_20140715 (2020 mentions),561,gdelt_rus_tjk_20140715,2014-07-15,day,conflict_escalation,GDELT candidate: military clash / attack involving Russia (2014-07-15),"AUTO-HARVESTED, UNVERIFIED. GDELT recorded a military clash / attack (actors: Russian and Tajikistan), peak 502 mentions, 561 total across sampled files. Joe must verify the source and code severity/surprise before approval.",3,3,low,http://www.japantoday.com/category/world/view/rush-hour-moscow-subway-derails-21-dead-136-hurt,country.russia:location;commodity.brent:affected_market,candidate,gdelt,
reject,duplicate episode: within 35d of stronger candidate gdelt_x_irq_20161015 (5849 mentions),560,gdelt_tur_irq_20161015,2016-10-15,day,conflict_escalation,GDELT candidate: military clash / attack involving Iraq (2016-10-15),"AUTO-HARVESTED, UNVERIFIED. GDELT recorded a military clash / attack (actors: Turkey and Iraq), peak 96 mentions, 560 total across sampled files. Joe must verify the source and code severity/surprise before approval.",3,3,low,http://in.reuters.com/article/mideast-crisis-iraq-turkey-idINKBN12F0DA,country.iraq:location;commodity.brent:affected_market,candidate,gdelt,
reject,duplicate episode: within 35d of stronger candidate gdelt_ukr_irn_20251015 (820 mentions),560,gdelt_ukr_rus_20251015,2025-10-15,day,conflict_escalation,GDELT candidate: military clash / attack involving Russia (2025-10-15),"AUTO-HARVESTED, UNVERIFIED. GDELT recorded a military clash / attack (actors: Ukrainian and Russian), peak 189 mentions, 560 total across sampled files. Joe must verify the source and code severity/surprise before approval.",3,3,low,https://www.wsbradio.com/news/business/ukrainian-officials/XLIGABNZPE3UPFYDAQX7AFYK54/,country.russia:location;commodity.brent:affected_market,candidate,gdelt,
reject,duplicate episode: within 35d of stronger candidate gdelt_lby_x_20190415 (1523 mentions),558,gdelt_x_lby_20190415,2019-04-15,day,conflict_escalation,GDELT candidate: military clash / attack involving Libya (2019-04-15),"AUTO-HARVESTED, UNVERIFIED. GDELT recorded a military clash / attack (actors: Government and Libyan), peak 146 mentions, 558 total across sampled files. Joe must verify the source and code severity/surprise before approval.",3,3,low,https://www.reuters.com/article/us-libya-security-idUSKCN1RR1NI,country.libya:location;commodity.brent:affected_market,candidate,gdelt,
reject,duplicate episode: within 35d of stronger candidate iran_strikes_israel_oct_2024 (seed),558,gdelt_ukr_rus_20241015,2024-10-15,day,conflict_escalation,GDELT candidate: military clash / attack involving Russia (2024-10-15),"AUTO-HARVESTED, UNVERIFIED. GDELT recorded a military clash / attack (actors: Ukrainian and Russian), peak 41 mentions, 558 total across sampled files. Joe must verify the source and code severity/surprise before approval.",3,3,low,https://www.yahoo.com/news/russias-attack-ukraines-mykolaiv-kills-061823668.html,country.russia:location;commodity.brent:affected_market,candidate,gdelt,
reject,duplicate episode: within 35d of stronger candidate gdelt_rus_x_20220715 (3958 mentions),553,gdelt_sau_x_20220715,2022-07-15,day,conflict_escalation,GDELT candidate: military clash / attack involving Saudi Arabia (2022-07-15),"AUTO-HARVESTED, UNVERIFIED. GDELT recorded a military clash / attack (actors: Saudi), peak 73 mentions, 553 total across sampled files. Joe must verify the source and code severity/surprise before approval.",3,3,low,https://www.timesofisrael.com/full-text-yair-lapid-and-joe-biden-deliver-remarks-answer-questions-in-jerusalem/,country.saudi_arabia:location;commodity.brent:affected_market,candidate,gdelt,
reject,duplicate episode: within 35d of stronger candidate gdelt_irq_x_20180115 (1888 mentions),550,gdelt_rus_x_20180115,2018-01-15,day,conflict_escalation,GDELT candidate: military clash / attack involving Russia (2018-01-15),"AUTO-HARVESTED, UNVERIFIED. GDELT recorded a military clash / attack (actors: Russia), peak 126 mentions, 550 total across sampled files. Joe must verify the source and code severity/surprise before approval.",3,3,low,http://www.news.com.au/world/europe/serial-killer-the-werewolf-on-trial-for-59-new-murders/news-story/32c92aa809dee28b66ffd724cd6d7c97,country.russia:location;commodity.brent:affected_market,candidate,gdelt,
reject,duplicate episode: within 35d of stronger candidate gdelt_irq_x_20170115 (1967 mentions),547,gdelt_x_rus_20170115,2017-01-15,day,conflict_escalation,GDELT candidate: military clash / attack involving Russia (2017-01-15),"AUTO-HARVESTED, UNVERIFIED. GDELT recorded a military clash / attack (actors: Village and Russian Federation), peak 148 mentions, 547 total across sampled files. Joe must verify the source and code severity/surprise before approval.",3,3,low,http://www.whaleoil.co.nz/tag/unimaginable-suffering-and-extreme-deprivation/,country.russia:location;commodity.brent:affected_market,candidate,gdelt,
reject,duplicate episode: within 35d of stronger candidate gdelt_irq_x_20141015 (5152 mentions),545,gdelt_sau_x_20141015,2014-10-15,day,conflict_escalation,GDELT candidate: military clash / attack involving Saudi Arabia (2014-10-15),"AUTO-HARVESTED, UNVERIFIED. GDELT recorded a military clash / attack (actors: Saudi Arabia), peak 95 mentions, 545 total across sampled files. Joe must verify the source and code severity/surprise before approval.",3,3,low,http://www.newsmax.com/TheWire/american-killed-saudi-arabia-shooting/2014/10/14/id/600680/,country.saudi_arabia:location;commodity.brent:affected_market,candidate,gdelt,
reject,within 35d of existing event abqaiq_attack_2019 (2019-09-14) - same episode,544,gdelt_syr_irq_20191015,2019-10-15,day,conflict_escalation,GDELT candidate: military clash / attack involving Iraq (2019-10-15),"AUTO-HARVESTED, UNVERIFIED. GDELT recorded a military clash / attack (actors: Syrian and Iraq), peak 223 mentions, 544 total across sampled files. Joe must verify the source and code severity/surprise before approval.",3,3,low,https://www.wsbtv.com/news/national-news/ap-top-news/foreigners-exit-northeastern-syria-fearing-government-reach/997418218,country.iraq:location;commodity.brent:affected_market,candidate,gdelt,
reject,duplicate episode: within 35d of stronger candidate gdelt_usa_irn_20260415 (1590 mentions),540,gdelt_isr_irn_20260415,2026-04-15,day,conflict_escalation,GDELT candidate: military clash / attack involving Iran (2026-04-15),"AUTO-HARVESTED, UNVERIFIED. GDELT recorded a military clash / attack (actors: Israel and Iran), peak 89 mentions, 540 total across sampled files. Joe must verify the source and code severity/surprise before approval.",3,3,low,https://www.thehindubusinessline.com/news/world/iraq-bound-tanker-attempts-hormuz-crossing-into-persian-gulf/article70863745.ece,country.iran:location;commodity.brent:affected_market,candidate,gdelt,
reject,"outside usable price window (need 130d before & 20d after; have 9932 before, 0 on/after)",539,gdelt_usa_irq_20260715,2026-07-15,day,conflict_escalation,GDELT candidate: military clash / attack involving Iraq (2026-07-15),"AUTO-HARVESTED, UNVERIFIED. GDELT recorded a military clash / attack (actors: United States and Iraq), peak 408 mentions, 539 total across sampled files. Joe must verify the source and code severity/surprise before approval.",3,3,low,https://www.winnipegfreepress.com/world/2026/07/14/us-military-will-be-out-of-iraq-by-end-of-september-iraqi-prime-minister-and-pentagon-say,country.iraq:location;commodity.brent:affected_market,candidate,gdelt,
reject,duplicate episode: within 35d of stronger candidate gdelt_rus_x_20220715 (3958 mentions),538,gdelt_x_lby_20220715,2022-07-15,day,conflict_escalation,GDELT candidate: military clash / attack involving Libya (2022-07-15),"AUTO-HARVESTED, UNVERIFIED. GDELT recorded a military clash / attack (actors: Armed Men and Libya), peak 324 mentions, 538 total across sampled files. Joe must verify the source and code severity/surprise before approval.",3,3,low,https://www.sthelensstar.co.uk/news/20283484.lockerbie-bombers-family-deeply-disappointed-supreme-court-decision/,country.libya:location;commodity.brent:affected_market,candidate,gdelt,
reject,duplicate episode: within 35d of stronger candidate gdelt_x_lby_20131015 (1056 mentions),532,gdelt_sau_x_20131015,2013-10-15,day,conflict_escalation,GDELT candidate: military clash / attack involving Saudi Arabia (2013-10-15),"AUTO-HARVESTED, UNVERIFIED. GDELT recorded a military clash / attack (actors: Saudi Arabia), peak 250 mentions, 532 total across sampled files. Joe must verify the source and code severity/surprise before approval.",3,3,low,http://www.the-review.com/latest%20headlines/2013/10/15/ap-photos-muslims-mark-eid-al-adha-holiday,country.saudi_arabia:location;commodity.brent:affected_market,candidate,gdelt,
reject,duplicate episode: within 35d of stronger candidate iran_strikes_israel_apr_2024 (seed),531,gdelt_x_rus_20240415,2024-04-15,day,conflict_escalation,GDELT candidate: military clash / attack involving Russia (2024-04-15),"AUTO-HARVESTED, UNVERIFIED. GDELT recorded a military clash / attack (actors: Belgorod), peak 75 mentions, 531 total across sampled files. Joe must verify the source and code severity/surprise before approval.",3,3,low,https://www.bignewsnetwork.com/news/274274518/fbi-director-concerned-about-attack-in-us-after-russian-massacre,country.russia:location;commodity.brent:affected_market,candidate,gdelt,
reject,within 35d of existing event soleimani_strike_2020 (2020-01-03) - same episode,529,gdelt_irn_irn_20200115,2020-01-15,day,conflict_escalation,GDELT candidate: military clash / attack involving Iran / Iran (2020-01-15),"AUTO-HARVESTED, UNVERIFIED. GDELT recorded a military clash / attack (actors: Iran and Iran), peak 48 mentions, 529 total across sampled files. Joe must verify the source and code severity/surprise before approval.",3,3,low,https://www.rferl.org/a/iran-s-new-quds-force-leader-has-a-long-history-with-afghanistan/30379354.html,country.iran:location;country.iran:location;commodity.brent:affected_market,candidate,gdelt,
reject,within 35d of existing event abqaiq_attack_2019 (2019-09-14) - same episode,528,gdelt_tur_rus_20191015,2019-10-15,day,conflict_escalation,GDELT candidate: military clash / attack involving Russia (2019-10-15),"AUTO-HARVESTED, UNVERIFIED. GDELT recorded a military clash / attack (actors: Turkey and Russia), peak 180 mentions, 528 total across sampled files. Joe must verify the source and code severity/surprise before approval.",3,3,low,https://montrealgazette.com/news/world/russia-backed-syrian-army-sweeps-in-after-u-s-announces-abrupt-exit/wcm/68b19d0a-c1ee-4989-a1c8-fb11ccf7894d,country.russia:location;commodity.brent:affected_market,candidate,gdelt,
reject,duplicate episode: within 35d of stronger candidate gdelt_x_lby_20131015 (1056 mentions),527,gdelt_x_irq_20131015,2013-10-15,day,conflict_escalation,GDELT candidate: military clash / attack involving Iraq (2013-10-15),"AUTO-HARVESTED, UNVERIFIED. GDELT recorded a military clash / attack (actors: Baghdad), peak 103 mentions, 527 total across sampled files. Joe must verify the source and code severity/surprise before approval.",3,3,low,http://www.upi.com/Top_News/Special/2013/10/15/Eid-violence-in-Iraq-appalls-United-Nations/UPI-45821381852840/,country.iraq:location;commodity.brent:affected_market,candidate,gdelt,
reject,duplicate episode: within 35d of stronger candidate gdelt_irq_x_20150115 (785 mentions),527,gdelt_rus_x_20150115,2015-01-15,day,sanctions,GDELT candidate: sanctions action involving Russia (2015-01-15),"AUTO-HARVESTED, UNVERIFIED. GDELT recorded a sanctions action (actors: Russia), peak 42 mentions, 527 total across sampled files. Joe must verify the source and code severity/surprise before approval.",3,3,low,http://news.yahoo.com/ukrainians-describe-chance-survival-rocket-attack-211225728.html,country.russia:location;commodity.brent:affected_market,candidate,gdelt,
reject,duplicate episode: within 35d of stronger candidate gdelt_x_sau_20160715 (1217 mentions),525,gdelt_irq_x_20160708,2016-07-08,day,conflict_escalation,GDELT candidate: military clash / attack involving Iraq (2016-07-08),"AUTO-HARVESTED, UNVERIFIED. GDELT recorded a military clash / attack (actors: Iraqi and Islamic), peak 480 mentions, 525 total across sampled files. Joe must verify the source and code severity/surprise before approval.",3,3,low,http://news.trust.org/item/20160715034831-pshmt,country.iraq:location;commodity.brent:affected_market,candidate,gdelt,
reject,duplicate episode: within 35d of stronger candidate iran_strikes_israel_apr_2024 (seed),524,gdelt_ukr_rus_20240415,2024-04-15,day,conflict_escalation,GDELT candidate: military clash / attack involving Russia (2024-04-15),"AUTO-HARVESTED, UNVERIFIED. GDELT recorded a military clash / attack (actors: Ukraine and Russian), peak 47 mentions, 524 total across sampled files. Joe must verify the source and code severity/surprise before approval.",3,3,low,https://www.startribune.com/ukraines-foreign-minister-says-israels-response-to-an-iranian-aerial-attack-shows-what-kyiv-needs/600358932/,country.russia:location;commodity.brent:affected_market,candidate,gdelt,
reject,"outside usable price window (need 130d before & 20d after; have 9932 before, 0 on/after)",524,gdelt_ukr_rus_20260715,2026-07-15,day,conflict_escalation,GDELT candidate: military clash / attack involving Russia (2026-07-15),"AUTO-HARVESTED, UNVERIFIED. GDELT recorded a military clash / attack (actors: Ukraine and Russia), peak 50 mentions, 524 total across sampled files. Joe must verify the source and code severity/surprise before approval.",3,3,low,https://www.politico.eu/article/russia-attacks-odesa-ursula-von-der-leyen-ukraine-trip/,country.russia:location;commodity.brent:affected_market,candidate,gdelt,
reject,duplicate episode: within 35d of stronger candidate gdelt_sau_qat_20170715 (1293 mentions),519,gdelt_irn_irn_20170715,2017-07-15,day,conflict_escalation,GDELT candidate: military clash / attack involving Iran / Iran (2017-07-15),"AUTO-HARVESTED, UNVERIFIED. GDELT recorded a military clash / attack (actors: Iran and Iranian), peak 156 mentions, 519 total across sampled files. Joe must verify the source and code severity/surprise before approval.",3,3,low,http://www.dnaindia.com/world/report-iran-police-fatally-shoot-knife-attacker-in-tehran-metro-tv-2502969,country.iran:location;country.iran:location;commodity.brent:affected_market,candidate,gdelt,
reject,within 35d of existing event abqaiq_attack_2019 (2019-09-14) - same episode,515,gdelt_rus_syr_20191015,2019-10-15,day,conflict_escalation,GDELT candidate: military clash / attack involving Russia (2019-10-15),"AUTO-HARVESTED, UNVERIFIED. GDELT recorded a military clash / attack (actors: Russia and Syria), peak 90 mentions, 515 total across sampled files. Joe must verify the source and code severity/surprise before approval.",3,3,low,https://www.wionews.com/world/syrian-forces-in-full-control-of-manbij-russia-256109,country.russia:location;commodity.brent:affected_market,candidate,gdelt,
reject,duplicate episode: within 35d of stronger candidate gdelt_irq_x_20150115 (785 mentions),514,gdelt_irq_syr_20150115,2015-01-15,day,conflict_escalation,GDELT candidate: military clash / attack involving Iraq (2015-01-15),"AUTO-HARVESTED, UNVERIFIED. GDELT recorded a military clash / attack (actors: Iraq and Syria), peak 222 mentions, 514 total across sampled files. Joe must verify the source and code severity/surprise before approval.",3,3,low,http://www.presstelegram.com/general-news/20150114/ohio-man-accused-of-plotting-to-attack-us-capitol-arrested,country.iraq:location;commodity.brent:affected_market,candidate,gdelt,
reject,duplicate episode: within 35d of stronger candidate saudi_intervention_yemen_2015 (seed),513,gdelt_irq_aus_20150415,2015-04-15,day,conflict_escalation,GDELT candidate: military clash / attack involving Iraq (2015-04-15),"AUTO-HARVESTED, UNVERIFIED. GDELT recorded a military clash / attack (actors: Iraq and Australia), peak 303 mentions, 513 total across sampled files. Joe must verify the source and code severity/surprise before approval.",3,3,low,http://www.theage.com.au/national/australian-islamic-state-member-sharky-jama-reportedly-killed-in-syria-20150415-1mlyii.html,country.iraq:location;commodity.brent:affected_market,candidate,gdelt,
reject,within 35d of existing event iran_sanctions_reimposed_2018 (2018-05-08) - same episode,513,gdelt_rus_fra_20180415,2018-04-15,day,conflict_escalation,GDELT candidate: military clash / attack involving Russia (2018-04-15),"AUTO-HARVESTED, UNVERIFIED. GDELT recorded a military clash / attack (actors: Russian and French), peak 124 mentions, 513 total across sampled files. Joe must verify the source and code severity/surprise before approval.",3,3,low,https://www.dawn.com/news/1401721/putin-sits-back-as-us-allies-punish-syria,country.russia:location;commodity.brent:affected_market,candidate,gdelt,
reject,within 35d of existing event israel_hamas_war_2023 (2023-10-07) - same episode,511,gdelt_irn_isr_20231015,2023-10-15,day,conflict_escalation,GDELT candidate: military clash / attack involving Iran (2023-10-15),"AUTO-HARVESTED, UNVERIFIED. GDELT recorded a military clash / attack (actors: Iran and Israel), peak 100 mentions, 511 total across sampled files. Joe must verify the source and code severity/surprise before approval.",3,3,low,https://news.yahoo.com/iran-warns-israel-launching-ground-010230045.html,country.iran:location;commodity.brent:affected_market,candidate,gdelt,
reject,duplicate episode: within 35d of stronger candidate gdelt_irn_x_20150715 (6084 mentions),509,gdelt_sau_x_20150715,2015-07-15,day,conflict_escalation,GDELT candidate: military clash / attack involving Saudi Arabia (2015-07-15),"AUTO-HARVESTED, UNVERIFIED. GDELT recorded a military clash / attack (actors: Riyadh and Militant), peak 50 mentions, 509 total across sampled files. Joe must verify the source and code severity/surprise before approval.",3,3,low,http://www.almanar.com.lb/english/adetails.php?eid=221329&frid=23&seccatid=31&cid=23&fromval=1,country.saudi_arabia:location;commodity.brent:affected_market,candidate,gdelt,
reject,duplicate episode: within 35d of stronger candidate gdelt_rus_x_20151015 (4926 mentions),509,gdelt_usa_irq_20151015,2015-10-15,day,conflict_escalation,GDELT candidate: military clash / attack involving Iraq (2015-10-15),"AUTO-HARVESTED, UNVERIFIED. GDELT recorded a military clash / attack (actors: The Us and Iraq), peak 352 mentions, 509 total across sampled files. Joe must verify the source and code severity/surprise before approval.",3,3,low,http://www.clarionledger.com/story/news/2015/10/15/obama-afghanistan-5500-troops/73974376/,country.iraq:location;commodity.brent:affected_market,candidate,gdelt,
reject,duplicate episode: within 35d of stronger candidate gdelt_x_irq_20161015 (5849 mentions),509,gdelt_rus_syr_20161015,2016-10-15,day,conflict_escalation,GDELT candidate: military clash / attack involving Russia (2016-10-15),"AUTO-HARVESTED, UNVERIFIED. GDELT recorded a military clash / attack (actors: Russia and Syria), peak 157 mentions, 509 total across sampled files. Joe must verify the source and code severity/surprise before approval.",3,3,low,http://www.news.com.au/world/breaking-news/russia-warships-to-travel-english-channel/news-story/9d35c0835c54b0a5c8d0ce6555b4bd5c,country.russia:location;commodity.brent:affected_market,candidate,gdelt,
reject,duplicate episode: within 35d of stronger candidate gdelt_irn_x_20171015 (1697 mentions),505,gdelt_irq_x_20171015,2017-10-15,day,conflict_escalation,GDELT candidate: military clash / attack involving Iraq (2017-10-15),"AUTO-HARVESTED, UNVERIFIED. GDELT recorded a military clash / attack (actors: Mosul and Christian), peak 57 mentions, 505 total across sampled files. Joe must verify the source and code severity/surprise before approval.",3,3,low,http://www.presstv.com/Detail/2017/10/15/538629/iraq-kirkuk-kurds-peshmerga,country.iraq:location;commodity.brent:affected_market,candidate,gdelt,
reject,within 35d of existing event venezuela_sanctions_2019 (2019-01-28) - same episode,504,gdelt_rus_rus_20190115,2019-01-15,day,sanctions,GDELT candidate: sanctions action involving Russia / Russia (2019-01-15),"AUTO-HARVESTED, UNVERIFIED. GDELT recorded a sanctions action (actors: Russia and Russian), peak 270 mentions, 504 total across sampled files. Joe must verify the source and code severity/surprise before approval.",3,3,low,https://www.npr.org/2019/01/14/685192372/activists-say-40-detained-and-2-dead-in-gay-purge-in-chechnya,country.russia:location;country.russia:location;commodity.brent:affected_market,candidate,gdelt,
reject,within 35d of existing event venezuela_sanctions_2019 (2019-01-28) - same episode,503,gdelt_rus_ukr_20190115,2019-01-15,day,conflict_escalation,GDELT candidate: military clash / attack involving Russia (2019-01-15),"AUTO-HARVESTED, UNVERIFIED. GDELT recorded a military clash / attack (actors: Russian and Ukrainian), peak 246 mentions, 503 total across sampled files. Joe must verify the source and code severity/surprise before approval.",3,3,low,http://www.startribune.com/moscow-courts-extends-arrest-for-ukrainian-seamen/504368192/,country.russia:location;commodity.brent:affected_market,candidate,gdelt,
reject,duplicate episode: within 35d of stronger candidate gdelt_sau_qat_20170715 (1293 mentions),502,gdelt_sau_x_20170715,2017-07-15,day,sanctions,GDELT candidate: sanctions action involving Saudi Arabia (2017-07-15),"AUTO-HARVESTED, UNVERIFIED. GDELT recorded a sanctions action (actors: Saudi Arabia), peak 93 mentions, 502 total across sampled files. Joe must verify the source and code severity/surprise before approval.",3,3,low,http://www.dailymail.co.uk/wires/afp/article-4698954/Terrorist-suspect-killed-eastern-Saudi-media.html,country.saudi_arabia:location;commodity.brent:affected_market,candidate,gdelt,
reject,duplicate episode: within 35d of stronger candidate gdelt_usa_sau_20181015 (7014 mentions),502,gdelt_sau_usa_20181015,2018-10-15,day,conflict_escalation,GDELT candidate: military clash / attack involving Saudi Arabia (2018-10-15),"AUTO-HARVESTED, UNVERIFIED. GDELT recorded a military clash / attack (actors: Saudi and United States), peak 156 mentions, 502 total across sampled files. Joe must verify the source and code severity/surprise before approval.",3,3,low,https://www.newsadvance.com/news/world/wire/the-latest-rubio-says-reassess-ties-if-saudi-killed-writer/article_67ac8b76-3555-5a25-8a4e-cdbdf601bfb7.html,country.saudi_arabia:location;commodity.brent:affected_market,candidate,gdelt,
reject,duplicate episode: within 35d of stronger candidate gdelt_irq_x_20140115 (7785 mentions),501,gdelt_x_irn_20140115,2014-01-15,day,sanctions,GDELT candidate: sanctions action involving Iran (2014-01-15),"AUTO-HARVESTED, UNVERIFIED. GDELT recorded a sanctions action (actors: Iran), peak 150 mentions, 501 total across sampled files. Joe must verify the source and code severity/surprise before approval.",3,3,low,http://www.thepublicopinion.com/news/associated_press/national/middle-east/article_3b5e53ac-4338-59de-8653-d3f875cc651b.html,country.iran:location;commodity.brent:affected_market,candidate,gdelt,
reject,duplicate episode: within 35d of stronger candidate gdelt_irq_x_20141015 (5152 mentions),501,gdelt_usa_rus_20141015,2014-10-15,day,sanctions,GDELT candidate: sanctions action involving Russia (2014-10-15),"AUTO-HARVESTED, UNVERIFIED. GDELT recorded a sanctions action (actors: United States and Russia), peak 210 mentions, 501 total across sampled files. Joe must verify the source and code severity/surprise before approval.",3,3,low,http://www.ngrguardiannews.com/news/world-news/183101-putin-poroshenko-to-discuss-ukraine-peace-gas-supplies-in-milan,country.russia:location;commodity.brent:affected_market,candidate,gdelt,
reject,duplicate episode: within 35d of stronger candidate gdelt_irq_x_20180115 (1888 mentions),494,gdelt_x_rus_20180115,2018-01-15,day,conflict_escalation,GDELT candidate: military clash / attack involving Russia (2018-01-15),"AUTO-HARVESTED, UNVERIFIED. GDELT recorded a military clash / attack (actors: The International Community and Russia), peak 120 mentions, 494 total across sampled files. Joe must verify the source and code severity/surprise before approval.",3,3,low,http://www.mysanantonio.com/news/crime/article/Gang-raped-at-17-Therapy-at-65-12498284.php,country.russia:location;commodity.brent:affected_market,candidate,gdelt,
reject,duplicate episode: within 35d of stronger candidate gdelt_irq_x_20150115 (785 mentions),493,gdelt_rus_ukr_20150115,2015-01-15,day,sanctions,GDELT candidate: sanctions action involving Russia (2015-01-15),"AUTO-HARVESTED, UNVERIFIED. GDELT recorded a sanctions action (actors: Russia and Ukraine), peak 166 mentions, 493 total across sampled files. Joe must verify the source and code severity/surprise before approval.",3,3,low,http://www.mcdowellnews.com/news/world/ap/ukraine-separatists-claim-victory-in-battle-for-airport/article_f852a65b-59a3-5e95-a8fc-370d3a1e841b.html,country.russia:location;commodity.brent:affected_market,candidate,gdelt,
reject,within 35d of existing event soleimani_strike_2020 (2020-01-03) - same episode,490,gdelt_fra_irq_20200115,2020-01-15,day,conflict_escalation,GDELT candidate: military clash / attack involving Iraq (2020-01-15),"AUTO-HARVESTED, UNVERIFIED. GDELT recorded a military clash / attack (actors: France and Iraq), peak 208 mentions, 490 total across sampled files. Joe must verify the source and code severity/surprise before approval.",3,3,low,https://www.sandiegouniontribune.com/news/nation-world/story/2020-01-15/a-look-at-europes-mideast-presence-after-irans-warning,country.iraq:location;commodity.brent:affected_market,candidate,gdelt,
reject,duplicate episode: within 35d of stronger candidate gdelt_rus_x_20151015 (4926 mentions),489,gdelt_yem_sau_20151015,2015-10-15,day,conflict_escalation,GDELT candidate: military clash / attack involving Saudi Arabia (2015-10-15),"AUTO-HARVESTED, UNVERIFIED. GDELT recorded a military clash / attack (actors: Sanaa and Saudi), peak 154 mentions, 489 total across sampled files. Joe must verify the source and code severity/surprise before approval.",3,3,low,http://www.trust.org/item/20151015054207-gp50o/,country.saudi_arabia:location;commodity.brent:affected_market,candidate,gdelt,
reject,within 35d of existing event abqaiq_attack_2019 (2019-09-14) - same episode,489,gdelt_rus_tur_20191015,2019-10-15,day,conflict_escalation,GDELT candidate: military clash / attack involving Russia (2019-10-15),"AUTO-HARVESTED, UNVERIFIED. GDELT recorded a military clash / attack (actors: Russia and Turkey), peak 180 mentions, 489 total across sampled files. Joe must verify the source and code severity/surprise before approval.",3,3,low,https://montrealgazette.com/news/world/russia-backed-syrian-army-sweeps-in-after-u-s-announces-abrupt-exit/wcm/68b19d0a-c1ee-4989-a1c8-fb11ccf7894d,country.russia:location;commodity.brent:affected_market,candidate,gdelt,
reject,duplicate episode: within 35d of stronger candidate saudi_intervention_yemen_2015 (seed),486,gdelt_rus_rus_20150415,2015-04-15,day,conflict_escalation,GDELT candidate: military clash / attack involving Russia / Russia (2015-04-15),"AUTO-HARVESTED, UNVERIFIED. GDELT recorded a military clash / attack (actors: Russia and Russia), peak 251 mentions, 486 total across sampled files. Joe must verify the source and code severity/surprise before approval.",3,3,low,http://www.sfgate.com/entertainment/article/Russia-blocks-Hollywood-thriller-day-before-its-6201018.php,country.russia:location;country.russia:location;commodity.brent:affected_market,candidate,gdelt,
reject,duplicate episode: within 35d of stronger candidate gdelt_rus_syr_20160415 (1112 mentions),486,gdelt_x_rus_20160415,2016-04-15,day,conflict_escalation,GDELT candidate: military clash / attack involving Russia (2016-04-15),"AUTO-HARVESTED, UNVERIFIED. GDELT recorded a military clash / attack (actors: Military and Russian), peak 62 mentions, 486 total across sampled files. Joe must verify the source and code severity/surprise before approval.",3,3,low,http://www.4-traders.com/ROSNEFT-NK-OAO-6498688/news/Russia-Opens-Up-New-Oil-Front-India-22177913/,country.russia:location;commodity.brent:affected_market,candidate,gdelt,
reject,duplicate episode: within 35d of stronger candidate gdelt_lby_x_20190415 (1523 mentions),486,gdelt_x_ven_20190415,2019-04-15,day,conflict_escalation,GDELT candidate: military clash / attack involving Venezuela (2019-04-15),"AUTO-HARVESTED, UNVERIFIED. GDELT recorded a military clash / attack (actors: Venezuela), peak 406 mentions, 486 total across sampled files. Joe must verify the source and code severity/surprise before approval.",3,3,low,https://www.wsbtv.com/news/canada-hits-venezuelan-government-with-more-sanctions/940248565,country.venezuela:location;commodity.brent:affected_market,candidate,gdelt,
reject,duplicate episode: within 35d of stronger candidate gdelt_x_irq_20161015 (5849 mentions),474,gdelt_usa_irq_20161015,2016-10-15,day,conflict_escalation,GDELT candidate: military clash / attack involving Iraq (2016-10-15),"AUTO-HARVESTED, UNVERIFIED. GDELT recorded a military clash / attack (actors: American and Iraq), peak 96 mentions, 474 total across sampled files. Joe must verify the source and code severity/surprise before approval.",3,3,low,http://abc13.com/news/what-the-offensive-on-mosul-will-look-like/1555908/,country.iraq:location;commodity.brent:affected_market,candidate,gdelt,
reject,duplicate episode: within 35d of stronger candidate gdelt_rus_x_20151015 (4926 mentions),471,gdelt_rus_ukr_20151015,2015-10-15,day,conflict_escalation,GDELT candidate: military clash / attack involving Russia (2015-10-15),"AUTO-HARVESTED, UNVERIFIED. GDELT recorded a military clash / attack (actors: Russia and Ukraine), peak 160 mentions, 471 total across sampled files. Joe must verify the source and code severity/surprise before approval.",3,3,low,http://mynorthwest.com/17/2827552/Ukraine-to-sit-alongside-Russia-on-UN-Security-Council,country.russia:location;commodity.brent:affected_market,candidate,gdelt,
reject,duplicate episode: within 35d of stronger candidate gdelt_irq_x_20141015 (5152 mentions),468,gdelt_egy_lby_20141015,2014-10-15,day,conflict_escalation,GDELT candidate: military clash / attack involving Libya (2014-10-15),"AUTO-HARVESTED, UNVERIFIED. GDELT recorded a military clash / attack (actors: Egyptian and Libya), peak 78 mentions, 468 total across sampled files. Joe must verify the source and code severity/surprise before approval.",3,3,low,http://townhall.com/news/world/2014/10/15/egyptian-officials-say-countrys-warplanes-are-bombing-positions-of-islamist-militias-in-libya-n1905521,country.libya:location;commodity.brent:affected_market,candidate,gdelt,
reject,duplicate episode: within 35d of stronger candidate gdelt_irq_x_20141015 (5152 mentions),467,gdelt_eur_rus_20141015,2014-10-15,day,sanctions,GDELT candidate: sanctions action involving Russia (2014-10-15),"AUTO-HARVESTED, UNVERIFIED. GDELT recorded a sanctions action (actors: Europe and Russia), peak 210 mentions, 467 total across sampled files. Joe must verify the source and code severity/surprise before approval.",3,3,low,http://www.ngrguardiannews.com/news/world-news/183101-putin-poroshenko-to-discuss-ukraine-peace-gas-supplies-in-milan,country.russia:location;commodity.brent:affected_market,candidate,gdelt,
reject,duplicate episode: within 35d of stronger candidate gdelt_rus_x_20151015 (4926 mentions),467,gdelt_rus_usa_20151015,2015-10-15,day,conflict_escalation,GDELT candidate: military clash / attack involving Russia (2015-10-15),"AUTO-HARVESTED, UNVERIFIED. GDELT recorded a military clash / attack (actors: Russia and The Us), peak 120 mentions, 467 total across sampled files. Joe must verify the source and code severity/surprise before approval.",3,3,low,http://news.yahoo.com/russias-air-war-syria-game-changer-us-experts-234525806.html,country.russia:location;commodity.brent:affected_market,candidate,gdelt,
reject,duplicate episode: within 35d of stronger candidate gdelt_rus_x_20151015 (4926 mentions),466,gdelt_ukr_rus_20151015,2015-10-15,day,conflict_escalation,GDELT candidate: military clash / attack involving Russia (2015-10-15),"AUTO-HARVESTED, UNVERIFIED. GDELT recorded a military clash / attack (actors: Ukrainian and Russia), peak 152 mentions, 466 total across sampled files. Joe must verify the source and code severity/surprise before approval.",3,3,low,http://mynorthwest.com/17/2827552/Ukraine-to-sit-alongside-Russia-on-UN-Security-Council,country.russia:location;commodity.brent:affected_market,candidate,gdelt,
reject,within 35d of existing event soleimani_strike_2020 (2020-01-03) - same episode,465,gdelt_gbr_irn_20200115,2020-01-15,day,conflict_escalation,GDELT candidate: military clash / attack involving Iran (2020-01-15),"AUTO-HARVESTED, UNVERIFIED. GDELT recorded a military clash / attack (actors: United Kingdom and Iranian), peak 90 mentions, 465 total across sampled files. Joe must verify the source and code severity/surprise before approval.",3,3,low,https://www.timesnownews.com/international/article/suspected-israel-strike-kills-3-iran-backed-fighters-in-syria-monitor/540466,country.iran:location;commodity.brent:affected_market,candidate,gdelt,
reject,duplicate episode: within 35d of stronger candidate gdelt_irn_x_20150715 (6084 mentions),463,gdelt_ukr_rus_20150715,2015-07-15,day,conflict_escalation,GDELT candidate: military clash / attack involving Russia (2015-07-15),"AUTO-HARVESTED, UNVERIFIED. GDELT recorded a military clash / attack (actors: Ukraine and Russian), peak 84 mentions, 463 total across sampled files. Joe must verify the source and code severity/surprise before approval.",3,3,low,http://www.dailymail.co.uk/wires/reuters/article-3162207/Ukraine-rebels-report-deadliest-fighting-month.html,country.russia:location;commodity.brent:affected_market,candidate,gdelt,
reject,duplicate episode: within 35d of stronger candidate gdelt_lby_x_20190415 (1523 mentions),463,gdelt_rus_x_20190415,2019-04-15,day,conflict_escalation,GDELT candidate: military clash / attack involving Russia (2019-04-15),"AUTO-HARVESTED, UNVERIFIED. GDELT recorded a military clash / attack (actors: Russian), peak 122 mentions, 463 total across sampled files. Joe must verify the source and code severity/surprise before approval.",3,3,low,https://www.newmilfordspectrum.com/news/crime/article/AP-FACT-CHECK-Trump-camp-suggests-AG-found-13767382.php,country.russia:location;commodity.brent:affected_market,candidate,gdelt,
reject,duplicate episode: within 35d of stronger candidate gdelt_rus_x_20250115 (2948 mentions),463,gdelt_x_rus_20250115,2025-01-15,day,sanctions,GDELT candidate: sanctions action involving Russia (2025-01-15),"AUTO-HARVESTED, UNVERIFIED. GDELT recorded a sanctions action (actors: Russia), peak 105 mentions, 463 total across sampled files. Joe must verify the source and code severity/surprise before approval.",3,3,low,https://www.spokanepublicradio.org/2025-01-14/the-u-s-has-tried-to-weaken-russias-wartime-economy-are-sanctions-working,country.russia:location;commodity.brent:affected_market,candidate,gdelt,
reject,duplicate episode: within 35d of stronger candidate saudi_intervention_yemen_2015 (seed),462,gdelt_sau_sau_20150415,2015-04-15,day,conflict_escalation,GDELT candidate: military clash / attack involving Saudi Arabia / Saudi Arabia (2015-04-15),"AUTO-HARVESTED, UNVERIFIED. GDELT recorded a military clash / attack (actors: Saudi and Medina), peak 350 mentions, 462 total across sampled files. Joe must verify the source and code severity/surprise before approval.",3,3,low,http://www.freemalaysiatoday.com/category/world/2015/04/15/indonesia-protests-beheading-of-domestic-worker-in-saudi/,country.saudi_arabia:location;country.saudi_arabia:location;commodity.brent:affected_market,candidate,gdelt,
reject,duplicate episode: within 35d of stronger candidate gdelt_lby_usa_20160115 (3400 mentions),459,gdelt_usa_irn_20160115,2016-01-15,day,sanctions,GDELT candidate: sanctions action involving Iran (2016-01-15),"AUTO-HARVESTED, UNVERIFIED. GDELT recorded a sanctions action (actors: The Us and Iranian), peak 198 mentions, 459 total across sampled files. Joe must verify the source and code severity/surprise before approval.",3,3,low,http://www.wapt.com/politics/republican-debate-cnns-reality-check-team-inspects-the-claims/37445426,country.iran:location;commodity.brent:affected_market,candidate,gdelt,
reject,duplicate episode: within 35d of stronger candidate gdelt_x_irq_20130715 (1191 mentions),457,gdelt_rus_x_20130715,2013-07-15,day,sanctions,GDELT candidate: sanctions action involving Russia (2013-07-15),"AUTO-HARVESTED, UNVERIFIED. GDELT recorded a sanctions action (actors: Russia), peak 29 mentions, 457 total across sampled files. Joe must verify the source and code severity/surprise before approval.",3,3,low,http://www.thanhniennews.com/index/pages/20130713-vietnam-migrants-seized-in-russia-unrelated-to-extremism-embassy.aspx,country.russia:location;commodity.brent:affected_market,candidate,gdelt,
reject,duplicate episode: within 35d of stronger candidate gdelt_irn_x_20150715 (6084 mentions),453,gdelt_sau_yem_20150715,2015-07-15,day,conflict_escalation,GDELT candidate: military clash / attack involving Saudi Arabia (2015-07-15),"AUTO-HARVESTED, UNVERIFIED. GDELT recorded a military clash / attack (actors: Saudi Arabia and Yemen), peak 82 mentions, 453 total across sampled files. Joe must verify the source and code severity/surprise before approval.",3,3,low,http://www.todayszaman.com/anasayfa_saudi-backed-forces-seize-aden-airport-in-sudden-advance_393742.html,country.saudi_arabia:location;commodity.brent:affected_market,candidate,gdelt,
reject,within 35d of existing event iran_sanctions_reimposed_2018 (2018-05-08) - same episode,453,gdelt_x_irn_20180415,2018-04-15,day,conflict_escalation,GDELT candidate: military clash / attack involving Iran (2018-04-15),"AUTO-HARVESTED, UNVERIFIED. GDELT recorded a military clash / attack (actors: Civilian and Iran), peak 144 mentions, 453 total across sampled files. Joe must verify the source and code severity/surprise before approval.",3,3,low,http://www.jpost.com/Breaking-News/France-warns-of-humanitarian-disaster-in-Syrian-city-Idlib-549834,country.iran:location;commodity.brent:affected_market,candidate,gdelt,
reject,duplicate episode: within 35d of stronger candidate gdelt_irq_x_20180715 (904 mentions),452,gdelt_rus_x_20180715,2018-07-15,day,conflict_escalation,GDELT candidate: military clash / attack involving Russia (2018-07-15),"AUTO-HARVESTED, UNVERIFIED. GDELT recorded a military clash / attack (actors: Russia), peak 75 mentions, 452 total across sampled files. Joe must verify the source and code severity/surprise before approval.",3,3,low,http://news.trust.org/item/20180715081915-033tg,country.russia:location;commodity.brent:affected_market,candidate,gdelt,
reject,within 35d of existing event abqaiq_attack_2019 (2019-09-14) - same episode,451,gdelt_x_rus_20191015,2019-10-15,day,conflict_escalation,GDELT candidate: military clash / attack involving Russia (2019-10-15),"AUTO-HARVESTED, UNVERIFIED. GDELT recorded a military clash / attack (actors: Police and Russian), peak 126 mentions, 451 total across sampled files. Joe must verify the source and code severity/surprise before approval.",3,3,low,https://www.kvia.com/news/us-world/nbc-news-president-skewers-ronan-farrow-in-memo-to-staff/1132157879,country.russia:location;commodity.brent:affected_market,candidate,gdelt,
reject,within 35d of existing event suez_ever_given_2021 (2021-03-23) - same episode,451,gdelt_rus_usa_20210415,2021-04-15,day,conflict_escalation,GDELT candidate: military clash / attack involving Russia (2021-04-15),"AUTO-HARVESTED, UNVERIFIED. GDELT recorded a military clash / attack (actors: Russia and A Us), peak 205 mentions, 451 total across sampled files. Joe must verify the source and code severity/surprise before approval.",3,3,low,https://abc17news.com/politics/national-politics/2021/04/14/us-and-other-nato-members-pledge-support-to-ukraine-while-walking-fine-line-with-russia/,country.russia:location;commodity.brent:affected_market,candidate,gdelt,
reject,duplicate episode: within 35d of stronger candidate gdelt_rus_x_20240715 (895 mentions),451,gdelt_ukr_rus_20240715,2024-07-15,day,conflict_escalation,GDELT candidate: military clash / attack involving Russia (2024-07-15),"AUTO-HARVESTED, UNVERIFIED. GDELT recorded a military clash / attack (actors: Ukraine and Russia), peak 32 mentions, 451 total across sampled files. Joe must verify the source and code severity/surprise before approval.",3,3,low,https://www.lockhaven.com/news/local-news/2024/07/shelling-kills-4-in-ukraine-as-a-drone-attack-sparks-fire-at-an-oil-depot-in-russia/,country.russia:location;commodity.brent:affected_market,candidate,gdelt,
reject,duplicate episode: within 35d of stronger candidate gdelt_usa_irn_20260415 (1590 mentions),451,gdelt_irn_isr_20260415,2026-04-15,day,conflict_escalation,GDELT candidate: military clash / attack involving Iran (2026-04-15),"AUTO-HARVESTED, UNVERIFIED. GDELT recorded a military clash / attack (actors: Iran and Israel), peak 85 mentions, 451 total across sampled files. Joe must verify the source and code severity/surprise before approval.",3,3,low,https://www.santafenewmexican.com/news/lebanon-and-israel-hold-first-direct-diplomatic-talks-in-decades-in-washington/article_68d8950d-e6bb-59c5-aa0d-76154845f9ee.html,country.iran:location;commodity.brent:affected_market,candidate,gdelt,
reject,duplicate episode: within 35d of stronger candidate gdelt_irq_x_20180115 (1888 mentions),446,gdelt_x_irq_20180115,2018-01-15,day,conflict_escalation,GDELT candidate: military clash / attack involving Iraq (2018-01-15),"AUTO-HARVESTED, UNVERIFIED. GDELT recorded a military clash / attack (actors: King and Iraq), peak 80 mentions, 446 total across sampled files. Joe must verify the source and code severity/surprise before approval.",3,3,low,http://my.tvguide.co.uk/channellisting.asp?ch=157&cTime=1/15/2018&thisTime=&thisDay=,country.iraq:location;commodity.brent:affected_market,candidate,gdelt,
reject,duplicate episode: within 35d of stronger candidate gdelt_lby_x_20140715 (2020 mentions),445,gdelt_x_irn_20140715,2014-07-15,day,conflict_escalation,GDELT candidate: military clash / attack involving Iran (2014-07-15),"AUTO-HARVESTED, UNVERIFIED. GDELT recorded a military clash / attack (actors: Iran), peak 159 mentions, 445 total across sampled files. Joe must verify the source and code severity/surprise before approval.",3,3,low,http://www.kolotv.com/news/internationalnews/headlines/Two-Killed-in-Fighter-Crash-267263471.html,country.iran:location;commodity.brent:affected_market,candidate,gdelt,
reject,within 35d of existing event iran_sanctions_reimposed_2018 (2018-05-08) - same episode,444,gdelt_gbr_rus_20180415,2018-04-15,day,conflict_escalation,GDELT candidate: military clash / attack involving Russia (2018-04-15),"AUTO-HARVESTED, UNVERIFIED. GDELT recorded a military clash / attack (actors: British and Russian), peak 100 mentions, 444 total across sampled files. Joe must verify the source and code severity/surprise before approval.",3,3,low,http://www.swissinfo.ch/eng/uk-could-launch-retaliatory-cyber-attack-on-russia-if-infrastructure-targeted---sunday-times/44047820,country.russia:location;commodity.brent:affected_market,candidate,gdelt,
reject,duplicate episode: within 35d of stronger candidate gdelt_rus_syr_20160415 (1112 mentions),442,gdelt_x_lby_20160415,2016-04-15,day,conflict_escalation,GDELT candidate: military clash / attack involving Libya (2016-04-15),"AUTO-HARVESTED, UNVERIFIED. GDELT recorded a military clash / attack (actors: Libyan), peak 340 mentions, 442 total across sampled files. Joe must verify the source and code severity/surprise before approval.",3,3,low,http://www.reuters.com/article/us-europe-migrants-libya-eu-idUSKCN0XC1FF,country.libya:location;commodity.brent:affected_market,candidate,gdelt,
reject,duplicate episode: within 35d of stronger candidate gdelt_lby_usa_20160115 (3400 mentions),441,gdelt_eur_irn_20160115,2016-01-15,day,sanctions,GDELT candidate: sanctions action involving Iran (2016-01-15),"AUTO-HARVESTED, UNVERIFIED. GDELT recorded a sanctions action (actors: The European Union and Iran), peak 198 mentions, 441 total across sampled files. Joe must verify the source and code severity/surprise before approval.",3,3,low,http://www.wapt.com/politics/republican-debate-cnns-reality-check-team-inspects-the-claims/37445426,country.iran:location;commodity.brent:affected_market,candidate,gdelt,
reject,duplicate episode: within 35d of stronger candidate gdelt_irq_x_20170415 (440 mentions),438,gdelt_rus_x_20170415,2017-04-15,day,conflict_escalation,GDELT candidate: military clash / attack involving Russia (2017-04-15),"AUTO-HARVESTED, UNVERIFIED. GDELT recorded a military clash / attack (actors: Russia), peak 42 mentions, 438 total across sampled files. Joe must verify the source and code severity/surprise before approval.",3,3,low,https://www.japantoday.com/category/world/view/syrian-army-moves-to-tame-rebellious-damascus-districts,country.russia:location;commodity.brent:affected_market,candidate,gdelt,
reject,duplicate episode: within 35d of stronger candidate gdelt_x_irn_20200715 (597 mentions),437,gdelt_lby_x_20200715,2020-07-15,day,conflict_escalation,GDELT candidate: military clash / attack involving Libya (2020-07-15),"AUTO-HARVESTED, UNVERIFIED. GDELT recorded a military clash / attack (actors: Libyan and Army), peak 174 mentions, 437 total across sampled files. Joe must verify the source and code severity/surprise before approval.",3,3,low,https://www.chron.com/news/article/US-military-Russian-mercenaries-planted-land-15409600.php,country.libya:location;commodity.brent:affected_market,candidate,gdelt,
reject,within 35d of existing event suez_ever_given_2021 (2021-03-23) - same episode,437,gdelt_sau_x_20210415,2021-04-15,day,conflict_escalation,GDELT candidate: military clash / attack involving Saudi Arabia (2021-04-15),"AUTO-HARVESTED, UNVERIFIED. GDELT recorded a military clash / attack (actors: Saudi Arabia), peak 152 mentions, 437 total across sampled files. Joe must verify the source and code severity/surprise before approval.",3,3,low,https://abcnews.go.com/International/wireStory/saudi-university-catches-fire-yemen-border-attack-77085139,country.saudi_arabia:location;commodity.brent:affected_market,candidate,gdelt,
reject,duplicate episode: within 35d of stronger candidate gdelt_usa_irn_20260415 (1590 mentions),437,gdelt_x_irn_20260415,2026-04-15,day,conflict_escalation,GDELT candidate: military clash / attack involving Iran (2026-04-15),"AUTO-HARVESTED, UNVERIFIED. GDELT recorded a military clash / attack (actors: Iran), peak 70 mentions, 437 total across sampled files. Joe must verify the source and code severity/surprise before approval.",3,3,low,http://www.kenyastar.com/news/278985088/new-b-21-raider-stealth-bomber-to-reduce-mid-flight-refuelling-demand-free-up-tanker-assets-and-boost-us-deterrence-usaf,country.iran:location;commodity.brent:affected_market,candidate,gdelt,
reject,within 35d of existing event nord_stream_sabotage_2022 (2022-09-26) - same episode,436,gdelt_usa_rus_20221015,2022-10-15,day,conflict_escalation,GDELT candidate: military clash / attack involving Russia (2022-10-15),"AUTO-HARVESTED, UNVERIFIED. GDELT recorded a military clash / attack (actors: Dallas and Russia), peak 115 mentions, 436 total across sampled files. Joe must verify the source and code severity/surprise before approval.",3,3,low,https://www.nigeriasun.com/news/272924190/us-announces-additional-usd-725-million-military-assistance-to-ukraine,country.russia:location;commodity.brent:affected_market,candidate,gdelt,
reject,duplicate episode: within 35d of stronger candidate gdelt_ukr_rus_20240115 (1701 mentions),436,gdelt_irn_x_20240115,2024-01-15,day,conflict_escalation,GDELT candidate: military clash / attack involving Iran (2024-01-15),"AUTO-HARVESTED, UNVERIFIED. GDELT recorded a military clash / attack (actors: Iran), peak 50 mentions, 436 total across sampled files. Joe must verify the source and code severity/surprise before approval.",3,3,low,https://gcaptain.com/eagle-bulk-gibraltar-eagle-hit-by-missile-in-gulf-of-aden/,country.iran:location;commodity.brent:affected_market,candidate,gdelt,
reject,within 35d of existing event iran_sanctions_reimposed_2018 (2018-05-08) - same episode,433,gdelt_rus_usa_20180415,2018-04-15,day,sanctions,GDELT candidate: sanctions action involving Russia (2018-04-15),"AUTO-HARVESTED, UNVERIFIED. GDELT recorded a sanctions action (actors: Russian and Boeing), peak 192 mentions, 433 total across sampled files. Joe must verify the source and code severity/surprise before approval.",3,3,low,https://www.washingtonpost.com/politics/big-price-to-pay-inside-trumps-decision-to-bomb-syria/2018/04/14/752bdd9a-3ff9-11e8-8d53-eba0ed2371cc_story.html,country.russia:location;commodity.brent:affected_market,candidate,gdelt,
reject,duplicate episode: within 35d of stronger candidate saudi_intervention_yemen_2015 (seed),430,gdelt_x_ven_20150415,2015-04-15,day,conflict_escalation,GDELT candidate: military clash / attack involving Venezuela (2015-04-15),"AUTO-HARVESTED, UNVERIFIED. GDELT recorded a military clash / attack (actors: Police and Venezuela), peak 157 mentions, 430 total across sampled files. Joe must verify the source and code severity/surprise before approval.",3,3,low,http://www.cnn.com/2015/04/14/us/arizona-police-run-over-suspect/,country.venezuela:location;commodity.brent:affected_market,candidate,gdelt,
reject,duplicate episode: within 35d of stronger candidate gdelt_x_irq_20161015 (5849 mentions),425,gdelt_x_sau_20161015,2016-10-15,day,conflict_escalation,GDELT candidate: military clash / attack involving Saudi Arabia (2016-10-15),"AUTO-HARVESTED, UNVERIFIED. GDELT recorded a military clash / attack (actors: Saudi Arabia), peak 112 mentions, 425 total across sampled files. Joe must verify the source and code severity/surprise before approval.",3,3,low,http://en.farsnews.com/newstext.aspx?nn=13950724001030,country.saudi_arabia:location;commodity.brent:affected_market,candidate,gdelt,
reject,duplicate episode: within 35d of stronger candidate gdelt_lby_usa_20160115 (3400 mentions),424,gdelt_sau_x_20160115,2016-01-15,day,conflict_escalation,GDELT candidate: military clash / attack involving Saudi Arabia (2016-01-15),"AUTO-HARVESTED, UNVERIFIED. GDELT recorded a military clash / attack (actors: Medina), peak 231 mentions, 424 total across sampled files. Joe must verify the source and code severity/surprise before approval.",3,3,low,http://www.wkbw.com/news/us-news-world/power-rangers-actor-arrested-in-stabbing-death-last-year,country.saudi_arabia:location;commodity.brent:affected_market,candidate,gdelt,
reject,duplicate episode: within 35d of stronger candidate gdelt_lby_x_20190415 (1523 mentions),424,gdelt_irq_x_20190415,2019-04-15,day,conflict_escalation,GDELT candidate: military clash / attack involving Iraq (2019-04-15),"AUTO-HARVESTED, UNVERIFIED. GDELT recorded a military clash / attack (actors: Iraq), peak 170 mentions, 424 total across sampled files. Joe must verify the source and code severity/surprise before approval.",3,3,low,https://bobatthebeach.com/game-of-thrones-recap-winterfell/,country.iraq:location;commodity.brent:affected_market,candidate,gdelt,
reject,duplicate episode: within 35d of stronger candidate israel_iran_war_2025 (seed),424,gdelt_rus_chn_20250715,2025-07-15,day,conflict_escalation,GDELT candidate: military clash / attack involving Russia (2025-07-15),"AUTO-HARVESTED, UNVERIFIED. GDELT recorded a military clash / attack (actors: Russia and China), peak 259 mentions, 424 total across sampled files. Joe must verify the source and code severity/surprise before approval.",3,3,low,https://www.kasu.org/politics/2025-07-15/action-must-follow-trumps-remarkable-shift-on-russia-says-sen-richard-blumenthal,country.russia:location;commodity.brent:affected_market,candidate,gdelt,
reject,duplicate episode: within 35d of stronger candidate gdelt_irq_x_20140115 (7785 mentions),423,gdelt_x_lby_20140115,2014-01-15,day,conflict_escalation,GDELT candidate: military clash / attack involving Libya (2014-01-15),"AUTO-HARVESTED, UNVERIFIED. GDELT recorded a military clash / attack (actors: Libya), peak 85 mentions, 423 total across sampled files. Joe must verify the source and code severity/surprise before approval.",3,3,low,http://wtaq.com/news/articles/2014/jan/15/senate-panel-says-attack-on-us-post-in-benghazi-was-preventable/,country.libya:location;commodity.brent:affected_market,candidate,gdelt,
reject,duplicate episode: within 35d of stronger candidate gdelt_irq_x_20170115 (1967 mentions),423,gdelt_irn_x_20170115,2017-01-15,day,conflict_escalation,GDELT candidate: military clash / attack involving Iran (2017-01-15),"AUTO-HARVESTED, UNVERIFIED. GDELT recorded a military clash / attack (actors: Iran), peak 246 mentions, 423 total across sampled files. Joe must verify the source and code severity/surprise before approval.",3,3,low,https://financialtribune.com/articles/national/57427/us-envoy-wise-for-trump-to-uphold-jcpoa,country.iran:location;commodity.brent:affected_market,candidate,gdelt,
reject,duplicate episode: within 35d of stronger candidate gdelt_sau_qat_20170715 (1293 mentions),423,gdelt_ven_x_20170715,2017-07-15,day,conflict_escalation,GDELT candidate: military clash / attack involving Venezuela (2017-07-15),"AUTO-HARVESTED, UNVERIFIED. GDELT recorded a military clash / attack (actors: Venezuela), peak 207 mentions, 423 total across sampled files. Joe must verify the source and code severity/surprise before approval.",3,3,low,http://www.beaumontenterprise.com/news/crime/article/Venezuelan-prosecutor-seeks-conditional-release-11290383.php,country.venezuela:location;commodity.brent:affected_market,candidate,gdelt,
reject,within 35d of existing event israel_hamas_war_2023 (2023-10-07) - same episode,423,gdelt_irn_x_20231015,2023-10-15,day,sanctions,GDELT candidate: sanctions action involving Iran (2023-10-15),"AUTO-HARVESTED, UNVERIFIED. GDELT recorded a sanctions action (actors: Iran), peak 160 mentions, 423 total across sampled files. Joe must verify the source and code severity/surprise before approval.",3,3,low,https://www.heraldglobe.com/news/273999645/iranian-leader-meets-hamas-leader-agree-on-cooperation-to-fully-achieve-goals-of-palestinian-people,country.iran:location;commodity.brent:affected_market,candidate,gdelt,
reject,duplicate episode: within 35d of stronger candidate gdelt_x_ven_20260115 (3589 mentions),422,gdelt_rus_ukr_20260115,2026-01-15,day,sanctions,GDELT candidate: sanctions action involving Russia (2026-01-15),"AUTO-HARVESTED, UNVERIFIED. GDELT recorded a sanctions action (actors: Russia and Ukraine), peak 91 mentions, 422 total across sampled files. Joe must verify the source and code severity/surprise before approval.",3,3,low,https://www.winnipegfreepress.com/world/2026/01/15/moscow-agrees-with-trump-that-ukraine-is-holding-up-a-peace-deal-the-kremlin-says,country.russia:location;commodity.brent:affected_market,candidate,gdelt,
reject,duplicate episode: within 35d of stronger candidate gdelt_x_lby_20140415 (1795 mentions),421,gdelt_x_irq_20140415,2014-04-15,day,conflict_escalation,GDELT candidate: military clash / attack involving Iraq (2014-04-15),"AUTO-HARVESTED, UNVERIFIED. GDELT recorded a military clash / attack (actors: Iraq), peak 124 mentions, 421 total across sampled files. Joe must verify the source and code severity/surprise before approval.",3,3,low,http://www.10news.com/news/military/first-women-move-to-army-platoon-artillery-jobs-041514,country.iraq:location;commodity.brent:affected_market,candidate,gdelt,
reject,duplicate episode: within 35d of stronger candidate saudi_intervention_yemen_2015 (seed),421,gdelt_x_irn_20150415,2015-04-15,day,sanctions,GDELT candidate: sanctions action involving Iran (2015-04-15),"AUTO-HARVESTED, UNVERIFIED. GDELT recorded a sanctions action (actors: Iran), peak 102 mentions, 421 total across sampled files. Joe must verify the source and code severity/surprise before approval.",3,3,low,http://www.netnebraska.org/node/969020,country.iran:location;commodity.brent:affected_market,candidate,gdelt,
reject,duplicate episode: within 35d of stronger candidate gdelt_rus_x_20211015 (432 mentions),421,gdelt_irq_x_20211015,2021-10-15,day,conflict_escalation,GDELT candidate: military clash / attack involving Iraq (2021-10-15),"AUTO-HARVESTED, UNVERIFIED. GDELT recorded a military clash / attack (actors: Iraq and Protester), peak 360 mentions, 421 total across sampled files. Joe must verify the source and code severity/surprise before approval.",3,3,low,https://www.itv.com/news/2021-10-15/tory-mp-stabbed-while-holding-constituency-surgery-local-reports-say,country.iraq:location;commodity.brent:affected_market,candidate,gdelt,
reject,duplicate episode: within 35d of stronger candidate saudi_intervention_yemen_2015 (seed),420,gdelt_irq_irn_20150415,2015-04-15,day,conflict_escalation,GDELT candidate: military clash / attack involving Iraq / Iran (2015-04-15),"AUTO-HARVESTED, UNVERIFIED. GDELT recorded a military clash / attack (actors: Iraqi and Iran), peak 234 mentions, 420 total across sampled files. Joe must verify the source and code severity/surprise before approval.",3,3,low,http://www.china.org.cn/world/2015-04/15/content_35322619.htm,country.iraq:location;country.iran:location;commodity.brent:affected_market,candidate,gdelt,
reject,within 35d of existing event abqaiq_attack_2019 (2019-09-14) - same episode,419,gdelt_sau_irn_20191015,2019-10-15,day,conflict_escalation,GDELT candidate: military clash / attack involving Saudi Arabia / Iran (2019-10-15),"AUTO-HARVESTED, UNVERIFIED. GDELT recorded a military clash / attack (actors: Riyadh and Iran), peak 150 mentions, 419 total across sampled files. Joe must verify the source and code severity/surprise before approval.",3,3,low,https://apnews.com/715ee2cd25634f3283512e771d8c4357,country.saudi_arabia:location;country.iran:location;commodity.brent:affected_market,candidate,gdelt,
reject,duplicate episode: within 35d of stronger candidate gdelt_irq_x_20150115 (785 mentions),417,gdelt_usa_irq_20150115,2015-01-15,day,conflict_escalation,GDELT candidate: military clash / attack involving Iraq (2015-01-15),"AUTO-HARVESTED, UNVERIFIED. GDELT recorded a military clash / attack (actors: United States and Iraq), peak 110 mentions, 417 total across sampled files. Joe must verify the source and code severity/surprise before approval.",3,3,low,http://reliefweb.int/report/syrian-arab-republic/eight-more-civilians-killed-2015-anti-strikes-us,country.iraq:location;commodity.brent:affected_market,candidate,gdelt,
reject,duplicate episode: within 35d of stronger candidate saudi_intervention_yemen_2015 (seed),417,gdelt_x_rus_20150415,2015-04-15,day,conflict_escalation,GDELT candidate: military clash / attack involving Russia (2015-04-15),"AUTO-HARVESTED, UNVERIFIED. GDELT recorded a military clash / attack (actors: Police and St Petersburg), peak 69 mentions, 417 total across sampled files. Joe must verify the source and code severity/surprise before approval.",3,3,low,https://en-maktoob.news.yahoo.com/army-unmoved-ukraine-villagers-plead-guns-184031411.html,country.russia:location;commodity.brent:affected_market,candidate,gdelt,
reject,duplicate episode: within 35d of stronger candidate gdelt_x_lby_20131015 (1056 mentions),413,gdelt_irn_x_20131015,2013-10-15,day,sanctions,GDELT candidate: sanctions action involving Iran (2013-10-15),"AUTO-HARVESTED, UNVERIFIED. GDELT recorded a sanctions action (actors: Iran), peak 52 mentions, 413 total across sampled files. Joe must verify the source and code severity/surprise before approval.",3,3,low,http://www.hispanicbusiness.com/2013/10/15/iran_researchers_produce_new_unmanned_aerial.htm,country.iran:location;commodity.brent:affected_market,candidate,gdelt,
reject,duplicate episode: within 35d of stronger candidate gdelt_ukr_irn_20251015 (820 mentions),413,gdelt_ven_x_20251015,2025-10-15,day,conflict_escalation,GDELT candidate: military clash / attack involving Venezuela (2025-10-15),"AUTO-HARVESTED, UNVERIFIED. GDELT recorded a military clash / attack (actors: Venezuelan and Administration), peak 210 mentions, 413 total across sampled files. Joe must verify the source and code severity/surprise before approval.",3,3,low,https://weartv.com/news/nation-world/cia-granted-authority-to-conduct-covert-action-in-venezuela-report-donald-trump-nicolas-maduro,country.venezuela:location;commodity.brent:affected_market,candidate,gdelt,
reject,duplicate episode: within 35d of stronger candidate gdelt_irq_x_20141015 (5152 mentions),412,gdelt_lby_lby_20141015,2014-10-15,day,conflict_escalation,GDELT candidate: military clash / attack involving Libya / Libya (2014-10-15),"AUTO-HARVESTED, UNVERIFIED. GDELT recorded a military clash / attack (actors: Benghazi and Libyan), peak 61 mentions, 412 total across sampled files. Joe must verify the source and code severity/surprise before approval.",3,3,low,http://www.news24.com/Africa/News/Ex-Libyan-general-in-bid-to-retake-Benghazi-20141015,country.libya:location;country.libya:location;commodity.brent:affected_market,candidate,gdelt,
reject,duplicate episode: within 35d of stronger candidate gdelt_rus_x_20211015 (432 mentions),411,gdelt_x_irq_20211015,2021-10-15,day,conflict_escalation,GDELT candidate: military clash / attack involving Iraq (2021-10-15),"AUTO-HARVESTED, UNVERIFIED. GDELT recorded a military clash / attack (actors: Security Force and Iraq), peak 332 mentions, 411 total across sampled files. Joe must verify the source and code severity/surprise before approval.",3,3,low,https://www.johnogroat-journal.co.uk/news/national/priti-patel-condemns-killing-of-sir-david-amess-as-an-attack-on-democracy-31665/,country.iraq:location;commodity.brent:affected_market,candidate,gdelt,
reject,duplicate episode: within 35d of stronger candidate gdelt_lby_x_20190415 (1523 mentions),410,gdelt_x_irq_20190415,2019-04-15,day,conflict_escalation,GDELT candidate: military clash / attack involving Iraq (2019-04-15),"AUTO-HARVESTED, UNVERIFIED. GDELT recorded a military clash / attack (actors: Foreign Minist and Iraq), peak 112 mentions, 410 total across sampled files. Joe must verify the source and code severity/surprise before approval.",3,3,low,http://news.trust.org/item/20190414214355-p5w79,country.iraq:location;commodity.brent:affected_market,candidate,gdelt,
reject,duplicate episode: within 35d of stronger candidate gdelt_irq_x_20150115 (785 mentions),409,gdelt_ukr_rus_20150115,2015-01-15,day,sanctions,GDELT candidate: sanctions action involving Russia (2015-01-15),"AUTO-HARVESTED, UNVERIFIED. GDELT recorded a sanctions action (actors: Ukraine and Moscow), peak 166 mentions, 409 total across sampled files. Joe must verify the source and code severity/surprise before approval.",3,3,low,http://www.mcdowellnews.com/news/world/ap/ukraine-separatists-claim-victory-in-battle-for-airport/article_f852a65b-59a3-5e95-a8fc-370d3a1e841b.html,country.russia:location;commodity.brent:affected_market,candidate,gdelt,
reject,duplicate episode: within 35d of stronger candidate gdelt_x_sau_20160715 (1217 mentions),406,gdelt_rus_usa_20160715,2016-07-15,day,conflict_escalation,GDELT candidate: military clash / attack involving Russia (2016-07-15),"AUTO-HARVESTED, UNVERIFIED. GDELT recorded a military clash / attack (actors: Russia and American), peak 287 mentions, 406 total across sampled files. Joe must verify the source and code severity/surprise before approval.",3,3,low,http://www.news-sentinel.com/news/us-and-world/Unable-to-stop-Syria-s-war--US-offers-Russia-new-partnership,country.russia:location;commodity.brent:affected_market,candidate,gdelt,
reject,duplicate episode: within 35d of stronger candidate gdelt_irq_x_20180115 (1888 mentions),406,gdelt_gbr_rus_20180115,2018-01-15,day,conflict_escalation,GDELT candidate: military clash / attack involving Russia (2018-01-15),"AUTO-HARVESTED, UNVERIFIED. GDELT recorded a military clash / attack (actors: United Kingdom and Russia), peak 167 mentions, 406 total across sampled files. Joe must verify the source and code severity/surprise before approval.",3,3,low,http://www.fox34.com/story/37265802/uk-air-force-scrambles-2-fighters-to-intercept-russian-jets,country.russia:location;commodity.brent:affected_market,candidate,gdelt,
reject,duplicate episode: within 35d of stronger candidate gdelt_x_rus_20201015 (2110 mentions),401,gdelt_eur_rus_20201015,2020-10-15,day,conflict_escalation,GDELT candidate: military clash / attack involving Russia (2020-10-15),"AUTO-HARVESTED, UNVERIFIED. GDELT recorded a military clash / attack (actors: The Eu and Russia), peak 181 mentions, 401 total across sampled files. Joe must verify the source and code severity/surprise before approval.",3,3,low,https://siouxcityjournal.com/news/national/barrett-vote-to-come-next-week-trump-seizes-on-tabloid-story-post-malone-owns-billboard/article_676cd138-d4b8-5a1d-844e-0e14e1d38c91.html,country.russia:location;commodity.brent:affected_market,candidate,gdelt,
reject,duplicate episode: within 35d of stronger candidate gdelt_rus_syr_20160415 (1112 mentions),397,gdelt_x_sau_20160415,2016-04-15,day,conflict_escalation,GDELT candidate: military clash / attack involving Saudi Arabia (2016-04-15),"AUTO-HARVESTED, UNVERIFIED. GDELT recorded a military clash / attack (actors: Defence Minist and Saudi), peak 131 mentions, 397 total across sampled files. Joe must verify the source and code severity/surprise before approval.",3,3,low,http://www.news24.com/SouthAfrica/News/govt-confirms-joint-military-co-operation-with-saudi-arabia-20160415,country.saudi_arabia:location;commodity.brent:affected_market,candidate,gdelt,
reject,duplicate episode: within 35d of stronger candidate gdelt_irn_x_20150715 (6084 mentions),396,gdelt_lby_lby_20150715,2015-07-15,day,conflict_escalation,GDELT candidate: military clash / attack involving Libya / Libya (2015-07-15),"AUTO-HARVESTED, UNVERIFIED. GDELT recorded a military clash / attack (actors: Libyan and Libya), peak 216 mentions, 396 total across sampled files. Joe must verify the source and code severity/surprise before approval.",3,3,low,http://www.kansascity.com/news/nation-world/article27316402.html,country.libya:location;country.libya:location;commodity.brent:affected_market,candidate,gdelt,
reject,duplicate episode: within 35d of stronger candidate iran_strikes_israel_apr_2024 (seed),395,gdelt_x_irq_20240415,2024-04-15,day,conflict_escalation,GDELT candidate: military clash / attack involving Iraq (2024-04-15),"AUTO-HARVESTED, UNVERIFIED. GDELT recorded a military clash / attack (actors: Military Official and Iraq), peak 192 mentions, 395 total across sampled files. Joe must verify the source and code severity/surprise before approval.",3,3,low,https://www.washingtontimes.com/news/2024/apr/14/joe-biden-pushes-israel-to-show-restraint-as-us-wo/,country.iraq:location;commodity.brent:affected_market,candidate,gdelt,
reject,"outside usable price window (need 130d before & 20d after; have 9932 before, 0 on/after)",395,gdelt_irn_irn_20260715,2026-07-15,day,conflict_escalation,GDELT candidate: military clash / attack involving Iran / Iran (2026-07-15),"AUTO-HARVESTED, UNVERIFIED. GDELT recorded a military clash / attack (actors: Iran and Iranian), peak 89 mentions, 395 total across sampled files. Joe must verify the source and code severity/surprise before approval.",3,3,low,https://www.dailyliberal.com.au/story/9310825/iran-threatens-seaways-as-trump-orders-new-blockade/,country.iran:location;country.iran:location;commodity.brent:affected_market,candidate,gdelt,
reject,duplicate episode: within 35d of stronger candidate gdelt_x_irq_20161015 (5849 mentions),394,gdelt_x_irn_20161015,2016-10-15,day,conflict_escalation,GDELT candidate: military clash / attack involving Iran (2016-10-15),"AUTO-HARVESTED, UNVERIFIED. GDELT recorded a military clash / attack (actors: Terrorist and Tehran), peak 251 mentions, 394 total across sampled files. Joe must verify the source and code severity/surprise before approval.",3,3,low,http://www.channelnewsasia.com/news/world/suicide-bombing-shootouts-kill-around-55-in-iraq-police/3208592.html,country.iran:location;commodity.brent:affected_market,candidate,gdelt,
reject,duplicate episode: within 35d of stronger candidate gulf_of_oman_tanker_attacks_2019 (seed),392,gdelt_rus_x_20190715,2019-07-15,day,conflict_escalation,GDELT candidate: military clash / attack involving Russia (2019-07-15),"AUTO-HARVESTED, UNVERIFIED. GDELT recorded a military clash / attack (actors: Russia), peak 188 mentions, 392 total across sampled files. Joe must verify the source and code severity/surprise before approval.",3,3,low,https://www.reuters.com/article/us-italy-neonazi-arms-idUSKCN1UA1T0,country.russia:location;commodity.brent:affected_market,candidate,gdelt,
reject,"outside usable price window (need 130d before & 20d after; have 9932 before, 0 on/after)",390,gdelt_are_are_20260715,2026-07-15,day,conflict_escalation,GDELT candidate: military clash / attack involving Uae / Uae (2026-07-15),"AUTO-HARVESTED, UNVERIFIED. GDELT recorded a military clash / attack (actors: United Arab Emirates and Emirati), peak 122 mentions, 390 total across sampled files. Joe must verify the source and code severity/surprise before approval.",3,3,low,https://www.bendigoadvertiser.com.au/story/9310825/trump-resumes-iran-blockade-threatens-energy-targets/,country.uae:location;country.uae:location;commodity.brent:affected_market,candidate,gdelt,
reject,"outside usable price window (need 130d before & 20d after; have 9932 before, 0 on/after)",388,gdelt_kwt_x_20260715,2026-07-15,day,conflict_escalation,GDELT candidate: military clash / attack involving Kuwait (2026-07-15),"AUTO-HARVESTED, UNVERIFIED. GDELT recorded a military clash / attack (actors: Kuwait), peak 191 mentions, 388 total across sampled files. Joe must verify the source and code severity/surprise before approval.",3,3,low,http://www.newzealandstar.com/news/279187835/iran-irgc-attacks-on-us-military-assets-in-bahrain-kuwait-in-operation-nasr-2,country.kuwait:location;commodity.brent:affected_market,candidate,gdelt,
reject,duplicate episode: within 35d of stronger candidate gdelt_x_rus_20201015 (2110 mentions),387,gdelt_rus_x_20201015,2020-10-15,day,conflict_escalation,GDELT candidate: military clash / attack involving Russia (2020-10-15),"AUTO-HARVESTED, UNVERIFIED. GDELT recorded a military clash / attack (actors: Russian), peak 85 mentions, 387 total across sampled files. Joe must verify the source and code severity/surprise before approval.",3,3,low,http://www.nydailynews.com/coronavirus/ny-coronavirus-russia-early-stage-second-vaccine-approved-20201015-ef6maqwx6rcujiloldbd6yggri-story.html,country.russia:location;commodity.brent:affected_market,candidate,gdelt,
reject,duplicate episode: within 35d of stronger candidate gdelt_rus_ukr_20230115 (8197 mentions),387,gdelt_x_rus_20230115,2023-01-15,day,conflict_escalation,GDELT candidate: military clash / attack involving Russia (2023-01-15),"AUTO-HARVESTED, UNVERIFIED. GDELT recorded a military clash / attack (actors: Russian), peak 112 mentions, 387 total across sampled files. Joe must verify the source and code severity/surprise before approval.",3,3,low,https://www.fredericknewspost.com/public/ap/uk-to-supply-tanks-russian-missiles-hit-across-ukraine/article_de300ee8-c848-597a-8806-e4cff7220702.html,country.russia:location;commodity.brent:affected_market,candidate,gdelt,
reject,duplicate episode: within 35d of stronger candidate gdelt_irq_x_20180115 (1888 mentions),384,gdelt_x_lby_20180115,2018-01-15,day,conflict_escalation,GDELT candidate: military clash / attack involving Libya (2018-01-15),"AUTO-HARVESTED, UNVERIFIED. GDELT recorded a military clash / attack (actors: Libya), peak 125 mentions, 384 total across sampled files. Joe must verify the source and code severity/surprise before approval.",3,3,low,https://www.yahoo.com/news/clashes-kill-9-libyas-main-international-airport-000437867.html,country.libya:location;commodity.brent:affected_market,candidate,gdelt,
reject,duplicate episode: within 35d of stronger candidate gdelt_lby_x_20190415 (1523 mentions),384,gdelt_ven_ven_20190415,2019-04-15,day,conflict_escalation,GDELT candidate: military clash / attack involving Venezuela / Venezuela (2019-04-15),"AUTO-HARVESTED, UNVERIFIED. GDELT recorded a military clash / attack (actors: Venezuela and Venezuela), peak 369 mentions, 384 total across sampled files. Joe must verify the source and code severity/surprise before approval.",3,3,low,https://www.wsbtv.com/news/canada-hits-venezuelan-government-with-more-sanctions/940248565,country.venezuela:location;country.venezuela:location;commodity.brent:affected_market,candidate,gdelt,
reject,duplicate episode: within 35d of stronger candidate gdelt_usa_sau_20181015 (7014 mentions),383,gdelt_irq_x_20181015,2018-10-15,day,conflict_escalation,GDELT candidate: military clash / attack involving Iraq (2018-10-15),"AUTO-HARVESTED, UNVERIFIED. GDELT recorded a military clash / attack (actors: Iraq and Militia), peak 248 mentions, 383 total across sampled files. Joe must verify the source and code severity/surprise before approval.",3,3,low,https://www.sfgate.com/news/article/AP-PHOTOS-IS-militants-children-in-Iraq-s-13307359.php,country.iraq:location;commodity.brent:affected_market,candidate,gdelt,
reject,within 35d of existing event soleimani_strike_2020 (2020-01-03) - same episode,383,gdelt_x_lby_20200115,2020-01-15,day,conflict_escalation,GDELT candidate: military clash / attack involving Libya (2020-01-15),"AUTO-HARVESTED, UNVERIFIED. GDELT recorded a military clash / attack (actors: Tripoli), peak 90 mentions, 383 total across sampled files. Joe must verify the source and code severity/surprise before approval.",3,3,low,https://www.chinanationalnews.com/news/263715404/libya-reckless-fighting-endangers-civilians,country.libya:location;commodity.brent:affected_market,candidate,gdelt,
reject,duplicate episode: within 35d of stronger candidate gulf_of_oman_tanker_attacks_2019 (seed),378,gdelt_x_rus_20190715,2019-07-15,day,conflict_escalation,GDELT candidate: military clash / attack involving Russia (2019-07-15),"AUTO-HARVESTED, UNVERIFIED. GDELT recorded a military clash / attack (actors: Media and Russian), peak 116 mentions, 378 total across sampled files. Joe must verify the source and code severity/surprise before approval.",3,3,low,https://www.coldlakesun.com/news/politics/foreign-actors-could-use-artificial-intelligence-to-undermine-democracy-canadian-officials-warn-in-internal-reports/wcm/722f4575-4793-4e2c-9d8e-5198c1edfcfc,country.russia:location;commodity.brent:affected_market,candidate,gdelt,
reject,within 35d of existing event suez_ever_given_2021 (2021-03-23) - same episode,378,gdelt_irq_usa_20210415,2021-04-15,day,conflict_escalation,GDELT candidate: military clash / attack involving Iraq (2021-04-15),"AUTO-HARVESTED, UNVERIFIED. GDELT recorded a military clash / attack (actors: Iraqi and The Us), peak 104 mentions, 378 total across sampled files. Joe must verify the source and code severity/surprise before approval.",3,3,low,https://www.kctv5.com/read-bidens-remarks-announcing-afghanistan-troop-withdrawal/article_32325b1e-f3ba-5473-a9de-4589bda089a6.html,country.iraq:location;commodity.brent:affected_market,candidate,gdelt,
reject,within 35d of existing event abqaiq_attack_2019 (2019-09-14) - same episode,375,gdelt_irn_x_20191015,2019-10-15,day,conflict_escalation,GDELT candidate: military clash / attack involving Iran (2019-10-15),"AUTO-HARVESTED, UNVERIFIED. GDELT recorded a military clash / attack (actors: Iran), peak 136 mentions, 375 total across sampled files. Joe must verify the source and code severity/surprise before approval.",3,3,low,https://www.news24.com/World/News/two-migrants-found-dead-on-northern-french-beach-20191014,country.iran:location;commodity.brent:affected_market,candidate,gdelt,
reject,within 35d of existing event soleimani_strike_2020 (2020-01-03) - same episode,375,gdelt_irq_usa_20200115,2020-01-15,day,conflict_escalation,GDELT candidate: military clash / attack involving Iraq (2020-01-15),"AUTO-HARVESTED, UNVERIFIED. GDELT recorded a military clash / attack (actors: Iraq and United States), peak 63 mentions, 375 total across sampled files. Joe must verify the source and code severity/surprise before approval.",3,3,low,https://ca.news.yahoo.com/iran-says-made-arrests-over-090935974.html,country.iraq:location;commodity.brent:affected_market,candidate,gdelt,
reject,duplicate episode: within 35d of stronger candidate iran_strikes_israel_oct_2024 (seed),374,gdelt_usa_irn_20241015,2024-10-15,day,sanctions,GDELT candidate: sanctions action involving Iran (2024-10-15),"AUTO-HARVESTED, UNVERIFIED. GDELT recorded a sanctions action (actors: The Us and Iranian), peak 180 mentions, 374 total across sampled files. Joe must verify the source and code severity/surprise before approval.",3,3,low,https://www.crookwellgazette.com.au/story/8792583/us-warns-iran-to-stop-plotting-against-trump/?cs=14264,country.iran:location;commodity.brent:affected_market,candidate,gdelt,
reject,duplicate episode: within 35d of stronger candidate gdelt_irn_x_20150715 (6084 mentions),373,gdelt_irq_syr_20150715,2015-07-15,day,conflict_escalation,GDELT candidate: military clash / attack involving Iraq (2015-07-15),"AUTO-HARVESTED, UNVERIFIED. GDELT recorded a military clash / attack (actors: Iraq and Syria), peak 182 mentions, 373 total across sampled files. Joe must verify the source and code severity/surprise before approval.",3,3,low,https://uk.news.yahoo.com/boko-haram-raids-damasak-another-village-nigerias-borno-123644592.html,country.iraq:location;commodity.brent:affected_market,candidate,gdelt,
reject,within 35d of existing event suez_ever_given_2021 (2021-03-23) - same episode,370,gdelt_irq_x_20210415,2021-04-15,day,conflict_escalation,GDELT candidate: military clash / attack involving Iraq (2021-04-15),"AUTO-HARVESTED, UNVERIFIED. GDELT recorded a military clash / attack (actors: Arbil), peak 94 mentions, 370 total across sampled files. Joe must verify the source and code severity/surprise before approval.",3,3,low,https://www.iraqsun.com/news/268711118/drone-attack-targets-kurdish-iraqs-irbil-airport,country.iraq:location;commodity.brent:affected_market,candidate,gdelt,
reject,duplicate episode: within 35d of stronger candidate gdelt_rus_syr_20160415 (1112 mentions),368,gdelt_x_irq_20160415,2016-04-15,day,sanctions,GDELT candidate: sanctions action involving Iraq (2016-04-15),"AUTO-HARVESTED, UNVERIFIED. GDELT recorded a sanctions action (actors: Criminal and Iraq), peak 46 mentions, 368 total across sampled files. Joe must verify the source and code severity/surprise before approval.",3,3,low,http://www.iusbpreface.com/2016/04/15/iraq-parliament-to-meet-again-amid-protest-deepening-crisis-160626/,country.iraq:location;commodity.brent:affected_market,candidate,gdelt,
reject,duplicate episode: within 35d of stronger candidate gdelt_ukr_rus_20240115 (1701 mentions),365,gdelt_x_rus_20240115,2024-01-15,day,conflict_escalation,GDELT candidate: military clash / attack involving Russia (2024-01-15),"AUTO-HARVESTED, UNVERIFIED. GDELT recorded a military clash / attack (actors: Military and Kursk), peak 60 mentions, 365 total across sampled files. Joe must verify the source and code severity/surprise before approval.",3,3,low,https://www.newzealandstar.com/news/274095479/amid-migrant-influx-finland-seals-russian-border-for-another-month,country.russia:location;commodity.brent:affected_market,candidate,gdelt,
reject,"outside usable price window (need 130d before & 20d after; have 9932 before, 0 on/after)",365,gdelt_x_sau_20260715,2026-07-15,day,conflict_escalation,GDELT candidate: military clash / attack involving Saudi Arabia (2026-07-15),"AUTO-HARVESTED, UNVERIFIED. GDELT recorded a military clash / attack (actors: Civilian and Saudi), peak 248 mentions, 365 total across sampled files. Joe must verify the source and code severity/surprise before approval.",3,3,low,http://www.shanghainews.net/news/279188726/us-military-launches-new-wave-of-iran-strikes,country.saudi_arabia:location;commodity.brent:affected_market,candidate,gdelt,
reject,duplicate episode: within 35d of stronger candidate gdelt_irq_x_20170415 (440 mentions),361,gdelt_x_irn_20170415,2017-04-15,day,conflict_escalation,GDELT candidate: military clash / attack involving Iran (2017-04-15),"AUTO-HARVESTED, UNVERIFIED. GDELT recorded a military clash / attack (actors: Prisoner and Iran), peak 128 mentions, 361 total across sampled files. Joe must verify the source and code severity/surprise before approval.",3,3,low,http://www.india.com/news/agencies/14-dead-in-iran-floods-2031333/,country.iran:location;commodity.brent:affected_market,candidate,gdelt,
reject,within 35d of existing event opec_surprise_cut_2023 (2023-04-02) - same episode,360,gdelt_sau_mea_20230415,2023-04-15,day,conflict_escalation,GDELT candidate: military clash / attack involving Saudi Arabia (2023-04-15),"AUTO-HARVESTED, UNVERIFIED. GDELT recorded a military clash / attack (actors: Saudi Arabia and Arab League), peak 306 mentions, 360 total across sampled files. Joe must verify the source and code severity/surprise before approval.",3,3,low,https://news.yahoo.com/plane-flies-rebels-saudi-yemen-070357071.html,country.saudi_arabia:location;commodity.brent:affected_market,candidate,gdelt,
reject,duplicate episode: within 35d of stronger candidate israel_iran_war_2025 (seed),360,gdelt_usa_rus_20250715,2025-07-15,day,conflict_escalation,GDELT candidate: military clash / attack involving Russia (2025-07-15),"AUTO-HARVESTED, UNVERIFIED. GDELT recorded a military clash / attack (actors: The Us and Russian), peak 66 mentions, 360 total across sampled files. Joe must verify the source and code severity/surprise before approval.",3,3,low,http://www.shanghainews.net/news/278445427/russia-doesnt-respond-to-pressure-how-moscow-sees-trumps-ultimatum,country.russia:location;commodity.brent:affected_market,candidate,gdelt,
reject,duplicate episode: within 35d of stronger candidate gdelt_irq_x_20130415 (818 mentions),359,gdelt_x_irq_20130415,2013-04-15,day,conflict_escalation,GDELT candidate: military clash / attack involving Iraq (2013-04-15),"AUTO-HARVESTED, UNVERIFIED. GDELT recorded a military clash / attack (actors: Iraq), peak 110 mentions, 359 total across sampled files. Joe must verify the source and code severity/surprise before approval.",3,3,low,http://www.gmanetwork.com/news/story/303996/news/world/bombs-kill-23-across-iraq-before-local-poll,country.iraq:location;commodity.brent:affected_market,candidate,gdelt,
reject,within 35d of existing event venezuela_sanctions_2019 (2019-01-28) - same episode,358,gdelt_isr_irn_20190115,2019-01-15,day,conflict_escalation,GDELT candidate: military clash / attack involving Iran (2019-01-15),"AUTO-HARVESTED, UNVERIFIED. GDELT recorded a military clash / attack (actors: Israeli and Iranian), peak 128 mentions, 358 total across sampled files. Joe must verify the source and code severity/surprise before approval.",3,3,low,https://www.sfgate.com/news/world/article/Israel-s-new-military-chief-takes-office-at-13534218.php,country.iran:location;commodity.brent:affected_market,candidate,gdelt,
reject,duplicate episode: within 35d of stronger candidate gdelt_lby_x_20190415 (1523 mentions),358,gdelt_can_ven_20190415,2019-04-15,day,sanctions,GDELT candidate: sanctions action involving Venezuela (2019-04-15),"AUTO-HARVESTED, UNVERIFIED. GDELT recorded a sanctions action (actors: Canada and Venezuelan), peak 300 mentions, 358 total across sampled files. Joe must verify the source and code severity/surprise before approval.",3,3,low,https://abcnews.go.com/International/wireStory/canada-hits-venezuelan-government-sanctions-62410988,country.venezuela:location;commodity.brent:affected_market,candidate,gdelt,
reject,duplicate episode: within 35d of stronger candidate gdelt_irq_x_20141015 (5152 mentions),357,gdelt_x_sau_20141015,2014-10-15,day,conflict_escalation,GDELT candidate: military clash / attack involving Saudi Arabia (2014-10-15),"AUTO-HARVESTED, UNVERIFIED. GDELT recorded a military clash / attack (actors: Mecca), peak 58 mentions, 357 total across sampled files. Joe must verify the source and code severity/surprise before approval.",3,3,low,http://www.naharnet.com/stories/en/151302-saudi-arabia-beheads-pakistani-for-smuggling-heroin,country.saudi_arabia:location;commodity.brent:affected_market,candidate,gdelt,
reject,duplicate episode: within 35d of stronger candidate gdelt_x_ven_20260115 (3589 mentions),356,gdelt_cub_ven_20260115,2026-01-15,day,conflict_escalation,GDELT candidate: military clash / attack involving Venezuela (2026-01-15),"AUTO-HARVESTED, UNVERIFIED. GDELT recorded a military clash / attack (actors: Cuba and Venezuela), peak 180 mentions, 356 total across sampled files. Joe must verify the source and code severity/surprise before approval.",3,3,low,https://www.yahoo.com/news/articles/bodies-32-cuban-officers-killed-132539415.html,country.venezuela:location;commodity.brent:affected_market,candidate,gdelt,
reject,duplicate episode: within 35d of stronger candidate gdelt_x_ven_20260115 (3589 mentions),353,gdelt_usa_irn_20260115,2026-01-15,day,conflict_escalation,GDELT candidate: military clash / attack involving Iran (2026-01-15),"AUTO-HARVESTED, UNVERIFIED. GDELT recorded a military clash / attack (actors: United States and Iran), peak 33 mentions, 353 total across sampled files. Joe must verify the source and code severity/surprise before approval.",3,3,low,https://www.ksat.com/news/politics/2026/01/14/trump-claims-killing-of-iran-protesters-has-stopped-even-as-tehran-signals-executions-ahead/,country.iran:location;commodity.brent:affected_market,candidate,gdelt,
reject,duplicate episode: within 35d of stronger candidate gdelt_irq_x_20170415 (440 mentions),351,gdelt_x_irq_20170415,2017-04-15,day,conflict_escalation,GDELT candidate: military clash / attack involving Iraq (2017-04-15),"AUTO-HARVESTED, UNVERIFIED. GDELT recorded a military clash / attack (actors: Police and Iraq), peak 50 mentions, 351 total across sampled files. Joe must verify the source and code severity/surprise before approval.",3,3,low,http://www.ktvq.com/story/35158443/isis-fast-facts,country.iraq:location;commodity.brent:affected_market,candidate,gdelt,
reject,duplicate episode: within 35d of stronger candidate gdelt_irq_x_20170415 (440 mentions),351,gdelt_rus_syr_20170415,2017-04-15,day,conflict_escalation,GDELT candidate: military clash / attack involving Russia (2017-04-15),"AUTO-HARVESTED, UNVERIFIED. GDELT recorded a military clash / attack (actors: Russia and Syrian), peak 48 mentions, 351 total across sampled files. Joe must verify the source and code severity/surprise before approval.",3,3,low,http://news.nationalpost.com/news/world/assad-still-has-hundreds-of-tonnes-of-chemical-weapons-after-fooling-un-inspectors-ex-general-says,country.russia:location;commodity.brent:affected_market,candidate,gdelt,
reject,duplicate episode: within 35d of stronger candidate gdelt_rus_syr_20160415 (1112 mentions),349,gdelt_syr_rus_20160415,2016-04-15,day,conflict_escalation,GDELT candidate: military clash / attack involving Russia (2016-04-15),"AUTO-HARVESTED, UNVERIFIED. GDELT recorded a military clash / attack (actors: Aleppo and Russia), peak 180 mentions, 349 total across sampled files. Joe must verify the source and code severity/surprise before approval.",3,3,low,http://www.klkntv.com/story/31720457/the-latest-opposition-assad-allies-ok-for-transition,country.russia:location;commodity.brent:affected_market,candidate,gdelt,
reject,duplicate episode: within 35d of stronger candidate gdelt_sau_qat_20170715 (1293 mentions),348,gdelt_rus_x_20170715,2017-07-15,day,conflict_escalation,GDELT candidate: military clash / attack involving Russia (2017-07-15),"AUTO-HARVESTED, UNVERIFIED. GDELT recorded a military clash / attack (actors: Russian and Business), peak 57 mentions, 348 total across sampled files. Joe must verify the source and code severity/surprise before approval.",3,3,low,http://www.businessinsider.com/trump-jr-email-russian-lawyer-meeting-2016-2017-7,country.russia:location;commodity.brent:affected_market,candidate,gdelt,
reject,duplicate episode: within 35d of stronger candidate gdelt_irq_x_20180115 (1888 mentions),347,gdelt_sau_x_20180115,2018-01-15,day,conflict_escalation,GDELT candidate: military clash / attack involving Saudi Arabia (2018-01-15),"AUTO-HARVESTED, UNVERIFIED. GDELT recorded a military clash / attack (actors: Saudi and Rebel), peak 100 mentions, 347 total across sampled files. Joe must verify the source and code severity/surprise before approval.",3,3,low,http://www.deccanchronicle.com/nation/current-affairs/150118/india-equally-involved-in-pakistans-tragedies-says-farooq-abdullah.html,country.saudi_arabia:location;commodity.brent:affected_market,candidate,gdelt,
reject,duplicate episode: within 35d of stronger candidate gdelt_lby_usa_20160115 (3400 mentions),346,gdelt_usa_sau_20160115,2016-01-15,day,conflict_escalation,GDELT candidate: military clash / attack involving Saudi Arabia (2016-01-15),"AUTO-HARVESTED, UNVERIFIED. GDELT recorded a military clash / attack (actors: Los Angeles and Medina), peak 325 mentions, 346 total across sampled files. Joe must verify the source and code severity/surprise before approval.",3,3,low,http://www.kkoh.com/news/former-power-rangers-actor-charged-with-murder/,country.saudi_arabia:location;commodity.brent:affected_market,candidate,gdelt,
reject,duplicate episode: within 35d of stronger candidate gdelt_usa_irn_20260415 (1590 mentions),345,gdelt_irn_usa_20260415,2026-04-15,day,conflict_escalation,GDELT candidate: military clash / attack involving Iran (2026-04-15),"AUTO-HARVESTED, UNVERIFIED. GDELT recorded a military clash / attack (actors: Iran and Miami), peak 88 mentions, 345 total across sampled files. Joe must verify the source and code severity/surprise before approval.",3,3,low,https://economictimes.indiatimes.com/news/defence/west-asia-war-iran-ups-threats-over-naval-blockade-but-still-talking-to-us/articleshow/130286170.cms,country.iran:location;commodity.brent:affected_market,candidate,gdelt,
reject,duplicate episode: within 35d of stronger candidate gdelt_lby_usa_20160115 (3400 mentions),344,gdelt_rus_syr_20160115,2016-01-15,day,conflict_escalation,GDELT candidate: military clash / attack involving Russia (2016-01-15),"AUTO-HARVESTED, UNVERIFIED. GDELT recorded a military clash / attack (actors: Moscow and Syria), peak 42 mentions, 344 total across sampled files. Joe must verify the source and code severity/surprise before approval.",3,3,low,http://www.klfm967.co.uk/news/world-news/1853582/russia-to-focus-on-humanitarian-ops-in-syria/,country.russia:location;commodity.brent:affected_market,candidate,gdelt,
reject,"outside usable price window (need 130d before & 20d after; have 9932 before, 0 on/after)",343,gdelt_irn_sau_20260715,2026-07-15,day,conflict_escalation,GDELT candidate: military clash / attack involving Iran / Saudi Arabia (2026-07-15),"AUTO-HARVESTED, UNVERIFIED. GDELT recorded a military clash / attack (actors: Iran and Saudi Arabia), peak 248 mentions, 343 total across sampled files. Joe must verify the source and code severity/surprise before approval.",3,3,low,http://www.shanghainews.net/news/279188726/us-military-launches-new-wave-of-iran-strikes,country.iran:location;country.saudi_arabia:location;commodity.brent:affected_market,candidate,gdelt,
reject,duplicate episode: within 35d of stronger candidate iran_strikes_israel_oct_2024 (seed),342,gdelt_sau_sau_20241015,2024-10-15,day,conflict_escalation,GDELT candidate: military clash / attack involving Saudi Arabia / Saudi Arabia (2024-10-15),"AUTO-HARVESTED, UNVERIFIED. GDELT recorded a military clash / attack (actors: Saudi and Saudi Arabia), peak 216 mentions, 342 total across sampled files. Joe must verify the source and code severity/surprise before approval.",3,3,low,https://www.news4jax.com/news/politics/2024/10/15/rulings-signal-us-courts-may-be-more-open-to-lawsuits-accusing-foreign-officials-of-abuses/,country.saudi_arabia:location;country.saudi_arabia:location;commodity.brent:affected_market,candidate,gdelt,
reject,duplicate episode: within 35d of stronger candidate gdelt_irq_x_20180115 (1888 mentions),340,gdelt_irq_irq_20180115,2018-01-15,day,conflict_escalation,GDELT candidate: military clash / attack involving Iraq / Iraq (2018-01-15),"AUTO-HARVESTED, UNVERIFIED. GDELT recorded a military clash / attack (actors: Baghdad and Iraq), peak 122 mentions, 340 total across sampled files. Joe must verify the source and code severity/surprise before approval.",3,3,low,http://www.fredericksburg.com/news/news-wire/iraq-s-interior-ministry-back-to-back-suicide-attacks-in/article_4443cff4-6210-59fb-addc-e0b6271926f3.html,country.iraq:location;country.iraq:location;commodity.brent:affected_market,candidate,gdelt,
reject,duplicate episode: within 35d of stronger candidate gdelt_x_ven_20260115 (3589 mentions),340,gdelt_aus_irn_20260115,2026-01-15,day,conflict_escalation,GDELT candidate: military clash / attack involving Iran (2026-01-15),"AUTO-HARVESTED, UNVERIFIED. GDELT recorded a military clash / attack (actors: Australia and Iran), peak 272 mentions, 340 total across sampled files. Joe must verify the source and code severity/surprise before approval.",3,3,low,https://www.illawarramercury.com.au/story/9153477/hundreds-outside-iranian-embassy-in-canberra-demand-regime-change/,country.iran:location;commodity.brent:affected_market,candidate,gdelt,
reject,duplicate episode: within 35d of stronger candidate gdelt_irn_x_20150715 (6084 mentions),339,gdelt_x_lby_20150715,2015-07-15,day,conflict_escalation,GDELT candidate: military clash / attack involving Libya (2015-07-15),"AUTO-HARVESTED, UNVERIFIED. GDELT recorded a military clash / attack (actors: International Criminal Court and Libya), peak 130 mentions, 339 total across sampled files. Joe must verify the source and code severity/surprise before approval.",3,3,low,http://hosted2.ap.org/CAANR/0260ea4c3e85456b80715585ba3c7b5b/Article_2015-07-15-ML-Libya/id-4cde933fc3b54b9a967781b9f5b6e450,country.libya:location;commodity.brent:affected_market,candidate,gdelt,
reject,duplicate episode: within 35d of stronger candidate gdelt_rus_x_20151015 (4926 mentions),339,gdelt_irn_x_20151015,2015-10-15,day,sanctions,GDELT candidate: sanctions action involving Iran (2015-10-15),"AUTO-HARVESTED, UNVERIFIED. GDELT recorded a sanctions action (actors: Iran), peak 70 mentions, 339 total across sampled files. Joe must verify the source and code severity/surprise before approval.",3,3,low,http://en.apa.az/news/233475,country.iran:location;commodity.brent:affected_market,candidate,gdelt,
reject,"outside usable price window (need 130d before & 20d after; have 9932 before, 0 on/after)",337,gdelt_irn_usa_20260715,2026-07-15,day,conflict_escalation,GDELT candidate: military clash / attack involving Iran (2026-07-15),"AUTO-HARVESTED, UNVERIFIED. GDELT recorded a military clash / attack (actors: Iranian and American), peak 52 mentions, 337 total across sampled files. Joe must verify the source and code severity/surprise before approval.",3,3,low,https://arynews.tv/iran-guards-say-hormuz-to-remain-closed-till-end-of-us-aggression,country.iran:location;commodity.brent:affected_market,candidate,gdelt,
reject,duplicate episode: within 35d of stronger candidate gdelt_irq_x_20180715 (904 mentions),336,gdelt_gtm_irq_20180715,2018-07-15,day,conflict_escalation,GDELT candidate: military clash / attack involving Iraq (2018-07-15),"AUTO-HARVESTED, UNVERIFIED. GDELT recorded a military clash / attack (actors: Guatemalan and Iraq), peak 148 mentions, 336 total across sampled files. Joe must verify the source and code severity/surprise before approval.",3,3,low,https://www.stamfordadvocate.com/news/politics/article/AP-Explains-Immigrants-in-US-military-throughout-13076736.php,country.iraq:location;commodity.brent:affected_market,candidate,gdelt,
reject,duplicate episode: within 35d of stronger candidate gdelt_irn_x_20150715 (6084 mentions),335,gdelt_eur_irn_20150715,2015-07-15,day,sanctions,GDELT candidate: sanctions action involving Iran (2015-07-15),"AUTO-HARVESTED, UNVERIFIED. GDELT recorded a sanctions action (actors: European Union and Iran), peak 225 mentions, 335 total across sampled files. Joe must verify the source and code severity/surprise before approval.",3,3,low,http://www.thecourier.com.au/story/3211901/iran-nuclear-deal-what-is-it-about/,country.iran:location;commodity.brent:affected_market,candidate,gdelt,
reject,within 35d of existing event venezuela_sanctions_2019 (2019-01-28) - same episode,335,gdelt_x_rus_20190115,2019-01-15,day,conflict_escalation,GDELT candidate: military clash / attack involving Russia (2019-01-15),"AUTO-HARVESTED, UNVERIFIED. GDELT recorded a military clash / attack (actors: Russia), peak 120 mentions, 335 total across sampled files. Joe must verify the source and code severity/surprise before approval.",3,3,low,https://uk.reuters.com/article/uk-usa-russia-sanctions/u-s-senate-to-take-up-russia-sanctions-measure-tuesday-idUKKCN1P82KU,country.russia:location;commodity.brent:affected_market,candidate,gdelt,
reject,duplicate episode: within 35d of stronger candidate gdelt_irq_x_20170115 (1967 mentions),334,gdelt_ven_x_20170115,2017-01-15,day,conflict_escalation,GDELT candidate: military clash / attack involving Venezuela (2017-01-15),"AUTO-HARVESTED, UNVERIFIED. GDELT recorded a military clash / attack (actors: Venezuela and Police), peak 146 mentions, 334 total across sampled files. Joe must verify the source and code severity/surprise before approval.",3,3,low,https://www.msn.com/en-us/news/world/venezuela-forces-take-down-fugitive-group-in-deadly-shootout/ar-AAuJClE,country.venezuela:location;commodity.brent:affected_market,candidate,gdelt,
reject,within 35d of existing event soleimani_strike_2020 (2020-01-03) - same episode,333,gdelt_ven_x_20200115,2020-01-15,day,conflict_escalation,GDELT candidate: military clash / attack involving Venezuela (2020-01-15),"AUTO-HARVESTED, UNVERIFIED. GDELT recorded a military clash / attack (actors: Venezuela and Parliament), peak 244 mentions, 333 total across sampled files. Joe must verify the source and code severity/surprise before approval.",3,3,low,https://www.thestar.com/news/world/americas/2020/01/15/ap-explains-fight-for-venezuelas-national-assembly-deepens.html,country.venezuela:location;commodity.brent:affected_market,candidate,gdelt,
reject,duplicate episode: within 35d of stronger candidate gdelt_irq_x_20170115 (1967 mentions),332,gdelt_are_x_20170115,2017-01-15,day,conflict_escalation,GDELT candidate: military clash / attack involving Uae (2017-01-15),"AUTO-HARVESTED, UNVERIFIED. GDELT recorded a military clash / attack (actors: United Arab Emirates and High Court), peak 90 mentions, 332 total across sampled files. Joe must verify the source and code severity/surprise before approval.",3,3,low,http://www.cnn.com/2017/01/15/world/bahrain-execution/,country.uae:location;commodity.brent:affected_market,candidate,gdelt,
reject,duplicate episode: within 35d of stronger candidate gdelt_irq_x_20170415 (440 mentions),332,gdelt_x_rus_20170415,2017-04-15,day,conflict_escalation,GDELT candidate: military clash / attack involving Russia (2017-04-15),"AUTO-HARVESTED, UNVERIFIED. GDELT recorded a military clash / attack (actors: Government Forces and Russia), peak 146 mentions, 332 total across sampled files. Joe must verify the source and code severity/surprise before approval.",3,3,low,http://www.ivpressonline.com/news/world/russia-iran-and-syria-issue-warning-to-us/article_169df9fd-8508-56b4-bacf-92dd57c508cb.html,country.russia:location;commodity.brent:affected_market,candidate,gdelt,
reject,within 35d of existing event iran_sanctions_reimposed_2018 (2018-05-08) - same episode,332,gdelt_irq_x_20180415,2018-04-15,day,conflict_escalation,GDELT candidate: military clash / attack involving Iraq (2018-04-15),"AUTO-HARVESTED, UNVERIFIED. GDELT recorded a military clash / attack (actors: Iraq), peak 149 mentions, 332 total across sampled files. Joe must verify the source and code severity/surprise before approval.",3,3,low,http://wkal1450.com/following-syria-missile-strike-trump-tweets-two-words-that-haunted-bush-mission-accomplished/,country.iraq:location;commodity.brent:affected_market,candidate,gdelt,
reject,duplicate episode: within 35d of stronger candidate gdelt_rus_x_20151015 (4926 mentions),331,gdelt_rus_rus_20151015,2015-10-15,day,conflict_escalation,GDELT candidate: military clash / attack involving Russia / Russia (2015-10-15),"AUTO-HARVESTED, UNVERIFIED. GDELT recorded a military clash / attack (actors: Russian and Russia), peak 79 mentions, 331 total across sampled files. Joe must verify the source and code severity/surprise before approval.",3,3,low,http://www.eubusiness.com/news-eu/sakharov-rights.14rk,country.russia:location;country.russia:location;commodity.brent:affected_market,candidate,gdelt,
reject,duplicate episode: within 35d of stronger candidate gdelt_irq_x_20180715 (904 mentions),330,gdelt_irq_irq_20180715,2018-07-15,day,conflict_escalation,GDELT candidate: military clash / attack involving Iraq / Iraq (2018-07-15),"AUTO-HARVESTED, UNVERIFIED. GDELT recorded a military clash / attack (actors: Iraq and Basra), peak 80 mentions, 330 total across sampled files. Joe must verify the source and code severity/surprise before approval.",3,3,low,https://af.reuters.com/article/energyOilNews/idAFL8N1UB04X,country.iraq:location;country.iraq:location;commodity.brent:affected_market,candidate,gdelt,
reject,duplicate episode: within 35d of stronger candidate gdelt_usa_sau_20181015 (7014 mentions),330,gdelt_irn_x_20181015,2018-10-15,day,sanctions,GDELT candidate: sanctions action involving Iran (2018-10-15),"AUTO-HARVESTED, UNVERIFIED. GDELT recorded a sanctions action (actors: Iran and Business), peak 120 mentions, 330 total across sampled files. Joe must verify the source and code severity/surprise before approval.",3,3,low,https://kxlf.com/cnn-europe-mideast-africa/2018/10/14/alleged-murders-of-khashoggi-kim-show-some-nations-kill-with-impunity/,country.iran:location;commodity.brent:affected_market,candidate,gdelt,
reject,duplicate episode: within 35d of stronger candidate gdelt_rus_ukr_20220415 (21455 mentions),330,gdelt_mda_rus_20220415,2022-04-15,day,conflict_escalation,GDELT candidate: military clash / attack involving Russia (2022-04-15),"AUTO-HARVESTED, UNVERIFIED. GDELT recorded a military clash / attack (actors: Moldova and Russian), peak 229 mentions, 330 total across sampled files. Joe must verify the source and code severity/surprise before approval.",3,3,low,https://www.iowapublicradio.org/news-from-npr/2022-04-15/with-war-next-door-moldova-faces-a-dilemma-as-eastern-europes-most-vulnerable-state,country.russia:location;commodity.brent:affected_market,candidate,gdelt,
reject,duplicate episode: within 35d of stronger candidate gdelt_rus_ukr_20220415 (21455 mentions),330,gdelt_rus_mda_20220415,2022-04-15,day,conflict_escalation,GDELT candidate: military clash / attack involving Russia (2022-04-15),"AUTO-HARVESTED, UNVERIFIED. GDELT recorded a military clash / attack (actors: Russian and Moldova), peak 229 mentions, 330 total across sampled files. Joe must verify the source and code severity/surprise before approval.",3,3,low,https://www.iowapublicradio.org/news-from-npr/2022-04-15/with-war-next-door-moldova-faces-a-dilemma-as-eastern-europes-most-vulnerable-state,country.russia:location;commodity.brent:affected_market,candidate,gdelt,
reject,duplicate episode: within 35d of stronger candidate gdelt_x_irn_20200715 (597 mentions),329,gdelt_rus_x_20200715,2020-07-15,day,conflict_escalation,GDELT candidate: military clash / attack involving Russia (2020-07-15),"AUTO-HARVESTED, UNVERIFIED. GDELT recorded a military clash / attack (actors: Russia), peak 70 mentions, 329 total across sampled files. Joe must verify the source and code severity/surprise before approval.",3,3,low,https://www.greekherald.com/news/265777428/dashboard-coronavirus-in-eurasia,country.russia:location;commodity.brent:affected_market,candidate,gdelt,
reject,within 35d of existing event suez_ever_given_2021 (2021-03-23) - same episode,329,gdelt_x_irq_20210415,2021-04-15,day,conflict_escalation,GDELT candidate: military clash / attack involving Iraq (2021-04-15),"AUTO-HARVESTED, UNVERIFIED. GDELT recorded a military clash / attack (actors: Militia and Iraqi), peak 50 mentions, 329 total across sampled files. Joe must verify the source and code severity/surprise before approval.",3,3,low,https://www.reuters.com/article/iraq-security-int/car-bomb-kills-four-in-baghdads-sadr-city-police-idUSKBN2C21JK,country.iraq:location;commodity.brent:affected_market,candidate,gdelt,
reject,duplicate episode: within 35d of stronger candidate gdelt_rus_x_20220715 (3958 mentions),329,gdelt_usa_rus_20220715,2022-07-15,day,sanctions,GDELT candidate: sanctions action involving Russia (2022-07-15),"AUTO-HARVESTED, UNVERIFIED. GDELT recorded a sanctions action (actors: The Us and Russian), peak 148 mentions, 329 total across sampled files. Joe must verify the source and code severity/surprise before approval.",3,3,low,https://theparisnews.com/ap/national/image_536834fd-966d-5d0f-8f5c-47466ce775f8.html,country.russia:location;commodity.brent:affected_market,candidate,gdelt,
reject,duplicate episode: within 35d of stronger candidate gdelt_rus_ukr_20250415 (1151 mentions),328,gdelt_x_rus_20250415,2025-04-15,day,conflict_escalation,GDELT candidate: military clash / attack involving Russia (2025-04-15),"AUTO-HARVESTED, UNVERIFIED. GDELT recorded a military clash / attack (actors: Russia), peak 64 mentions, 328 total across sampled files. Joe must verify the source and code severity/surprise before approval.",3,3,low,https://www.yahoo.com/news/zelensky-dismiss-sumy-governor-over-115814459.html,country.russia:location;commodity.brent:affected_market,candidate,gdelt,
reject,duplicate episode: within 35d of stronger candidate gdelt_rus_ukr_20250415 (1151 mentions),328,gdelt_x_ven_20250415,2025-04-15,day,conflict_escalation,GDELT candidate: military clash / attack involving Venezuela (2025-04-15),"AUTO-HARVESTED, UNVERIFIED. GDELT recorded a military clash / attack (actors: Venezuela), peak 320 mentions, 328 total across sampled files. Joe must verify the source and code severity/surprise before approval.",3,3,low,https://www.thereporteronline.com/2025/04/15/colorado-alien-enemies-act-deporations-temporarily-blocked/,country.venezuela:location;commodity.brent:affected_market,candidate,gdelt,
reject,duplicate episode: within 35d of stronger candidate gdelt_irq_x_20180115 (1888 mentions),327,gdelt_irn_x_20180115,2018-01-15,day,conflict_escalation,GDELT candidate: military clash / attack involving Iran (2018-01-15),"AUTO-HARVESTED, UNVERIFIED. GDELT recorded a military clash / attack (actors: Iranian and Civilian), peak 74 mentions, 327 total across sampled files. Joe must verify the source and code severity/surprise before approval.",3,3,low,http://www.middle-east-online.com/english/?id=86778,country.iran:location;commodity.brent:affected_market,candidate,gdelt,
reject,duplicate episode: within 35d of stronger candidate gdelt_sau_qat_20170715 (1293 mentions),326,gdelt_ven_ven_20170615,2017-06-15,day,conflict_escalation,GDELT candidate: military clash / attack involving Venezuela / Venezuela (2017-06-15),"AUTO-HARVESTED, UNVERIFIED. GDELT recorded a military clash / attack (actors: Venezuelan and Venezuela), peak 326 mentions, 326 total across sampled files. Joe must verify the source and code severity/surprise before approval.",3,3,low,http://www.beaumontenterprise.com/news/crime/article/Venezuelan-prosecutor-seeks-conditional-release-11290383.php,country.venezuela:location;country.venezuela:location;commodity.brent:affected_market,candidate,gdelt,
reject,duplicate episode: within 35d of stronger candidate gdelt_rus_x_20220715 (3958 mentions),325,gdelt_lby_lby_20220715,2022-07-15,day,conflict_escalation,GDELT candidate: military clash / attack involving Libya / Libya (2022-07-15),"AUTO-HARVESTED, UNVERIFIED. GDELT recorded a military clash / attack (actors: Libyan and Libya), peak 314 mentions, 325 total across sampled files. Joe must verify the source and code severity/surprise before approval.",3,3,low,https://www.sthelensstar.co.uk/news/20283484.lockerbie-bombers-family-deeply-disappointed-supreme-court-decision/,country.libya:location;country.libya:location;commodity.brent:affected_market,candidate,gdelt,
reject,duplicate episode: within 35d of stronger candidate gdelt_x_lby_20131015 (1056 mentions),324,gdelt_x_irn_20131015,2013-10-15,day,conflict_escalation,GDELT candidate: military clash / attack involving Iran (2013-10-15),"AUTO-HARVESTED, UNVERIFIED. GDELT recorded a military clash / attack (actors: Iran), peak 46 mentions, 324 total across sampled files. Joe must verify the source and code severity/surprise before approval.",3,3,low,http://www.gosanangelo.com/news/2013/oct/15/oil-prices-fall-over-iran-fiscal-talks/,country.iran:location;commodity.brent:affected_market,candidate,gdelt,
reject,duplicate episode: within 35d of stronger candidate gdelt_rus_x_20211015 (432 mentions),323,gdelt_afg_rus_20211015,2021-10-15,day,conflict_escalation,GDELT candidate: military clash / attack involving Russia (2021-10-15),"AUTO-HARVESTED, UNVERIFIED. GDELT recorded a military clash / attack (actors: Afghanistan and Vladimir Putin), peak 238 mentions, 323 total across sampled files. Joe must verify the source and code severity/surprise before approval.",3,3,low,https://www.chron.com/news/article/Putin-No-rush-in-officially-recognizing-16535027.php,country.russia:location;commodity.brent:affected_market,candidate,gdelt,
reject,within 35d of existing event soleimani_strike_2020 (2020-01-03) - same episode,319,gdelt_sau_x_20200115,2020-01-15,day,conflict_escalation,GDELT candidate: military clash / attack involving Saudi Arabia (2020-01-15),"AUTO-HARVESTED, UNVERIFIED. GDELT recorded a military clash / attack (actors: Saudi), peak 99 mentions, 319 total across sampled files. Joe must verify the source and code severity/surprise before approval.",3,3,low,https://www.bbc.co.uk/news/business-51115645,country.saudi_arabia:location;commodity.brent:affected_market,candidate,gdelt,
reject,duplicate episode: within 35d of stronger candidate gdelt_rus_x_20211015 (432 mentions),319,gdelt_rus_afg_20211015,2021-10-15,day,conflict_escalation,GDELT candidate: military clash / attack involving Russia (2021-10-15),"AUTO-HARVESTED, UNVERIFIED. GDELT recorded a military clash / attack (actors: Vladimir Putin and Afghanistan), peak 238 mentions, 319 total across sampled files. Joe must verify the source and code severity/surprise before approval.",3,3,low,https://www.chron.com/news/article/Putin-No-rush-in-officially-recognizing-16535027.php,country.russia:location;commodity.brent:affected_market,candidate,gdelt,
reject,duplicate episode: within 35d of stronger candidate gdelt_irq_x_20130415 (818 mentions),318,gdelt_lby_lby_20130415,2013-04-15,day,conflict_escalation,GDELT candidate: military clash / attack involving Libya / Libya (2013-04-15),"AUTO-HARVESTED, UNVERIFIED. GDELT recorded a military clash / attack (actors: Libya and Libya), peak 230 mentions, 318 total across sampled files. Joe must verify the source and code severity/surprise before approval.",3,3,low,http://www.ilfb.org/headline-news.aspx?sID=070035C9&c=cYUzoCycYN6jbuV4MhP1IJA1odmv70p4Bib4ZurB0qs&mkt=en-us,country.libya:location;country.libya:location;commodity.brent:affected_market,candidate,gdelt,
reject,duplicate episode: within 35d of stronger candidate saudi_intervention_yemen_2015 (seed),318,gdelt_x_lby_20150415,2015-04-15,day,conflict_escalation,GDELT candidate: military clash / attack involving Libya (2015-04-15),"AUTO-HARVESTED, UNVERIFIED. GDELT recorded a military clash / attack (actors: Gunmen and Libya), peak 84 mentions, 318 total across sampled files. Joe must verify the source and code severity/surprise before approval.",3,3,low,http://www.trust.org/item/20150415205422-yk2wf/,country.libya:location;commodity.brent:affected_market,candidate,gdelt,
reject,duplicate episode: within 35d of stronger candidate gdelt_ukr_irn_20251015 (820 mentions),318,gdelt_x_ven_20251015,2025-10-15,day,conflict_escalation,GDELT candidate: military clash / attack involving Venezuela (2025-10-15),"AUTO-HARVESTED, UNVERIFIED. GDELT recorded a military clash / attack (actors: Venezuela), peak 212 mentions, 318 total across sampled files. Joe must verify the source and code severity/surprise before approval.",3,3,low,https://gcaptain.com/trump-administration-conducts-latest-lethal-strike-against-suspected-drug-vessel-off-venezuela/,country.venezuela:location;commodity.brent:affected_market,candidate,gdelt,
reject,duplicate episode: within 35d of stronger candidate gdelt_irq_x_20141015 (5152 mentions),317,gdelt_irq_usa_20141015,2014-10-15,day,conflict_escalation,GDELT candidate: military clash / attack involving Iraq (2014-10-15),"AUTO-HARVESTED, UNVERIFIED. GDELT recorded a military clash / attack (actors: Iraq and United States), peak 90 mentions, 317 total across sampled files. Joe must verify the source and code severity/surprise before approval.",3,3,low,http://6abc.com/news/american-civilians-take-up-arms-in-syria-but-with-whom/352039/,country.iraq:location;commodity.brent:affected_market,candidate,gdelt,
reject,duplicate episode: within 35d of stronger candidate gdelt_irq_x_20130415 (818 mentions),315,gdelt_lby_x_20130415,2013-04-15,day,conflict_escalation,GDELT candidate: military clash / attack involving Libya (2013-04-15),"AUTO-HARVESTED, UNVERIFIED. GDELT recorded a military clash / attack (actors: Libya), peak 106 mentions, 315 total across sampled files. Joe must verify the source and code severity/surprise before approval.",3,3,low,http://www.ilfb.org/headline-news.aspx?sID=070035C9&c=cYUzoCycYN6jbuV4MhP1IJA1odmv70p4Bib4ZurB0qs&mkt=en-us,country.libya:location;commodity.brent:affected_market,candidate,gdelt,
reject,duplicate episode: within 35d of stronger candidate gdelt_irq_x_20170115 (1967 mentions),313,gdelt_x_are_20170115,2017-01-15,day,conflict_escalation,GDELT candidate: military clash / attack involving Uae (2017-01-15),"AUTO-HARVESTED, UNVERIFIED. GDELT recorded a military clash / attack (actors: Terrorist and Emirati), peak 90 mentions, 313 total across sampled files. Joe must verify the source and code severity/surprise before approval.",3,3,low,http://www.cnn.com/2017/01/15/world/bahrain-execution/,country.uae:location;commodity.brent:affected_market,candidate,gdelt,
reject,duplicate episode: within 35d of stronger candidate gdelt_irq_x_20141015 (5152 mentions),312,gdelt_irq_tur_20141015,2014-10-15,day,conflict_escalation,GDELT candidate: military clash / attack involving Iraq (2014-10-15),"AUTO-HARVESTED, UNVERIFIED. GDELT recorded a military clash / attack (actors: Iraq and Turkey), peak 86 mentions, 312 total across sampled files. Joe must verify the source and code severity/surprise before approval.",3,3,low,http://www.thenews.com.pk/Todays-News-1-278628-Fierce-battles-rage-to-hold-back-IS,country.iraq:location;commodity.brent:affected_market,candidate,gdelt,
reject,duplicate episode: within 35d of stronger candidate gulf_of_oman_tanker_attacks_2019 (seed),312,gdelt_irq_afg_20190715,2019-07-15,day,conflict_escalation,GDELT candidate: military clash / attack involving Iraq (2019-07-15),"AUTO-HARVESTED, UNVERIFIED. GDELT recorded a military clash / attack (actors: Iraq and Afghanistan), peak 310 mentions, 312 total across sampled files. Joe must verify the source and code severity/surprise before approval.",3,3,low,http://www.wftw.com/news/green-beret-who-served-in-iraq-and-afghanistan-dies-in-combat-in-afghanistan/,country.iraq:location;commodity.brent:affected_market,candidate,gdelt,
reject,duplicate episode: within 35d of stronger candidate saudi_intervention_yemen_2015 (seed),311,gdelt_sau_yem_20150415,2015-04-15,day,conflict_escalation,GDELT candidate: military clash / attack involving Saudi Arabia (2015-04-15),"AUTO-HARVESTED, UNVERIFIED. GDELT recorded a military clash / attack (actors: Saudi Arabia and Yemen), peak 25 mentions, 311 total across sampled files. Joe must verify the source and code severity/surprise before approval.",3,3,low,http://www.informationclearinghouse.info/article41554.htm,country.saudi_arabia:location;commodity.brent:affected_market,candidate,gdelt,
reject,duplicate episode: within 35d of stronger candidate gdelt_irq_x_20140115 (7785 mentions),308,gdelt_lby_x_20140115,2014-01-15,day,conflict_escalation,GDELT candidate: military clash / attack involving Libya (2014-01-15),"AUTO-HARVESTED, UNVERIFIED. GDELT recorded a military clash / attack (actors: Benghazi), peak 30 mentions, 308 total across sampled files. Joe must verify the source and code severity/surprise before approval.",3,3,low,http://www.airforcetimes.com/article/20140115/NEWS05/301150016,country.libya:location;commodity.brent:affected_market,candidate,gdelt,
reject,duplicate episode: within 35d of stronger candidate gdelt_x_irq_20161015 (5849 mentions),308,gdelt_syr_rus_20161015,2016-10-15,day,conflict_escalation,GDELT candidate: military clash / attack involving Russia (2016-10-15),"AUTO-HARVESTED, UNVERIFIED. GDELT recorded a military clash / attack (actors: Syria and Russia), peak 124 mentions, 308 total across sampled files. Joe must verify the source and code severity/surprise before approval.",3,3,low,https://www.yahoo.com/news/india-russia-sign-energy-defence-111741700.html,country.russia:location;commodity.brent:affected_market,candidate,gdelt,
reject,within 35d of existing event iran_sanctions_reimposed_2018 (2018-05-08) - same episode,306,gdelt_syr_irn_20180415,2018-04-15,day,conflict_escalation,GDELT candidate: military clash / attack involving Iran (2018-04-15),"AUTO-HARVESTED, UNVERIFIED. GDELT recorded a military clash / attack (actors: Syria and Iran), peak 132 mentions, 306 total across sampled files. Joe must verify the source and code severity/surprise before approval.",3,3,low,http://www.wmur.com/article/local-syrian-community-applauds-airstrikes-says-more-needs-to-be-done/19819719,country.iran:location;commodity.brent:affected_market,candidate,gdelt,
reject,duplicate episode: within 35d of stronger candidate gdelt_x_irn_20210115 (743 mentions),306,gdelt_x_lby_20210115,2021-01-15,day,conflict_escalation,GDELT candidate: military clash / attack involving Libya (2021-01-15),"AUTO-HARVESTED, UNVERIFIED. GDELT recorded a military clash / attack (actors: Libyan), peak 264 mentions, 306 total across sampled files. Joe must verify the source and code severity/surprise before approval.",3,3,low,https://www.messengernewspapers.co.uk/news/national/19014269.appeal-lockerbie-bombers-conviction-fails/,country.libya:location;commodity.brent:affected_market,candidate,gdelt,
reject,duplicate episode: within 35d of stronger candidate gdelt_irq_x_20170115 (1967 mentions),303,gdelt_rus_usa_20170115,2017-01-15,day,conflict_escalation,GDELT candidate: military clash / attack involving Russia (2017-01-15),"AUTO-HARVESTED, UNVERIFIED. GDELT recorded a military clash / attack (actors: Russian and United States), peak 130 mentions, 303 total across sampled files. Joe must verify the source and code severity/surprise before approval.",3,3,low,http://www.news.com.au/world/north-america/donald-trump-wont-commit-to-one-china-policy/news-story/c12720c3003a88c6becc1e91f5314cd7,country.russia:location;commodity.brent:affected_market,candidate,gdelt,
reject,duplicate episode: within 35d of stronger candidate gdelt_x_irn_20200715 (597 mentions),300,gdelt_irn_x_20200715,2020-07-15,day,conflict_escalation,GDELT candidate: military clash / attack involving Iran (2020-07-15),"AUTO-HARVESTED, UNVERIFIED. GDELT recorded a military clash / attack (actors: Iranian and Civilian), peak 54 mentions, 300 total across sampled files. Joe must verify the source and code severity/surprise before approval.",3,3,low,https://www.dw.com/en/iran-death-penalty-verdict-for-protesters-sparks-social-media-outrage/a-54186926,country.iran:location;commodity.brent:affected_market,candidate,gdelt,
reject,duplicate episode: within 35d of stronger candidate gdelt_rus_ukr_20230115 (8197 mentions),297,gdelt_irn_x_20230115,2023-01-15,day,conflict_escalation,GDELT candidate: military clash / attack involving Iran (2023-01-15),"AUTO-HARVESTED, UNVERIFIED. GDELT recorded a military clash / attack (actors: Iran and Defense Force), peak 82 mentions, 297 total across sampled files. Joe must verify the source and code severity/surprise before approval.",3,3,low,https://www.cbsnews.com/news/iran-execution-ali-reza-akbari/,country.iran:location;commodity.brent:affected_market,candidate,gdelt,
reject,duplicate episode: within 35d of stronger candidate gdelt_irq_x_20150115 (785 mentions),294,gdelt_x_lby_20150115,2015-01-15,day,conflict_escalation,GDELT candidate: military clash / attack involving Libya (2015-01-15),"AUTO-HARVESTED, UNVERIFIED. GDELT recorded a military clash / attack (actors: Libya), peak 112 mentions, 294 total across sampled files. Joe must verify the source and code severity/surprise before approval.",3,3,low,http://jordantimes.com/libya-warplane-attacked-trawler-carrying-gasoline-to-benghazi,country.libya:location;commodity.brent:affected_market,candidate,gdelt,
reject,within 35d of existing event suez_ever_given_2021 (2021-03-23) - same episode,294,gdelt_tur_irq_20210415,2021-04-15,day,conflict_escalation,GDELT candidate: military clash / attack involving Iraq (2021-04-15),"AUTO-HARVESTED, UNVERIFIED. GDELT recorded a military clash / attack (actors: Turkish and Iraq), peak 110 mentions, 294 total across sampled files. Joe must verify the source and code severity/surprise before approval.",3,3,low,https://www.chron.com/news/article/Rocket-attack-on-base-in-northern-Iraq-kills-16102550.php,country.iraq:location;commodity.brent:affected_market,candidate,gdelt,
reject,duplicate episode: within 35d of stronger candidate gdelt_lby_x_20140715 (2020 mentions),291,gdelt_lby_lby_20140715,2014-07-15,day,conflict_escalation,GDELT candidate: military clash / attack involving Libya / Libya (2014-07-15),"AUTO-HARVESTED, UNVERIFIED. GDELT recorded a military clash / attack (actors: Tripoli and Libya), peak 56 mentions, 291 total across sampled files. Joe must verify the source and code severity/surprise before approval.",3,3,low,http://www.zawya.com/story/UPDATE_2Libyan_militia_tighten_control_of_Tripoli_airport_after_battle-TR20140715nL6N0PQ2RFX4/,country.libya:location;country.libya:location;commodity.brent:affected_market,candidate,gdelt,
reject,duplicate episode: within 35d of stronger candidate gdelt_rus_syr_20160415 (1112 mentions),291,gdelt_irn_x_20160415,2016-04-15,day,conflict_escalation,GDELT candidate: military clash / attack involving Iran (2016-04-15),"AUTO-HARVESTED, UNVERIFIED. GDELT recorded a military clash / attack (actors: Iranian), peak 60 mentions, 291 total across sampled files. Joe must verify the source and code severity/surprise before approval.",3,3,low,http://www.telegraphindia.com/1160415/jsp/business/story_80186.jsp,country.iran:location;commodity.brent:affected_market,candidate,gdelt,
reject,within 35d of existing event venezuela_sanctions_2019 (2019-01-28) - same episode,289,gdelt_irn_x_20190115,2019-01-15,day,sanctions,GDELT candidate: sanctions action involving Iran (2019-01-15),"AUTO-HARVESTED, UNVERIFIED. GDELT recorded a sanctions action (actors: Iran), peak 74 mentions, 289 total across sampled files. Joe must verify the source and code severity/surprise before approval.",3,3,low,https://www.ncnewsonline.com/news/national/iran-tv-killed-in-stampede-at-funeral-for-slain-general/article_ec910269-00d8-5800-a706-0ff577b8fad8.html,country.iran:location;commodity.brent:affected_market,candidate,gdelt,
reject,"outside usable price window (need 130d before & 20d after; have 9932 before, 0 on/after)",288,gdelt_irn_are_20260715,2026-07-15,day,conflict_escalation,GDELT candidate: military clash / attack involving Iran / Uae (2026-07-15),"AUTO-HARVESTED, UNVERIFIED. GDELT recorded a military clash / attack (actors: Iran and Dubai), peak 87 mentions, 288 total across sampled files. Joe must verify the source and code severity/surprise before approval.",3,3,low,https://www.orlandosentinel.com/2026/07/15/iran-us-blockade-strikes/,country.iran:location;country.uae:location;commodity.brent:affected_market,candidate,gdelt,
reject,duplicate episode: within 35d of stronger candidate gdelt_irq_x_20140115 (7785 mentions),287,gdelt_usa_irn_20140115,2014-01-15,day,sanctions,GDELT candidate: sanctions action involving Iran (2014-01-15),"AUTO-HARVESTED, UNVERIFIED. GDELT recorded a sanctions action (actors: The Us and Iran), peak 71 mentions, 287 total across sampled files. Joe must verify the source and code severity/surprise before approval.",3,3,low,http://www.smh.com.au/world/nsa-uses-radio-waves-to-make-cyber-attacks-20140116-hv8mw.html,country.iran:location;commodity.brent:affected_market,candidate,gdelt,
reject,duplicate episode: within 35d of stronger candidate gdelt_x_sau_20160715 (1217 mentions),287,gdelt_rus_syr_20160715,2016-07-15,day,conflict_escalation,GDELT candidate: military clash / attack involving Russia (2016-07-15),"AUTO-HARVESTED, UNVERIFIED. GDELT recorded a military clash / attack (actors: Russia and Syria), peak 51 mentions, 287 total across sampled files. Joe must verify the source and code severity/surprise before approval.",3,3,low,http://hosted.ap.org/dynamic/stories/E/EU_SYRIA_DIPLOMACY?SITE=AP&SECTION=HOME&TEMPLATE=DEFAULT&CTIME=2016-07-15-18-10-59,country.russia:location;commodity.brent:affected_market,candidate,gdelt,
reject,duplicate episode: within 35d of stronger candidate gdelt_x_sau_20160715 (1217 mentions),285,gdelt_syr_irq_20160715,2016-07-15,day,conflict_escalation,GDELT candidate: military clash / attack involving Iraq (2016-07-15),"AUTO-HARVESTED, UNVERIFIED. GDELT recorded a military clash / attack (actors: Syria and Iraqi), peak 153 mentions, 285 total across sampled files. Joe must verify the source and code severity/surprise before approval.",3,3,low,http://www.iraqsun.com/index.php/sid/245834165,country.iraq:location;commodity.brent:affected_market,candidate,gdelt,
reject,duplicate episode: within 35d of stronger candidate gdelt_x_ven_20260115 (3589 mentions),285,gdelt_irn_usa_20260115,2026-01-15,day,conflict_escalation,GDELT candidate: military clash / attack involving Iran (2026-01-15),"AUTO-HARVESTED, UNVERIFIED. GDELT recorded a military clash / attack (actors: Iran and Pennsylvania), peak 91 mentions, 285 total across sampled files. Joe must verify the source and code severity/surprise before approval.",3,3,low,https://fox17.com/news/nation-world/iran-taunts-president-donald-trump-with-assassination-threat-shares-chilling-image-from-butler-pennsylvania-rally-protester-unrest-death-toll-economy-government-qatar-base-evacuation,country.iran:location;commodity.brent:affected_market,candidate,gdelt,
reject,duplicate episode: within 35d of stronger candidate gdelt_irq_x_20170115 (1967 mentions),284,gdelt_sau_x_20170115,2017-01-15,day,conflict_escalation,GDELT candidate: military clash / attack involving Saudi Arabia (2017-01-15),"AUTO-HARVESTED, UNVERIFIED. GDELT recorded a military clash / attack (actors: Riyadh and Shiite), peak 114 mentions, 284 total across sampled files. Joe must verify the source and code severity/surprise before approval.",3,3,low,https://www.euractiv.com/section/global-europe/news/rights-groups-denounce-spains-plan-to-sell-warships-to-saudi-arabia/,country.saudi_arabia:location;commodity.brent:affected_market,candidate,gdelt,
reject,duplicate episode: within 35d of stronger candidate gdelt_sau_qat_20170715 (1293 mentions),283,gdelt_x_irq_20170715,2017-07-15,day,conflict_escalation,GDELT candidate: military clash / attack involving Iraq (2017-07-15),"AUTO-HARVESTED, UNVERIFIED. GDELT recorded a military clash / attack (actors: Iraq), peak 30 mentions, 283 total across sampled files. Joe must verify the source and code severity/surprise before approval.",3,3,low,http://news.xinhuanet.com/english/2017-07/15/c_136445977.htm,country.iraq:location;commodity.brent:affected_market,candidate,gdelt,
reject,within 35d of existing event soleimani_strike_2020 (2020-01-03) - same episode,281,gdelt_x_irn_20200108,2020-01-08,day,sanctions,GDELT candidate: sanctions action involving Iran (2020-01-08),"AUTO-HARVESTED, UNVERIFIED. GDELT recorded a sanctions action (actors: Administration and Iran), peak 98 mentions, 281 total across sampled files. Joe must verify the source and code severity/surprise before approval.",3,3,low,https://www.wdrb.com/news/national/the-latest-lebanon-leader-hopes-tensions-won-t-spread-there/article_46ebdff5-65df-5b52-a029-4a791684c3c4.html,country.iran:location;commodity.brent:affected_market,candidate,gdelt,
reject,duplicate episode: within 35d of stronger candidate gdelt_x_rus_20201015 (2110 mentions),280,gdelt_rus_rus_20201015,2020-10-15,day,conflict_escalation,GDELT candidate: military clash / attack involving Russia / Russia (2020-10-15),"AUTO-HARVESTED, UNVERIFIED. GDELT recorded a military clash / attack (actors: Moscow and Russia), peak 120 mentions, 280 total across sampled files. Joe must verify the source and code severity/surprise before approval.",3,3,low,https://www.thelancasterandmorecambecitizen.co.uk/news/national/18796586.queen-visits-porton-first-public-engagement-outside-royal-residence/,country.russia:location;country.russia:location;commodity.brent:affected_market,candidate,gdelt,
reject,duplicate episode: within 35d of stronger candidate gdelt_x_lby_20140415 (1795 mentions),279,gdelt_rus_rus_20140415,2014-04-15,day,sanctions,GDELT candidate: sanctions action involving Russia / Russia (2014-04-15),"AUTO-HARVESTED, UNVERIFIED. GDELT recorded a sanctions action (actors: Russian and Russia), peak 43 mentions, 279 total across sampled files. Joe must verify the source and code severity/surprise before approval.",3,3,low,http://www.brudirect.com/0-world/world-europe/item/1672-ukraine-says-donetsk-anti-terror-operation-under-way,country.russia:location;country.russia:location;commodity.brent:affected_market,candidate,gdelt,
reject,duplicate episode: within 35d of stronger candidate gdelt_x_irn_20200715 (597 mentions),279,gdelt_sau_x_20200715,2020-07-15,day,conflict_escalation,GDELT candidate: military clash / attack involving Saudi Arabia (2020-07-15),"AUTO-HARVESTED, UNVERIFIED. GDELT recorded a military clash / attack (actors: Riyadh and Civilian), peak 120 mentions, 279 total across sampled files. Joe must verify the source and code severity/surprise before approval.",3,3,low,https://www.swissinfo.ch/eng/air-strikes-kill-civilians-in-yemen-s-al-jawf-province---residents/45905250,country.saudi_arabia:location;commodity.brent:affected_market,candidate,gdelt,
reject,duplicate episode: within 35d of stronger candidate gdelt_x_lby_20140415 (1795 mentions),278,gdelt_usa_rus_20140415,2014-04-15,day,sanctions,GDELT candidate: sanctions action involving Russia (2014-04-15),"AUTO-HARVESTED, UNVERIFIED. GDELT recorded a sanctions action (actors: United States and Russian), peak 36 mentions, 278 total across sampled files. Joe must verify the source and code severity/surprise before approval.",3,3,low,http://www.theedgemalaysia.com/index.php?option=com_content&task=view&id=285287&Itemid=79,country.russia:location;commodity.brent:affected_market,candidate,gdelt,
reject,duplicate episode: within 35d of stronger candidate gdelt_rus_ukr_20220415 (21455 mentions),278,gdelt_eur_rus_20220415,2022-04-15,day,conflict_escalation,GDELT candidate: military clash / attack involving Russia (2022-04-15),"AUTO-HARVESTED, UNVERIFIED. GDELT recorded a military clash / attack (actors: European and Russian), peak 184 mentions, 278 total across sampled files. Joe must verify the source and code severity/surprise before approval.",3,3,low,https://www.rigzone.com/news/europe_has_no_immediate_alternative_to_russia_gas_putin_says-15-apr-2022-168667-article/,country.russia:location;commodity.brent:affected_market,candidate,gdelt,
reject,duplicate episode: within 35d of stronger candidate gdelt_irq_x_20141015 (5152 mentions),277,gdelt_sau_usa_20141015,2014-10-15,day,conflict_escalation,GDELT candidate: military clash / attack involving Saudi Arabia (2014-10-15),"AUTO-HARVESTED, UNVERIFIED. GDELT recorded a military clash / attack (actors: Saudi and American), peak 31 mentions, 277 total across sampled files. Joe must verify the source and code severity/surprise before approval.",3,3,low,http://www.newkerala.com/news/2014/fullnews-114442.html,country.saudi_arabia:location;commodity.brent:affected_market,candidate,gdelt,
reject,duplicate episode: within 35d of stronger candidate gdelt_sau_qat_20170715 (1293 mentions),276,gdelt_ven_x_20170615,2017-06-15,day,conflict_escalation,GDELT candidate: military clash / attack involving Venezuela (2017-06-15),"AUTO-HARVESTED, UNVERIFIED. GDELT recorded a military clash / attack (actors: Venezuelan), peak 249 mentions, 276 total across sampled files. Joe must verify the source and code severity/surprise before approval.",3,3,low,http://www.therepublic.com/2017/07/14/lt-venezuela-jailed-american/,country.venezuela:location;commodity.brent:affected_market,candidate,gdelt,
reject,duplicate episode: within 35d of stronger candidate gdelt_irq_x_20150115 (785 mentions),275,gdelt_irn_x_20150115,2015-01-15,day,sanctions,GDELT candidate: sanctions action involving Iran (2015-01-15),"AUTO-HARVESTED, UNVERIFIED. GDELT recorded a sanctions action (actors: Iran), peak 130 mentions, 275 total across sampled files. Joe must verify the source and code severity/surprise before approval.",3,3,low,http://nation.com.pk/snippets/16-Jan-2015/iran-moves-to-combat-online-dating-sites,country.iran:location;commodity.brent:affected_market,candidate,gdelt,
reject,within 35d of existing event covid_pandemic_declared_2020 (2020-03-11) - same episode,275,gdelt_irn_x_20200415,2020-04-15,day,conflict_escalation,GDELT candidate: military clash / attack involving Iran (2020-04-15),"AUTO-HARVESTED, UNVERIFIED. GDELT recorded a military clash / attack (actors: Iran), peak 70 mentions, 275 total across sampled files. Joe must verify the source and code severity/surprise before approval.",3,3,low,https://www.timesofisrael.com/unifil-soldiers-break-up-short-standoff-between-idf-and-lebanese-troops/,country.iran:location;commodity.brent:affected_market,candidate,gdelt,
reject,duplicate episode: within 35d of stronger candidate gulf_of_oman_tanker_attacks_2019 (seed),265,gdelt_irn_x_20190715,2019-07-15,day,conflict_escalation,GDELT candidate: military clash / attack involving Iran (2019-07-15),"AUTO-HARVESTED, UNVERIFIED. GDELT recorded a military clash / attack (actors: Iran and Oil Tanker), peak 42 mentions, 265 total across sampled files. Joe must verify the source and code severity/surprise before approval.",3,3,low,http://www.swissinfo.ch/eng/britain-sees--small-window--to-save-nuclear-deal--iran-presses-europe-to-act-/45096734,country.iran:location;commodity.brent:affected_market,candidate,gdelt,
reject,duplicate episode: within 35d of stronger candidate iran_strikes_israel_apr_2024 (seed),265,gdelt_irq_x_20240415,2024-04-15,day,conflict_escalation,GDELT candidate: military clash / attack involving Iraq (2024-04-15),"AUTO-HARVESTED, UNVERIFIED. GDELT recorded a military clash / attack (actors: Iraq and President), peak 40 mentions, 265 total across sampled files. Joe must verify the source and code severity/surprise before approval.",3,3,low,https://www.hindustantimes.com/world-news/israel-iran-news-live-updates-iran-launches-drones-missiles-attack-on-israel-latest-news-today-april-15-101713141635416.html,country.iraq:location;commodity.brent:affected_market,candidate,gdelt,
reject,duplicate episode: within 35d of stronger candidate gdelt_irq_x_20170115 (1967 mentions),263,gdelt_rus_ukr_20170115,2017-01-15,day,conflict_escalation,GDELT candidate: military clash / attack involving Russia (2017-01-15),"AUTO-HARVESTED, UNVERIFIED. GDELT recorded a military clash / attack (actors: Russia and Crimea), peak 128 mentions, 263 total across sampled files. Joe must verify the source and code severity/surprise before approval.",3,3,low,http://www.dailymail.co.uk/wires/ap/article-4122080/Russia-US-ties-hard-mend-interests-differ-sharply.html,country.russia:location;commodity.brent:affected_market,candidate,gdelt,
reject,duplicate episode: within 35d of stronger candidate gdelt_lby_x_20140715 (2020 mentions),261,gdelt_usa_rus_20140715,2014-07-15,day,sanctions,GDELT candidate: sanctions action involving Russia (2014-07-15),"AUTO-HARVESTED, UNVERIFIED. GDELT recorded a sanctions action (actors: Boston and Russia), peak 46 mentions, 261 total across sampled files. Joe must verify the source and code severity/surprise before approval.",3,3,low,http://www.ndtv.com/article/world/eu-may-impose-new-ukraine-sanctions-will-fall-short-of-us-wishes-559305,country.russia:location;commodity.brent:affected_market,candidate,gdelt,
reject,duplicate episode: within 35d of stronger candidate gdelt_lby_usa_20160115 (3400 mentions),261,gdelt_syr_irq_20160115,2016-01-15,day,conflict_escalation,GDELT candidate: military clash / attack involving Iraq (2016-01-15),"AUTO-HARVESTED, UNVERIFIED. GDELT recorded a military clash / attack (actors: Syria and Iraq), peak 32 mentions, 261 total across sampled files. Joe must verify the source and code severity/surprise before approval.",3,3,low,http://humanitariannews.org/20160115/syrian-arab-republic-eight-more-civilians-killed-2015-anti-strikes-us,country.iraq:location;commodity.brent:affected_market,candidate,gdelt,
reject,duplicate episode: within 35d of stronger candidate gdelt_rus_x_20220715 (3958 mentions),261,gdelt_x_rus_20220715,2022-07-15,day,conflict_escalation,GDELT candidate: military clash / attack involving Russia (2022-07-15),"AUTO-HARVESTED, UNVERIFIED. GDELT recorded a military clash / attack (actors: Chechen and Russian), peak 35 mentions, 261 total across sampled files. Joe must verify the source and code severity/surprise before approval.",3,3,low,https://www.rferl.org/a/russia-activist-artwork-women-bodies-pornography/31944991.html,country.russia:location;commodity.brent:affected_market,candidate,gdelt,
reject,duplicate episode: within 35d of stronger candidate gdelt_irq_x_20170115 (1967 mentions),260,gdelt_x_kwt_20170115,2017-01-15,day,conflict_escalation,GDELT candidate: military clash / attack involving Kuwait (2017-01-15),"AUTO-HARVESTED, UNVERIFIED. GDELT recorded a military clash / attack (actors: United Nations and Kuwaiti), peak 240 mentions, 260 total across sampled files. Joe must verify the source and code severity/surprise before approval.",3,3,low,http://www.pe.com/articles/died-823209-army-serving.html,country.kuwait:location;commodity.brent:affected_market,candidate,gdelt,
reject,duplicate episode: within 35d of stronger candidate saudi_intervention_yemen_2015 (seed),259,gdelt_irn_irq_20150415,2015-04-15,day,conflict_escalation,GDELT candidate: military clash / attack involving Iran / Iraq (2015-04-15),"AUTO-HARVESTED, UNVERIFIED. GDELT recorded a military clash / attack (actors: Iran and Iraq), peak 192 mentions, 259 total across sampled files. Joe must verify the source and code severity/surprise before approval.",3,3,low,http://www.newser.com/article/2e89d7f95ded40efbafa7403fe7ec04b/iraqi-prime-minister-says-counteroffensive-will-focus-next-on-anbar-province-and-town-of-beiji.html,country.iran:location;country.iraq:location;commodity.brent:affected_market,candidate,gdelt,
reject,duplicate episode: within 35d of stronger candidate gdelt_x_rus_20210715 (338 mentions),259,gdelt_rus_x_20210715,2021-07-15,day,conflict_escalation,GDELT candidate: military clash / attack involving Russia (2021-07-15),"AUTO-HARVESTED, UNVERIFIED. GDELT recorded a military clash / attack (actors: Russia and Company), peak 40 mentions, 259 total across sampled files. Joe must verify the source and code severity/surprise before approval.",3,3,low,https://www.rbth.com/history/334006-executioners-russia,country.russia:location;commodity.brent:affected_market,candidate,gdelt,
reject,duplicate episode: within 35d of stronger candidate gdelt_x_irn_20200715 (597 mentions),258,gdelt_usa_irq_20200715,2020-07-15,day,conflict_escalation,GDELT candidate: military clash / attack involving Iraq (2020-07-15),"AUTO-HARVESTED, UNVERIFIED. GDELT recorded a military clash / attack (actors: United States and Iraq), peak 116 mentions, 258 total across sampled files. Joe must verify the source and code severity/surprise before approval.",3,3,low,https://www.wmra.org/post/senator-lifts-hold-military-promotions-after-assurances-impeachment-witness,country.iraq:location;commodity.brent:affected_market,candidate,gdelt,
reject,duplicate episode: within 35d of stronger candidate gdelt_rus_x_20220115 (423 mentions),258,gdelt_x_irn_20220115,2022-01-15,day,sanctions,GDELT candidate: sanctions action involving Iran (2022-01-15),"AUTO-HARVESTED, UNVERIFIED. GDELT recorded a sanctions action (actors: United Nations and Iran), peak 60 mentions, 258 total across sampled files. Joe must verify the source and code severity/surprise before approval.",3,3,low,https://www.jpost.com/middle-east/iran-news/article-728560,country.iran:location;commodity.brent:affected_market,candidate,gdelt,
reject,duplicate episode: within 35d of stronger candidate gdelt_irn_x_20150715 (6084 mentions),257,gdelt_lby_x_20150715,2015-07-15,day,conflict_escalation,GDELT candidate: military clash / attack involving Libya (2015-07-15),"AUTO-HARVESTED, UNVERIFIED. GDELT recorded a military clash / attack (actors: Libya), peak 102 mentions, 257 total across sampled files. Joe must verify the source and code severity/surprise before approval.",3,3,low,https://uk.news.yahoo.com/libya-blames-u-n-council-hampering-bid-fight-161632791.html,country.libya:location;commodity.brent:affected_market,candidate,gdelt,
reject,within 35d of existing event abqaiq_attack_2019 (2019-09-14) - same episode,257,gdelt_irn_sau_20191015,2019-10-15,day,conflict_escalation,GDELT candidate: military clash / attack involving Iran / Saudi Arabia (2019-10-15),"AUTO-HARVESTED, UNVERIFIED. GDELT recorded a military clash / attack (actors: Iran and Saudi Arabia), peak 150 mentions, 257 total across sampled files. Joe must verify the source and code severity/surprise before approval.",3,3,low,https://apnews.com/715ee2cd25634f3283512e771d8c4357,country.iran:location;country.saudi_arabia:location;commodity.brent:affected_market,candidate,gdelt,
reject,duplicate episode: within 35d of stronger candidate gdelt_rus_x_20151015 (4926 mentions),256,gdelt_sau_x_20151015,2015-10-15,day,conflict_escalation,GDELT candidate: military clash / attack involving Saudi Arabia (2015-10-15),"AUTO-HARVESTED, UNVERIFIED. GDELT recorded a military clash / attack (actors: Medina), peak 43 mentions, 256 total across sampled files. Joe must verify the source and code severity/surprise before approval.",3,3,low,http://www.almanar.com.lb/english/adetails.php?eid=234265&frid=23&seccatid=31&cid=23&fromval=1,country.saudi_arabia:location;commodity.brent:affected_market,candidate,gdelt,
reject,duplicate episode: within 35d of stronger candidate gdelt_usa_irn_20260415 (1590 mentions),256,gdelt_irn_irn_20260415,2026-04-15,day,conflict_escalation,GDELT candidate: military clash / attack involving Iran / Iran (2026-04-15),"AUTO-HARVESTED, UNVERIFIED. GDELT recorded a military clash / attack (actors: Iran and Iran), peak 126 mentions, 256 total across sampled files. Joe must verify the source and code severity/surprise before approval.",3,3,low,https://www.winnipegfreepress.com/business/2026/04/15/from-dropping-bombs-to-pressuring-banks-u-s-pivots-to-economic-warfare-on-iran,country.iran:location;country.iran:location;commodity.brent:affected_market,candidate,gdelt,
reject,duplicate episode: within 35d of stronger candidate gdelt_irq_x_20150115 (785 mentions),255,gdelt_irq_usa_20150115,2015-01-15,day,conflict_escalation,GDELT candidate: military clash / attack involving Iraq (2015-01-15),"AUTO-HARVESTED, UNVERIFIED. GDELT recorded a military clash / attack (actors: Iraq and United States), peak 80 mentions, 255 total across sampled files. Joe must verify the source and code severity/surprise before approval.",3,3,low,http://www.almanar.com.lb/english/adetails.php?fromval=1&cid=23&frid=23&eid=190683&c=kU826Iz9I_5nfcgnyTFutJOaaRhnYFxxZG0MnNIwyDg&mkt=en-us,country.iraq:location;commodity.brent:affected_market,candidate,gdelt,
reject,duplicate episode: within 35d of stronger candidate gdelt_x_sau_20160715 (1217 mentions),255,gdelt_lby_x_20160715,2016-07-15,day,conflict_escalation,GDELT candidate: military clash / attack involving Libya (2016-07-15),"AUTO-HARVESTED, UNVERIFIED. GDELT recorded a military clash / attack (actors: Libyan and Presidential Palace), peak 62 mentions, 255 total across sampled files. Joe must verify the source and code severity/surprise before approval.",3,3,low,http://news.iafrica.com/worldnews/1031705.html,country.libya:location;commodity.brent:affected_market,candidate,gdelt,
reject,duplicate episode: within 35d of stronger candidate gdelt_rus_syr_20160415 (1112 mentions),254,gdelt_sau_x_20160415,2016-04-15,day,conflict_escalation,GDELT candidate: military clash / attack involving Saudi Arabia (2016-04-15),"AUTO-HARVESTED, UNVERIFIED. GDELT recorded a military clash / attack (actors: Saudi and Shiite), peak 40 mentions, 254 total across sampled files. Joe must verify the source and code severity/surprise before approval.",3,3,low,http://www.elpasoinc.com/news/wire/international/article_3277104d-4ec3-5b13-8d4b-145c5288e417.html,country.saudi_arabia:location;commodity.brent:affected_market,candidate,gdelt,
reject,duplicate episode: within 35d of stronger candidate gdelt_irq_x_20170115 (1967 mentions),254,gdelt_ukr_rus_20170115,2017-01-15,day,sanctions,GDELT candidate: sanctions action involving Russia (2017-01-15),"AUTO-HARVESTED, UNVERIFIED. GDELT recorded a sanctions action (actors: Crimea and Russia), peak 128 mentions, 254 total across sampled files. Joe must verify the source and code severity/surprise before approval.",3,3,low,http://www.dailymail.co.uk/wires/ap/article-4122080/Russia-US-ties-hard-mend-interests-differ-sharply.html,country.russia:location;commodity.brent:affected_market,candidate,gdelt,
reject,duplicate episode: within 35d of stronger candidate gdelt_sau_qat_20170715 (1293 mentions),252,gdelt_x_rus_20170715,2017-07-15,day,sanctions,GDELT candidate: sanctions action involving Russia (2017-07-15),"AUTO-HARVESTED, UNVERIFIED. GDELT recorded a sanctions action (actors: Russia), peak 52 mentions, 252 total across sampled files. Joe must verify the source and code severity/surprise before approval.",3,3,low,http://www.leaderpost.com/news/world/russian+american+lobbyist+present+trump+meeting+with+kremlin/13716309/story.html,country.russia:location;commodity.brent:affected_market,candidate,gdelt,
reject,duplicate episode: within 35d of stronger candidate gdelt_x_irq_20161015 (5849 mentions),251,gdelt_yem_sau_20161015,2016-10-15,day,conflict_escalation,GDELT candidate: military clash / attack involving Saudi Arabia (2016-10-15),"AUTO-HARVESTED, UNVERIFIED. GDELT recorded a military clash / attack (actors: Sanaa and Saudi), peak 40 mentions, 251 total across sampled files. Joe must verify the source and code severity/surprise before approval.",3,3,low,http://capeandislands.org/post/us-involvement-yemen-war-just-got-deeper,country.saudi_arabia:location;commodity.brent:affected_market,candidate,gdelt,
reject,duplicate episode: within 35d of stronger candidate gdelt_irn_x_20150715 (6084 mentions),250,gdelt_jpn_irn_20150715,2015-07-15,day,sanctions,GDELT candidate: sanctions action involving Iran (2015-07-15),"AUTO-HARVESTED, UNVERIFIED. GDELT recorded a sanctions action (actors: Japan and Iran), peak 178 mentions, 250 total across sampled files. Joe must verify the source and code severity/surprise before approval.",3,3,low,http://www.business-standard.com/article/pti-stories/india-japan-paid-economic-price-for-sanctions-on-iran-rice-115071500442_1.html,country.iran:location;commodity.brent:affected_market,candidate,gdelt,
reject,duplicate episode: within 35d of stronger candidate gdelt_ukr_irn_20251015 (820 mentions),248,gdelt_x_rus_20251015,2025-10-15,day,conflict_escalation,GDELT candidate: military clash / attack involving Russia (2025-10-15),"AUTO-HARVESTED, UNVERIFIED. GDELT recorded a military clash / attack (actors: Civilian and Russia), peak 96 mentions, 248 total across sampled files. Joe must verify the source and code severity/surprise before approval.",3,3,low,https://www.yahoo.com/news/articles/syrian-leader-seeks-reset-russia-124619533.html,country.russia:location;commodity.brent:affected_market,candidate,gdelt,
reject,duplicate episode: within 35d of stronger candidate gdelt_x_ven_20260115 (3589 mentions),248,gdelt_ven_usa_20260115,2026-01-15,day,conflict_escalation,GDELT candidate: military clash / attack involving Venezuela (2026-01-15),"AUTO-HARVESTED, UNVERIFIED. GDELT recorded a military clash / attack (actors: Venezuela and United States), peak 34 mentions, 248 total across sampled files. Joe must verify the source and code severity/surprise before approval.",3,3,low,https://timesofindia.indiatimes.com/world/us/illegal-alien-another-immigration-shooting-in-minneapolis-ice-agent-shoots-venezuelan-man/articleshow/126539006.cms,country.venezuela:location;commodity.brent:affected_market,candidate,gdelt,
reject,duplicate episode: within 35d of stronger candidate gdelt_irq_x_20150115 (785 mentions),246,gdelt_sau_x_20150115,2015-01-15,day,conflict_escalation,GDELT candidate: military clash / attack involving Saudi Arabia (2015-01-15),"AUTO-HARVESTED, UNVERIFIED. GDELT recorded a military clash / attack (actors: Saudi Arabia), peak 60 mentions, 246 total across sampled files. Joe must verify the source and code severity/surprise before approval.",3,3,low,http://theweek.com/speedreads/533890/isis-starting-tv-channel,country.saudi_arabia:location;commodity.brent:affected_market,candidate,gdelt,
reject,duplicate episode: within 35d of stronger candidate gdelt_x_irq_20130715 (1191 mentions),245,gdelt_x_rus_20130715,2013-07-15,day,conflict_escalation,GDELT candidate: military clash / attack involving Russia (2013-07-15),"AUTO-HARVESTED, UNVERIFIED. GDELT recorded a military clash / attack (actors: Moscow), peak 30 mentions, 245 total across sampled files. Joe must verify the source and code severity/surprise before approval.",3,3,low,http://english.ruvr.ru/news/2013_07_15/228037521/,country.russia:location;commodity.brent:affected_market,candidate,gdelt,
reject,within 35d of existing event soleimani_strike_2020 (2020-01-03) - same episode,245,gdelt_isr_irn_20200115,2020-01-15,day,conflict_escalation,GDELT candidate: military clash / attack involving Iran (2020-01-15),"AUTO-HARVESTED, UNVERIFIED. GDELT recorded a military clash / attack (actors: Israel and Iranian), peak 92 mentions, 245 total across sampled files. Joe must verify the source and code severity/surprise before approval.",3,3,low,http://www.jordantimes.com/opinion/osama-al-sharif/us-lack-strategy-has-been-boon-putin-region,country.iran:location;commodity.brent:affected_market,candidate,gdelt,
reject,duplicate episode: within 35d of stronger candidate gdelt_irq_x_20141015 (5152 mentions),243,gdelt_syr_irq_20141015,2014-10-15,day,conflict_escalation,GDELT candidate: military clash / attack involving Iraq (2014-10-15),"AUTO-HARVESTED, UNVERIFIED. GDELT recorded a military clash / attack (actors: Syria and Iraq), peak 84 mentions, 243 total across sampled files. Joe must verify the source and code severity/surprise before approval.",3,3,low,http://www.niagara-gazette.com/cnhi_network/article_030bc48d-fea1-59e2-baa0-9b7ed8abf3d5.html,country.iraq:location;commodity.brent:affected_market,candidate,gdelt,
reject,duplicate episode: within 35d of stronger candidate gdelt_irq_x_20180715 (904 mentions),243,gdelt_usa_rus_20180715,2018-07-15,day,conflict_escalation,GDELT candidate: military clash / attack involving Russia (2018-07-15),"AUTO-HARVESTED, UNVERIFIED. GDELT recorded a military clash / attack (actors: United States and Russia), peak 158 mentions, 243 total across sampled files. Joe must verify the source and code severity/surprise before approval.",3,3,low,http://www.wmac-am.com/news/12-russians-indicted-in-mueller-investigation-8/,country.russia:location;commodity.brent:affected_market,candidate,gdelt,
reject,duplicate episode: within 35d of stronger candidate gdelt_x_rus_20201015 (2110 mentions),243,gdelt_gbr_rus_20201015,2020-10-15,day,conflict_escalation,GDELT candidate: military clash / attack involving Russia (2020-10-15),"AUTO-HARVESTED, UNVERIFIED. GDELT recorded a military clash / attack (actors: Theresa May and Russia), peak 96 mentions, 243 total across sampled files. Joe must verify the source and code severity/surprise before approval.",3,3,low,https://www.theglobeandmail.com/world/article-eu-and-britain-impose-sanctions-on-six-russians-over-poisoning-of/,country.russia:location;commodity.brent:affected_market,candidate,gdelt,
reject,within 35d of existing event nord_stream_sabotage_2022 (2022-09-26) - same episode,242,gdelt_usa_irn_20221015,2022-10-15,day,sanctions,GDELT candidate: sanctions action involving Iran (2022-10-15),"AUTO-HARVESTED, UNVERIFIED. GDELT recorded a sanctions action (actors: The Us and Iran), peak 128 mentions, 242 total across sampled files. Joe must verify the source and code severity/surprise before approval.",3,3,low,https://www.devdiscourse.com/article/law-order/2215042-timeline-events-in-iran-since-mahsa-aminis-arrest-and-death-in-custody,country.iran:location;commodity.brent:affected_market,candidate,gdelt,
reject,within 35d of existing event opec_surprise_cut_2023 (2023-04-02) - same episode,242,gdelt_x_rus_20230415,2023-04-15,day,conflict_escalation,GDELT candidate: military clash / attack involving Russia (2023-04-15),"AUTO-HARVESTED, UNVERIFIED. GDELT recorded a military clash / attack (actors: Intelligence and Russia), peak 47 mentions, 242 total across sampled files. Joe must verify the source and code severity/surprise before approval.",3,3,low,https://www.hindustantimes.com/world-news/ukraine-pulls-back-in-bakhmut-as-moscow-launches-new-push-101681519203952.html,country.russia:location;commodity.brent:affected_market,candidate,gdelt,
reject,"outside usable price window (need 130d before & 20d after; have 9928 before, 4 on/after)",242,gdelt_usa_irn_20260708,2026-07-08,day,conflict_escalation,GDELT candidate: military clash / attack involving Iran (2026-07-08),"AUTO-HARVESTED, UNVERIFIED. GDELT recorded a military clash / attack (actors: United States and Iran), peak 180 mentions, 242 total across sampled files. Joe must verify the source and code severity/surprise before approval.",3,3,low,https://www.dailyadvertiser.com.au/story/9311609/us-launches-strikes-as-iran-warns-of-existential-war/,country.iran:location;commodity.brent:affected_market,candidate,gdelt,
reject,duplicate episode: within 35d of stronger candidate gdelt_irq_x_20150115 (785 mentions),241,gdelt_x_irn_20150115,2015-01-15,day,sanctions,GDELT candidate: sanctions action involving Iran (2015-01-15),"AUTO-HARVESTED, UNVERIFIED. GDELT recorded a sanctions action (actors: Iran), peak 60 mentions, 241 total across sampled files. Joe must verify the source and code severity/surprise before approval.",3,3,low,http://www.msn.com/en-us/money/markets/america-is-open-for-business-in-iraq-psst-wanna-buy-an-m1-tank/ar-AA8cr6s,country.iran:location;commodity.brent:affected_market,candidate,gdelt,
reject,duplicate episode: within 35d of stronger candidate gdelt_rus_x_20151015 (4926 mentions),240,gdelt_eur_sau_20151015,2015-10-15,day,conflict_escalation,GDELT candidate: military clash / attack involving Saudi Arabia (2015-10-15),"AUTO-HARVESTED, UNVERIFIED. GDELT recorded a military clash / attack (actors: European and Saudi Arabia), peak 196 mentions, 240 total across sampled files. Joe must verify the source and code severity/surprise before approval.",3,3,low,https://uk.news.yahoo.com/saudi-arabia-targets-russia-battle-european-oil-market-060745769--finance.html,country.saudi_arabia:location;commodity.brent:affected_market,candidate,gdelt,
reject,duplicate episode: within 35d of stronger candidate gdelt_x_irq_20161015 (5849 mentions),240,gdelt_sau_omn_20161008,2016-10-08,day,conflict_escalation,GDELT candidate: military clash / attack involving Saudi Arabia (2016-10-08),"AUTO-HARVESTED, UNVERIFIED. GDELT recorded a military clash / attack (actors: Saudi and Oman), peak 196 mentions, 240 total across sampled files. Joe must verify the source and code severity/surprise before approval.",3,3,low,http://cenlamagicfm.com/abc-news-world/61bad047eedbd774836d43785e112b5f,country.saudi_arabia:location;commodity.brent:affected_market,candidate,gdelt,
reject,duplicate episode: within 35d of stronger candidate gdelt_x_sau_20160715 (1217 mentions),238,gdelt_x_irn_20160715,2016-07-15,day,sanctions,GDELT candidate: sanctions action involving Iran (2016-07-15),"AUTO-HARVESTED, UNVERIFIED. GDELT recorded a sanctions action (actors: Iran), peak 175 mentions, 238 total across sampled files. Joe must verify the source and code severity/surprise before approval.",3,3,low,http://www.newcanaannewsonline.com/news/politics/article/Congress-leaves-Washington-its-dysfunction-on-8378588.php,country.iran:location;commodity.brent:affected_market,candidate,gdelt,
reject,duplicate episode: within 35d of stronger candidate gdelt_irq_x_20180115 (1888 mentions),238,gdelt_usa_rus_20180115,2018-01-15,day,conflict_escalation,GDELT candidate: military clash / attack involving Russia (2018-01-15),"AUTO-HARVESTED, UNVERIFIED. GDELT recorded a military clash / attack (actors: United States and Russia), peak 26 mentions, 238 total across sampled files. Joe must verify the source and code severity/surprise before approval.",3,3,low,http://www.kyma.com/news/politics/flake-expected-to-deliver-floor-speech-condemning-trumps-attacks-on-media/685728365,country.russia:location;commodity.brent:affected_market,candidate,gdelt,
reject,within 35d of existing event nord_stream_sabotage_2022 (2022-09-26) - same episode,238,gdelt_sau_isr_20221015,2022-10-15,day,conflict_escalation,GDELT candidate: military clash / attack involving Saudi Arabia (2022-10-15),"AUTO-HARVESTED, UNVERIFIED. GDELT recorded a military clash / attack (actors: Abdullah and Israel), peak 222 mentions, 238 total across sampled files. Joe must verify the source and code severity/surprise before approval.",3,3,low,https://www.voanews.com/a/palestinians-killed-in-west-bank-raids-said-to-be-militants-/6790951.html,country.saudi_arabia:location;commodity.brent:affected_market,candidate,gdelt,
reject,duplicate episode: within 35d of stronger candidate iran_strikes_israel_oct_2024 (seed),236,gdelt_x_rus_20241015,2024-10-15,day,conflict_escalation,GDELT candidate: military clash / attack involving Russia (2024-10-15),"AUTO-HARVESTED, UNVERIFIED. GDELT recorded a military clash / attack (actors: Scottish and Russian), peak 49 mentions, 236 total across sampled files. Joe must verify the source and code severity/surprise before approval.",3,3,low,https://www.telegraph.co.uk/us/news/2024/10/14/us-expands-nato-base-storing-nuclear-bombers-hungary/,country.russia:location;commodity.brent:affected_market,candidate,gdelt,
reject,duplicate episode: within 35d of stronger candidate gdelt_rus_x_20230715 (3310 mentions),233,gdelt_irq_x_20230715,2023-07-15,day,conflict_escalation,GDELT candidate: military clash / attack involving Iraq (2023-07-15),"AUTO-HARVESTED, UNVERIFIED. GDELT recorded a military clash / attack (actors: Iraq), peak 208 mentions, 233 total across sampled files. Joe must verify the source and code severity/surprise before approval.",3,3,low,https://www.voanews.com/a/is-recruiter-sentenced-in-new-york-court-to-life-in-prison-/7181916.html,country.iraq:location;commodity.brent:affected_market,candidate,gdelt,
reject,duplicate episode: within 35d of stronger candidate gdelt_irq_x_20180715 (904 mentions),232,gdelt_irq_gtm_20180715,2018-07-15,day,conflict_escalation,GDELT candidate: military clash / attack involving Iraq (2018-07-15),"AUTO-HARVESTED, UNVERIFIED. GDELT recorded a military clash / attack (actors: Iraq and Guatemalan), peak 174 mentions, 232 total across sampled files. Joe must verify the source and code severity/surprise before approval.",3,3,low,https://www.stamfordadvocate.com/news/politics/article/AP-Explains-Immigrants-in-US-military-throughout-13076736.php,country.iraq:location;commodity.brent:affected_market,candidate,gdelt,
reject,within 35d of existing event covid_pandemic_declared_2020 (2020-03-11) - same episode,232,gdelt_x_irn_20200415,2020-04-15,day,conflict_escalation,GDELT candidate: military clash / attack involving Iran (2020-04-15),"AUTO-HARVESTED, UNVERIFIED. GDELT recorded a military clash / attack (actors: Foreign Minist and Iran), peak 93 mentions, 232 total across sampled files. Joe must verify the source and code severity/surprise before approval.",3,3,low,https://nationalinterest.org/blog/buzz/irans-attacks-persian-gulf-shipping-could-easily-lead-war-144407,country.iran:location;commodity.brent:affected_market,candidate,gdelt,
reject,duplicate episode: within 35d of stronger candidate gdelt_irq_x_20150115 (785 mentions),231,gdelt_lby_x_20150115,2015-01-15,day,conflict_escalation,GDELT candidate: military clash / attack involving Libya (2015-01-15),"AUTO-HARVESTED, UNVERIFIED. GDELT recorded a military clash / attack (actors: Libya), peak 100 mentions, 231 total across sampled files. Joe must verify the source and code severity/surprise before approval.",3,3,low,http://www.worldbulletin.net/world/153045/libya-warplane-attacked-trawler-carrying-gasoline-to-benghazi,country.libya:location;commodity.brent:affected_market,candidate,gdelt,
reject,duplicate episode: within 35d of stronger candidate gdelt_rus_x_20211015 (432 mentions),231,gdelt_x_rus_20211015,2021-10-15,day,conflict_escalation,GDELT candidate: military clash / attack involving Russia (2021-10-15),"AUTO-HARVESTED, UNVERIFIED. GDELT recorded a military clash / attack (actors: Senator and Russia), peak 110 mentions, 231 total across sampled files. Joe must verify the source and code severity/surprise before approval.",3,3,low,https://hallelujah1600.iheart.com/content/2021-10-15-florida-site-set-to-become-states-first-landmark-museum-for-black-history/,country.russia:location;commodity.brent:affected_market,candidate,gdelt,
reject,duplicate episode: within 35d of stronger candidate gdelt_x_lby_20131015 (1056 mentions),230,gdelt_sau_usa_20131015,2013-10-15,day,conflict_escalation,GDELT candidate: military clash / attack involving Saudi Arabia (2013-10-15),"AUTO-HARVESTED, UNVERIFIED. GDELT recorded a military clash / attack (actors: Saudi and Nevada), peak 42 mentions, 230 total across sampled files. Joe must verify the source and code severity/surprise before approval.",3,3,low,http://www.winknews.com/Local-Florida/2013-10-15/Bail-hearing-for-Fla-man-in-Facebook-slaying,country.saudi_arabia:location;commodity.brent:affected_market,candidate,gdelt,
reject,duplicate episode: within 35d of stronger candidate gdelt_usa_irn_20260415 (1590 mentions),230,gdelt_irn_pgs_20260415,2026-04-15,day,conflict_escalation,GDELT candidate: military clash / attack involving Iran (2026-04-15),"AUTO-HARVESTED, UNVERIFIED. GDELT recorded a military clash / attack (actors: Iran and Persian Gulf), peak 96 mentions, 230 total across sampled files. Joe must verify the source and code severity/surprise before approval.",3,3,low,"http://www.theitem.com/stories/diplomats-try-to-arrange-second-round-of-us-iran-talks-during-first-full-day-of-american-blockade,441833",country.iran:location;commodity.brent:affected_market,candidate,gdelt,
reject,duplicate episode: within 35d of stronger candidate gdelt_lby_usa_20160115 (3400 mentions),229,gdelt_x_lby_20160115,2016-01-15,day,conflict_escalation,GDELT candidate: military clash / attack involving Libya (2016-01-15),"AUTO-HARVESTED, UNVERIFIED. GDELT recorded a military clash / attack (actors: Libya), peak 48 mentions, 229 total across sampled files. Joe must verify the source and code severity/surprise before approval.",3,3,low,http://marblehead.wickedlocal.com/article/20160115/NEWS/160117121,country.libya:location;commodity.brent:affected_market,candidate,gdelt,
reject,duplicate episode: within 35d of stronger candidate gdelt_lby_x_20140715 (2020 mentions),228,gdelt_rus_rus_20140715,2014-07-15,day,conflict_escalation,GDELT candidate: military clash / attack involving Russia / Russia (2014-07-15),"AUTO-HARVESTED, UNVERIFIED. GDELT recorded a military clash / attack (actors: Russian and Russia), peak 84 mentions, 228 total across sampled files. Joe must verify the source and code severity/surprise before approval.",3,3,low,http://tbo.com/ap/world/airstrike-in-eastern-ukraine-kills--civilians-ap_world82419be2cd534d4383aa63ef67c66d0b,country.russia:location;country.russia:location;commodity.brent:affected_market,candidate,gdelt,
reject,duplicate episode: within 35d of stronger candidate gdelt_irq_x_20180715 (904 mentions),227,gdelt_x_irn_20180715,2018-07-15,day,conflict_escalation,GDELT candidate: military clash / attack involving Iran (2018-07-15),"AUTO-HARVESTED, UNVERIFIED. GDELT recorded a military clash / attack (actors: Terrorist and Iran), peak 120 mentions, 227 total across sampled files. Joe must verify the source and code severity/surprise before approval.",3,3,low,http://www.dailymail.co.uk/wires/afp/article-5955797/Dozens-wounded-south-Iraq-protesters-clash-police.html,country.iran:location;commodity.brent:affected_market,candidate,gdelt,
reject,duplicate episode: within 35d of stronger candidate gdelt_lby_usa_20160115 (3400 mentions),226,gdelt_rus_egy_20160115,2016-01-15,day,conflict_escalation,GDELT candidate: military clash / attack involving Russia (2016-01-15),"AUTO-HARVESTED, UNVERIFIED. GDELT recorded a military clash / attack (actors: Russian and Egypt), peak 155 mentions, 226 total across sampled files. Joe must verify the source and code severity/surprise before approval.",3,3,low,http://www.sandiegouniontribune.com/news/2016/jan/14/egypt-unveils-rare-whale-fossil-museum-to-boost/,country.russia:location;commodity.brent:affected_market,candidate,gdelt,
reject,duplicate episode: within 35d of stronger candidate gdelt_lby_usa_20160115 (3400 mentions),226,gdelt_irq_irq_20160115,2016-01-15,day,conflict_escalation,GDELT candidate: military clash / attack involving Iraq / Iraq (2016-01-15),"AUTO-HARVESTED, UNVERIFIED. GDELT recorded a military clash / attack (actors: Iraq and Iraq), peak 112 mentions, 226 total across sampled files. Joe must verify the source and code severity/surprise before approval.",3,3,low,http://news.yahoo.com/iraqs-top-shiite-cleric-condemns-diyala-violence-123738480.html,country.iraq:location;country.iraq:location;commodity.brent:affected_market,candidate,gdelt,
reject,duplicate episode: within 35d of stronger candidate gdelt_x_irq_20161015 (5849 mentions),226,gdelt_sau_x_20161015,2016-10-15,day,conflict_escalation,GDELT candidate: military clash / attack involving Saudi Arabia (2016-10-15),"AUTO-HARVESTED, UNVERIFIED. GDELT recorded a military clash / attack (actors: Saudi and Islam), peak 30 mentions, 226 total across sampled files. Joe must verify the source and code severity/surprise before approval.",3,3,low,http://en.farsnews.com/newstext.aspx?nn=13950724001030,country.saudi_arabia:location;commodity.brent:affected_market,candidate,gdelt,
reject,within 35d of existing event suez_ever_given_2021 (2021-03-23) - same episode,226,gdelt_x_irn_20210415,2021-04-15,day,sanctions,GDELT candidate: sanctions action involving Iran (2021-04-15),"AUTO-HARVESTED, UNVERIFIED. GDELT recorded a sanctions action (actors: Iran), peak 48 mentions, 226 total across sampled files. Joe must verify the source and code severity/surprise before approval.",3,3,low,https://hamodia.com/2021/04/15/explosives-laden-drone-targets-u-s-forces-iraqs-erbil-airport/,country.iran:location;commodity.brent:affected_market,candidate,gdelt,
reject,duplicate episode: within 35d of stronger candidate gdelt_sau_qat_20170715 (1293 mentions),225,gdelt_x_sau_20170715,2017-07-15,day,sanctions,GDELT candidate: sanctions action involving Saudi Arabia (2017-07-15),"AUTO-HARVESTED, UNVERIFIED. GDELT recorded a sanctions action (actors: Senate and Saudi Arabia), peak 30 mentions, 225 total across sampled files. Joe must verify the source and code severity/surprise before approval.",3,3,low,http://presstv.ir/Detail/2017/07/15/528526/US-UK-Saudi-Reprieve-execution,country.saudi_arabia:location;commodity.brent:affected_market,candidate,gdelt,
reject,within 35d of existing event soleimani_strike_2020 (2020-01-03) - same episode,225,gdelt_rus_syr_20200115,2020-01-15,day,conflict_escalation,GDELT candidate: military clash / attack involving Russia (2020-01-15),"AUTO-HARVESTED, UNVERIFIED. GDELT recorded a military clash / attack (actors: Russian and Syria), peak 72 mentions, 225 total across sampled files. Joe must verify the source and code severity/surprise before approval.",3,3,low,https://www.msn.com/en-us/news/world/how-putin-was-thrown-off-course-by-a-furious-libyan-general/ar-BBYXQ3W,country.russia:location;commodity.brent:affected_market,candidate,gdelt,
reject,duplicate episode: within 35d of stronger candidate gdelt_rus_x_20211015 (432 mentions),225,gdelt_rus_rus_20211015,2021-10-15,day,conflict_escalation,GDELT candidate: military clash / attack involving Russia / Russia (2021-10-15),"AUTO-HARVESTED, UNVERIFIED. GDELT recorded a military clash / attack (actors: Russian and Russian), peak 198 mentions, 225 total across sampled files. Joe must verify the source and code severity/surprise before approval.",3,3,low,https://www.milfordmirror.com/business/article/The-Latest-Hungary-reports-5-month-high-in-new-16531991.php,country.russia:location;country.russia:location;commodity.brent:affected_market,candidate,gdelt,
reject,duplicate episode: within 35d of stronger candidate gdelt_irq_x_20150115 (785 mentions),224,gdelt_syr_irq_20150115,2015-01-15,day,conflict_escalation,GDELT candidate: military clash / attack involving Iraq (2015-01-15),"AUTO-HARVESTED, UNVERIFIED. GDELT recorded a military clash / attack (actors: Syria and Iraq), peak 40 mentions, 224 total across sampled files. Joe must verify the source and code severity/surprise before approval.",3,3,low,http://in.reuters.com/article/2015/01/15/mideast-crisis-airstrikes-idINKBN0KO1B520150115,country.iraq:location;commodity.brent:affected_market,candidate,gdelt,
reject,duplicate episode: within 35d of stronger candidate gdelt_irq_x_20180715 (904 mentions),224,gdelt_x_rus_20180715,2018-07-15,day,conflict_escalation,GDELT candidate: military clash / attack involving Russia (2018-07-15),"AUTO-HARVESTED, UNVERIFIED. GDELT recorded a military clash / attack (actors: Top Executive and Russian), peak 107 mentions, 224 total across sampled files. Joe must verify the source and code severity/surprise before approval.",3,3,low,https://www.upi.com/British-police-find-small-bottle-of-Novichok-in-victims-home/7201531589771/,country.russia:location;commodity.brent:affected_market,candidate,gdelt,
reject,duplicate episode: within 35d of stronger candidate gdelt_x_irn_20210115 (743 mentions),224,gdelt_irn_x_20210115,2021-01-15,day,sanctions,GDELT candidate: sanctions action involving Iran (2021-01-15),"AUTO-HARVESTED, UNVERIFIED. GDELT recorded a sanctions action (actors: Iran), peak 65 mentions, 224 total across sampled files. Joe must verify the source and code severity/surprise before approval.",3,3,low,https://www.liberationnews.org/pompeos-iran-al-qaeda-delusion/,country.iran:location;commodity.brent:affected_market,candidate,gdelt,
reject,duplicate episode: within 35d of stronger candidate gdelt_irq_x_20141015 (5152 mentions),223,gdelt_usa_sau_20141015,2014-10-15,day,conflict_escalation,GDELT candidate: military clash / attack involving Saudi Arabia (2014-10-15),"AUTO-HARVESTED, UNVERIFIED. GDELT recorded a military clash / attack (actors: United States and Riyadh), peak 48 mentions, 223 total across sampled files. Joe must verify the source and code severity/surprise before approval.",3,3,low,http://www.armytimes.com/article/20141014/NEWS/310140043/U-S-citizen-killed-by-gunman-in-Saudi-Arabia,country.saudi_arabia:location;commodity.brent:affected_market,candidate,gdelt,
reject,duplicate episode: within 35d of stronger candidate gdelt_irq_x_20141015 (5152 mentions),222,gdelt_irn_x_20141015,2014-10-15,day,sanctions,GDELT candidate: sanctions action involving Iran (2014-10-15),"AUTO-HARVESTED, UNVERIFIED. GDELT recorded a sanctions action (actors: Iran), peak 30 mentions, 222 total across sampled files. Joe must verify the source and code severity/surprise before approval.",3,3,low,https://www.zawya.com/story/European_shipping_lines_still_unable_to_resume_operation_in_Iran-ZAWYA20141015070016/,country.iran:location;commodity.brent:affected_market,candidate,gdelt,
reject,within 35d of existing event soleimani_strike_2020 (2020-01-03) - same episode,222,gdelt_irq_irq_20200115,2020-01-15,day,conflict_escalation,GDELT candidate: military clash / attack involving Iraq / Iraq (2020-01-15),"AUTO-HARVESTED, UNVERIFIED. GDELT recorded a military clash / attack (actors: Iraq and Baghdad), peak 30 mentions, 222 total across sampled files. Joe must verify the source and code severity/surprise before approval.",3,3,low,https://www.newsnation.in/world/news/iraq-rockets-hit-iraq-airbase-hosting-us-forces-250867.html,country.iraq:location;country.iraq:location;commodity.brent:affected_market,candidate,gdelt,
reject,duplicate episode: within 35d of stronger candidate gdelt_x_irn_20200715 (597 mentions),222,gdelt_x_rus_20200715,2020-07-15,day,conflict_escalation,GDELT candidate: military clash / attack involving Russia (2020-07-15),"AUTO-HARVESTED, UNVERIFIED. GDELT recorded a military clash / attack (actors: Government and Russia), peak 37 mentions, 222 total across sampled files. Joe must verify the source and code severity/surprise before approval.",3,3,low,https://www.msn.com/en-us/news/world/challenging-germany-us-opens-way-for-sanctions-on-russia-pipeline/ar-BB16MY4e,country.russia:location;commodity.brent:affected_market,candidate,gdelt,
reject,duplicate episode: within 35d of stronger candidate gdelt_x_lby_20131015 (1056 mentions),220,gdelt_lby_afr_20131015,2013-10-15,day,conflict_escalation,GDELT candidate: military clash / attack involving Libya (2013-10-15),"AUTO-HARVESTED, UNVERIFIED. GDELT recorded a military clash / attack (actors: Libyan and Africa), peak 174 mentions, 220 total across sampled files. Joe must verify the source and code severity/surprise before approval.",3,3,low,http://www.koamtv.com/story/23690767/as-gitmo-plods-obamas-winning-the-case-for-court,country.libya:location;commodity.brent:affected_market,candidate,gdelt,
reject,duplicate episode: within 35d of stronger candidate gdelt_irn_x_20150715 (6084 mentions),220,gdelt_gbr_irn_20150715,2015-07-15,day,sanctions,GDELT candidate: sanctions action involving Iran (2015-07-15),"AUTO-HARVESTED, UNVERIFIED. GDELT recorded a sanctions action (actors: United Kingdom and Tehran), peak 84 mentions, 220 total across sampled files. Joe must verify the source and code severity/surprise before approval.",3,3,low,http://www.i24news.tv/en/news/international/78500-150715-uk-s-hammond-says-israel-wants-permanent-stand-off-with-iran,country.iran:location;commodity.brent:affected_market,candidate,gdelt,
reject,duplicate episode: within 35d of stronger candidate gdelt_rus_x_20250115 (2948 mentions),220,gdelt_rus_ukr_20250108,2025-01-08,day,sanctions,GDELT candidate: sanctions action involving Russia (2025-01-08),"AUTO-HARVESTED, UNVERIFIED. GDELT recorded a sanctions action (actors: Russian and Ukraine), peak 176 mentions, 220 total across sampled files. Joe must verify the source and code severity/surprise before approval.",3,3,low,https://www.yahoo.com/news/us-steps-russia-sanctions-placing-153059536.html,country.russia:location;commodity.brent:affected_market,candidate,gdelt,
reject,duplicate episode: within 35d of stronger candidate gdelt_irq_x_20140115 (7785 mentions),219,gdelt_irq_irq_20140115,2014-01-15,day,conflict_escalation,GDELT candidate: military clash / attack involving Iraq / Iraq (2014-01-15),"AUTO-HARVESTED, UNVERIFIED. GDELT recorded a military clash / attack (actors: Baghdad and Iraqi), peak 72 mentions, 219 total across sampled files. Joe must verify the source and code severity/surprise before approval.",3,3,low,http://kdvr.com/2014/01/15/49-killed-in-latest-wave-of-iraq-attacks/,country.iraq:location;country.iraq:location;commodity.brent:affected_market,candidate,gdelt,
reject,duplicate episode: within 35d of stronger candidate gdelt_irq_x_20170415 (440 mentions),219,gdelt_irn_x_20170415,2017-04-15,day,sanctions,GDELT candidate: sanctions action involving Iran (2017-04-15),"AUTO-HARVESTED, UNVERIFIED. GDELT recorded a sanctions action (actors: Iranian), peak 48 mentions, 219 total across sampled files. Joe must verify the source and code severity/surprise before approval.",3,3,low,http://www.india.com/news/agencies/14-dead-in-iran-floods-2031333/,country.iran:location;commodity.brent:affected_market,candidate,gdelt,
reject,duplicate episode: within 35d of stronger candidate saudi_intervention_yemen_2015 (seed),218,gdelt_ukr_rus_20150415,2015-04-15,day,conflict_escalation,GDELT candidate: military clash / attack involving Russia (2015-04-15),"AUTO-HARVESTED, UNVERIFIED. GDELT recorded a military clash / attack (actors: Ukraine and Russia), peak 90 mentions, 218 total across sampled files. Joe must verify the source and code severity/surprise before approval.",3,3,low,http://www.kfdm.com/template/inews_wire/wires.international/3e2ed8b9-www.kfdm.com.shtml,country.russia:location;commodity.brent:affected_market,candidate,gdelt,
reject,within 35d of existing event iran_sanctions_reimposed_2018 (2018-05-08) - same episode,217,gdelt_irn_x_20180415,2018-04-15,day,conflict_escalation,GDELT candidate: military clash / attack involving Iran (2018-04-15),"AUTO-HARVESTED, UNVERIFIED. GDELT recorded a military clash / attack (actors: Iran), peak 33 mentions, 217 total across sampled files. Joe must verify the source and code severity/surprise before approval.",3,3,low,https://www.sfgate.com/news/politics/article/President-Trump-s-address-regarding-airstrikes-on-12833486.php,country.iran:location;commodity.brent:affected_market,candidate,gdelt,
reject,duplicate episode: within 35d of stronger candidate gdelt_irq_x_20141015 (5152 mentions),216,gdelt_rus_ukr_20141015,2014-10-15,day,sanctions,GDELT candidate: sanctions action involving Russia (2014-10-15),"AUTO-HARVESTED, UNVERIFIED. GDELT recorded a sanctions action (actors: Russian and Ukraine), peak 70 mentions, 216 total across sampled files. Joe must verify the source and code severity/surprise before approval.",3,3,low,http://www.themoscowtimes.com/business/article/swiss-investment-banks-pushing-out-russian-clients-report/539206.html,country.russia:location;commodity.brent:affected_market,candidate,gdelt,
reject,duplicate episode: within 35d of stronger candidate gdelt_irq_x_20180115 (1888 mentions),216,gdelt_sau_usa_20180115,2018-01-15,day,conflict_escalation,GDELT candidate: military clash / attack involving Saudi Arabia (2018-01-15),"AUTO-HARVESTED, UNVERIFIED. GDELT recorded a military clash / attack (actors: Medina and Ohio), peak 216 mentions, 216 total across sampled files. Joe must verify the source and code severity/surprise before approval.",3,3,low,https://www.khits.com/news/national/bride-to-be-claims-medina-photographer-fat-shamed-her-and-fiance,country.saudi_arabia:location;commodity.brent:affected_market,candidate,gdelt,
reject,duplicate episode: within 35d of stronger candidate israel_iran_war_2025 (seed),216,gdelt_irn_isr_20250715,2025-07-15,day,conflict_escalation,GDELT candidate: military clash / attack involving Iran (2025-07-15),"AUTO-HARVESTED, UNVERIFIED. GDELT recorded a military clash / attack (actors: Iran and Israel), peak 48 mentions, 216 total across sampled files. Joe must verify the source and code severity/surprise before approval.",3,3,low,http://www.bignewsnetwork.com/news/278445239/iran-says-open-to-negotiations-provided-us-respects-its-red-lines,country.iran:location;commodity.brent:affected_market,candidate,gdelt,
reject,duplicate episode: within 35d of stronger candidate gdelt_x_lby_20131015 (1056 mentions),215,gdelt_rus_rus_20131015,2013-10-15,day,conflict_escalation,GDELT candidate: military clash / attack involving Russia / Russia (2013-10-15),"AUTO-HARVESTED, UNVERIFIED. GDELT recorded a military clash / attack (actors: Russian and Russia), peak 72 mentions, 215 total across sampled files. Joe must verify the source and code severity/surprise before approval.",3,3,low,http://uk.reuters.com/article/2013/10/15/uk-russia-diplomat-beating-idUKBRE99E16R20131015?feedType=RSS&feedName=worldNews&utm_source=feedburner&utm_medium=feed&utm_campaign=Feed%3A+Reuters%2FUKWorldNews+%28News+%2F+UK+%2F+World+News%29,country.russia:location;country.russia:location;commodity.brent:affected_market,candidate,gdelt,
reject,duplicate episode: within 35d of stronger candidate gdelt_irq_x_20170115 (1967 mentions),215,gdelt_sau_yem_20170115,2017-01-15,day,conflict_escalation,GDELT candidate: military clash / attack involving Saudi Arabia (2017-01-15),"AUTO-HARVESTED, UNVERIFIED. GDELT recorded a military clash / attack (actors: Saudi and Yemeni), peak 38 mentions, 215 total across sampled files. Joe must verify the source and code severity/surprise before approval.",3,3,low,http://presstv.com/Detail/2017/01/15/506272/Yemen-Saudi-Arabia-Jawf-Army-Ansarullah-Najran,country.saudi_arabia:location;commodity.brent:affected_market,candidate,gdelt,
reject,duplicate episode: within 35d of stronger candidate israel_iran_war_2025 (seed),215,gdelt_irn_x_20250715,2025-07-15,day,conflict_escalation,GDELT candidate: military clash / attack involving Iran (2025-07-15),"AUTO-HARVESTED, UNVERIFIED. GDELT recorded a military clash / attack (actors: Iran and Military), peak 54 mentions, 215 total across sampled files. Joe must verify the source and code severity/surprise before approval.",3,3,low,https://www.arabnews.com/node/2608139/middle-east,country.iran:location;commodity.brent:affected_market,candidate,gdelt,
reject,duplicate episode: within 35d of stronger candidate gdelt_rus_x_20151015 (4926 mentions),214,gdelt_usa_rus_20151015,2015-10-15,day,conflict_escalation,GDELT candidate: military clash / attack involving Russia (2015-10-15),"AUTO-HARVESTED, UNVERIFIED. GDELT recorded a military clash / attack (actors: The Us and Russia), peak 160 mentions, 214 total across sampled files. Joe must verify the source and code severity/surprise before approval.",3,3,low,http://news.yahoo.com/russias-air-war-syria-game-changer-us-experts-234525806.html,country.russia:location;commodity.brent:affected_market,candidate,gdelt,
reject,within 35d of existing event covid_pandemic_declared_2020 (2020-03-11) - same episode,214,gdelt_rus_x_20200415,2020-04-15,day,conflict_escalation,GDELT candidate: military clash / attack involving Russia (2020-04-15),"AUTO-HARVESTED, UNVERIFIED. GDELT recorded a military clash / attack (actors: Russia), peak 58 mentions, 214 total across sampled files. Joe must verify the source and code severity/surprise before approval.",3,3,low,http://freerepublic.com/focus/f-news/3835483/posts,country.russia:location;commodity.brent:affected_market,candidate,gdelt,
reject,duplicate episode: within 35d of stronger candidate gdelt_x_irq_20161015 (5849 mentions),213,gdelt_tur_rus_20161015,2016-10-15,day,conflict_escalation,GDELT candidate: military clash / attack involving Russia (2016-10-15),"AUTO-HARVESTED, UNVERIFIED. GDELT recorded a military clash / attack (actors: Turk and Russia), peak 95 mentions, 213 total across sampled files. Joe must verify the source and code severity/surprise before approval.",3,3,low,http://www.israelherald.com/index.php/sid/248565813,country.russia:location;commodity.brent:affected_market,candidate,gdelt,
reject,within 35d of existing event nord_stream_sabotage_2022 (2022-09-26) - same episode,213,gdelt_rus_rus_20221015,2022-10-15,day,conflict_escalation,GDELT candidate: military clash / attack involving Russia / Russia (2022-10-15),"AUTO-HARVESTED, UNVERIFIED. GDELT recorded a military clash / attack (actors: Russian and Russia), peak 30 mentions, 213 total across sampled files. Joe must verify the source and code severity/surprise before approval.",3,3,low,http://www.msn.com/en-us/news/world/biden-s-prisoner-swaps-are-setting-a-terrible-precedent/ar-AA12Z2vJ,country.russia:location;country.russia:location;commodity.brent:affected_market,candidate,gdelt,
reject,duplicate episode: within 35d of stronger candidate israel_iran_war_2025 (seed),213,gdelt_x_irn_20250715,2025-07-15,day,conflict_escalation,GDELT candidate: military clash / attack involving Iran (2025-07-15),"AUTO-HARVESTED, UNVERIFIED. GDELT recorded a military clash / attack (actors: Iranian), peak 30 mentions, 213 total across sampled files. Joe must verify the source and code severity/surprise before approval.",3,3,low,https://santamariatimes.com/opinion/editorial/now-is-the-moment-to-capitalize-for-a-safer-middle-east-guest-editorial/article_d4ab539d-6ef2-4b13-921a-87f0f61634f2.html,country.iran:location;commodity.brent:affected_market,candidate,gdelt,
reject,duplicate episode: within 35d of stronger candidate gdelt_x_lby_20140415 (1795 mentions),212,gdelt_lby_afr_20140415,2014-04-15,day,conflict_escalation,GDELT candidate: military clash / attack involving Libya (2014-04-15),"AUTO-HARVESTED, UNVERIFIED. GDELT recorded a military clash / attack (actors: Tripoli and Africa), peak 179 mentions, 212 total across sampled files. Joe must verify the source and code severity/surprise before approval.",3,3,low,http://www.timesofisrael.com/gunmen-nab-jordanian-envoy-in-libya/,country.libya:location;commodity.brent:affected_market,candidate,gdelt,
reject,within 35d of existing event nord_stream_sabotage_2022 (2022-09-26) - same episode,212,gdelt_rus_usa_20221015,2022-10-15,day,conflict_escalation,GDELT candidate: military clash / attack involving Russia (2022-10-15),"AUTO-HARVESTED, UNVERIFIED. GDELT recorded a military clash / attack (actors: Russian and United States), peak 112 mentions, 212 total across sampled files. Joe must verify the source and code severity/surprise before approval.",3,3,low,https://www.nigeriasun.com/news/272924190/us-announces-additional-usd-725-million-military-assistance-to-ukraine,country.russia:location;commodity.brent:affected_market,candidate,gdelt,
reject,duplicate episode: within 35d of stronger candidate gdelt_x_lby_20140415 (1795 mentions),211,gdelt_irn_x_20140415,2014-04-15,day,sanctions,GDELT candidate: sanctions action involving Iran (2014-04-15),"AUTO-HARVESTED, UNVERIFIED. GDELT recorded a sanctions action (actors: Iran), peak 48 mentions, 211 total across sampled files. Joe must verify the source and code severity/surprise before approval.",3,3,low,http://www.kcra.com/national/Iranian-woman-awaits-execution/25483712,country.iran:location;commodity.brent:affected_market,candidate,gdelt,
reject,duplicate episode: within 35d of stronger candidate gdelt_usa_sau_20181015 (7014 mentions),211,gdelt_x_irq_20181015,2018-10-15,day,conflict_escalation,GDELT candidate: military clash / attack involving Iraq (2018-10-15),"AUTO-HARVESTED, UNVERIFIED. GDELT recorded a military clash / attack (actors: Air Force and Iraqi), peak 62 mentions, 211 total across sampled files. Joe must verify the source and code severity/surprise before approval.",3,3,low,https://www.sunherald.com/news/politics-government/national-politics/article220024315.html,country.iraq:location;commodity.brent:affected_market,candidate,gdelt,
reject,duplicate episode: within 35d of stronger candidate gdelt_rus_x_20220115 (423 mentions),211,gdelt_irn_x_20220115,2022-01-15,day,conflict_escalation,GDELT candidate: military clash / attack involving Iran (2022-01-15),"AUTO-HARVESTED, UNVERIFIED. GDELT recorded a military clash / attack (actors: Iran), peak 50 mentions, 211 total across sampled files. Joe must verify the source and code severity/surprise before approval.",3,3,low,https://www.jpost.com/middle-east/iran-news/article-692595,country.iran:location;commodity.brent:affected_market,candidate,gdelt,
reject,within 35d of existing event israel_hamas_war_2023 (2023-10-07) - same episode,211,gdelt_isr_irn_20231015,2023-10-15,day,conflict_escalation,GDELT candidate: military clash / attack involving Iran (2023-10-15),"AUTO-HARVESTED, UNVERIFIED. GDELT recorded a military clash / attack (actors: Israel and Iran), peak 34 mentions, 211 total across sampled files. Joe must verify the source and code severity/surprise before approval.",3,3,low,https://www.france24.com/en/live-news/20231015-fears-mount-that-israel-hamas-war-could-spark-wider-conflict,country.iran:location;commodity.brent:affected_market,candidate,gdelt,
reject,within 35d of existing event soleimani_strike_2020 (2020-01-03) - same episode,210,gdelt_irn_usa_20200108,2020-01-08,day,conflict_escalation,GDELT candidate: military clash / attack involving Iran (2020-01-08),"AUTO-HARVESTED, UNVERIFIED. GDELT recorded a military clash / attack (actors: Iranian and United States), peak 198 mentions, 210 total across sampled files. Joe must verify the source and code severity/surprise before approval.",3,3,low,https://www.ibtimes.com/irans-rouhani-urges-unity-after-plane-protests-2902926,country.iran:location;commodity.brent:affected_market,candidate,gdelt,
reject,within 35d of existing event suez_ever_given_2021 (2021-03-23) - same episode,210,gdelt_sau_usa_20210415,2021-04-15,day,conflict_escalation,GDELT candidate: military clash / attack involving Saudi Arabia (2021-04-15),"AUTO-HARVESTED, UNVERIFIED. GDELT recorded a military clash / attack (actors: Saudi and Washington), peak 168 mentions, 210 total across sampled files. Joe must verify the source and code severity/surprise before approval.",3,3,low,https://www.seattlepi.com/news/article/Ambassador-UAE-played-part-in-India-Pakistan-16102799.php,country.saudi_arabia:location;commodity.brent:affected_market,candidate,gdelt,
reject,duplicate episode: within 35d of stronger candidate gdelt_x_rus_20210715 (338 mentions),210,gdelt_irn_x_20210715,2021-07-15,day,sanctions,GDELT candidate: sanctions action involving Iran (2021-07-15),"AUTO-HARVESTED, UNVERIFIED. GDELT recorded a sanctions action (actors: Iran), peak 70 mentions, 210 total across sampled files. Joe must verify the source and code severity/surprise before approval.",3,3,low,http://www.xinhuanet.com/english/2021-07/15/c_1310063312.htm,country.iran:location;commodity.brent:affected_market,candidate,gdelt,
reject,duplicate episode: within 35d of stronger candidate gdelt_irn_x_20150715 (6084 mentions),209,gdelt_isr_irn_20150715,2015-07-15,day,conflict_escalation,GDELT candidate: military clash / attack involving Iran (2015-07-15),"AUTO-HARVESTED, UNVERIFIED. GDELT recorded a military clash / attack (actors: Israel and Iran), peak 36 mentions, 209 total across sampled files. Joe must verify the source and code severity/surprise before approval.",3,3,low,http://www.aol.com/article/2015/07/14/embattled-israeli-leader-faces-tough-task-fighting-nuke-deal/21209325/,country.iran:location;commodity.brent:affected_market,candidate,gdelt,
reject,duplicate episode: within 35d of stronger candidate gdelt_irn_x_20150715 (6084 mentions),209,gdelt_yem_irn_20150715,2015-07-15,day,conflict_escalation,GDELT candidate: military clash / attack involving Iran (2015-07-15),"AUTO-HARVESTED, UNVERIFIED. GDELT recorded a military clash / attack (actors: Yemen and Iran), peak 63 mentions, 209 total across sampled files. Joe must verify the source and code severity/surprise before approval.",3,3,low,http://www.ngrguardiannews.com/2015/07/loyalists-advance-in-yemens-aden/,country.iran:location;commodity.brent:affected_market,candidate,gdelt,
reject,duplicate episode: within 35d of stronger candidate gdelt_rus_x_20240715 (895 mentions),209,gdelt_x_rus_20240715,2024-07-15,day,conflict_escalation,GDELT candidate: military clash / attack involving Russia (2024-07-15),"AUTO-HARVESTED, UNVERIFIED. GDELT recorded a military clash / attack (actors: Infantry and Russian), peak 28 mentions, 209 total across sampled files. Joe must verify the source and code severity/surprise before approval.",3,3,low,https://dailytrust.com/tinubu-other-world-leaders-react-to-trump-rally-shooting/,country.russia:location;commodity.brent:affected_market,candidate,gdelt,
reject,duplicate episode: within 35d of stronger candidate gdelt_x_irn_20200715 (597 mentions),208,gdelt_x_lby_20200715,2020-07-15,day,conflict_escalation,GDELT candidate: military clash / attack involving Libya (2020-07-15),"AUTO-HARVESTED, UNVERIFIED. GDELT recorded a military clash / attack (actors: Libya), peak 121 mentions, 208 total across sampled files. Joe must verify the source and code severity/surprise before approval.",3,3,low,http://www.gdnonline.com/Details/837708,country.libya:location;commodity.brent:affected_market,candidate,gdelt,
reject,duplicate episode: within 35d of stronger candidate gdelt_rus_x_20220115 (423 mentions),208,gdelt_irq_x_20220115,2022-01-15,day,conflict_escalation,GDELT candidate: military clash / attack involving Iraq (2022-01-15),"AUTO-HARVESTED, UNVERIFIED. GDELT recorded a military clash / attack (actors: Iraqi), peak 80 mentions, 208 total across sampled files. Joe must verify the source and code severity/surprise before approval.",3,3,low,http://www.china.org.cn/world/Off_the_Wire/2022-01/15/content_77991482.htm,country.iraq:location;commodity.brent:affected_market,candidate,gdelt,
reject,duplicate episode: within 35d of stronger candidate saudi_intervention_yemen_2015 (seed),207,gdelt_usa_irn_20150415,2015-04-15,day,sanctions,GDELT candidate: sanctions action involving Iran (2015-04-15),"AUTO-HARVESTED, UNVERIFIED. GDELT recorded a sanctions action (actors: The Us and Iran), peak 83 mentions, 207 total across sampled files. Joe must verify the source and code severity/surprise before approval.",3,3,low,http://news.yahoo.com/iraq-pm-says-yemen-could-stoke-regional-war-183322385--business.html,country.iran:location;commodity.brent:affected_market,candidate,gdelt,
reject,duplicate episode: within 35d of stronger candidate gdelt_lby_usa_20160115 (3400 mentions),207,gdelt_tur_rus_20160115,2016-01-15,day,conflict_escalation,GDELT candidate: military clash / attack involving Russia (2016-01-15),"AUTO-HARVESTED, UNVERIFIED. GDELT recorded a military clash / attack (actors: Turkish and Russian), peak 36 mentions, 207 total across sampled files. Joe must verify the source and code severity/surprise before approval.",3,3,low,http://www.themoscowtimes.com/article/555871.html,country.russia:location;commodity.brent:affected_market,candidate,gdelt,
reject,duplicate episode: within 35d of stronger candidate saudi_intervention_yemen_2015 (seed),206,gdelt_irn_usa_20150415,2015-04-15,day,conflict_escalation,GDELT candidate: military clash / attack involving Iran (2015-04-15),"AUTO-HARVESTED, UNVERIFIED. GDELT recorded a military clash / attack (actors: Iran and United States), peak 83 mentions, 206 total across sampled files. Joe must verify the source and code severity/surprise before approval.",3,3,low,http://news.yahoo.com/iraq-pm-says-yemen-could-stoke-regional-war-183322385--business.html,country.iran:location;commodity.brent:affected_market,candidate,gdelt,
reject,duplicate episode: within 35d of stronger candidate gdelt_rus_syr_20160415 (1112 mentions),206,gdelt_tur_rus_20160415,2016-04-15,day,conflict_escalation,GDELT candidate: military clash / attack involving Russia (2016-04-15),"AUTO-HARVESTED, UNVERIFIED. GDELT recorded a military clash / attack (actors: Turkey and Russian), peak 38 mentions, 206 total across sampled files. Joe must verify the source and code severity/surprise before approval.",3,3,low,http://www.rferl.org/content/turkey-sputnik-russia-website-blocked/27676552.html,country.russia:location;commodity.brent:affected_market,candidate,gdelt,
reject,duplicate episode: within 35d of stronger candidate gdelt_rus_x_20211015 (432 mentions),206,gdelt_irn_x_20211015,2021-10-15,day,sanctions,GDELT candidate: sanctions action involving Iran (2021-10-15),"AUTO-HARVESTED, UNVERIFIED. GDELT recorded a sanctions action (actors: Iran), peak 28 mentions, 206 total across sampled files. Joe must verify the source and code severity/surprise before approval.",3,3,low,https://www.arabherald.com/news/271493768/powerful-war-photos-reveal-life-love-and-dancing-behind-syrian-ruins,country.iran:location;commodity.brent:affected_market,candidate,gdelt,
reject,duplicate episode: within 35d of stronger candidate gdelt_rus_x_20250115 (2948 mentions),205,gdelt_irq_x_20250115,2025-01-15,day,conflict_escalation,GDELT candidate: military clash / attack involving Iraq (2025-01-15),"AUTO-HARVESTED, UNVERIFIED. GDELT recorded a military clash / attack (actors: Iraq), peak 49 mentions, 205 total across sampled files. Joe must verify the source and code severity/surprise before approval.",3,3,low,https://www.nbcdfw.com/news/national-international/iran-never-plotted-to-kill-trump-during-campaign-irans-president-tells-nbc-news/3741190/,country.iraq:location;commodity.brent:affected_market,candidate,gdelt,
reject,duplicate episode: within 35d of stronger candidate gdelt_lby_x_20140715 (2020 mentions),204,gdelt_sau_x_20140715,2014-07-15,day,conflict_escalation,GDELT candidate: military clash / attack involving Saudi Arabia (2014-07-15),"AUTO-HARVESTED, UNVERIFIED. GDELT recorded a military clash / attack (actors: Saudi), peak 130 mentions, 204 total across sampled files. Joe must verify the source and code severity/surprise before approval.",3,3,low,http://www.foxnews.com/us/2014/07/15/woman-pleads-not-guilty-in-alleged-scheme-to-extort-saudi-sheik-through-rape/,country.saudi_arabia:location;commodity.brent:affected_market,candidate,gdelt,
reject,duplicate episode: within 35d of stronger candidate gdelt_rus_x_20151015 (4926 mentions),203,gdelt_x_sau_20151015,2015-10-15,day,conflict_escalation,GDELT candidate: military clash / attack involving Saudi Arabia (2015-10-15),"AUTO-HARVESTED, UNVERIFIED. GDELT recorded a military clash / attack (actors: Makkah), peak 62 mentions, 203 total across sampled files. Joe must verify the source and code severity/surprise before approval.",3,3,low,http://www.almanar.com.lb/english/adetails.php?eid=234265&frid=23&seccatid=31&cid=23&fromval=1,country.saudi_arabia:location;commodity.brent:affected_market,candidate,gdelt,
reject,within 35d of existing event abqaiq_attack_2019 (2019-09-14) - same episode,203,gdelt_syr_rus_20191015,2019-10-15,day,conflict_escalation,GDELT candidate: military clash / attack involving Russia (2019-10-15),"AUTO-HARVESTED, UNVERIFIED. GDELT recorded a military clash / attack (actors: Syria and Russia), peak 36 mentions, 203 total across sampled files. Joe must verify the source and code severity/surprise before approval.",3,3,low,https://wcfcourier.com/news/national/us-pullout-from-syria-leaves-a-major-prize-for-its/article_e62b86ae-b019-52f7-988d-a1ec2b417aef.html,country.russia:location;commodity.brent:affected_market,candidate,gdelt,
reject,duplicate episode: within 35d of stronger candidate gdelt_irq_x_20170415 (440 mentions),202,gdelt_pak_irn_20170415,2017-04-15,day,conflict_escalation,GDELT candidate: military clash / attack involving Iran (2017-04-15),"AUTO-HARVESTED, UNVERIFIED. GDELT recorded a military clash / attack (actors: Pakistan and Iran), peak 72 mentions, 202 total across sampled files. Joe must verify the source and code severity/surprise before approval.",3,3,low,http://www.dayafterindia.com/2017/04/15/pakistan-claims-to-arrest-three-raw-agents/,country.iran:location;commodity.brent:affected_market,candidate,gdelt,
